"ID","sample1","sample2","sample3","sample4","sample5","sample6","sample1_desc","sample2_desc","sample3_desc","sample4_desc","sample5_desc","sample6_desc","img_base_url"
1,"SOY_LIQ","DAIRY_LIQ","DAIRY_SOLID","SOY_SEMI","SOY_SOLID","DAIRY_SEMI","<strong>Soy milk</strong><br><br>This product is a liquid, soy-based food product made from soybeans. It has a uniform, liquid consistency and can be poured and drunk. The product is typically consumed cold or at room temperature.","<strong>Cow’s milk</strong><br><br>This product is a liquid, dairy-based food product made from cow’s milk. It has a uniform, liquid consistency and can be poured and drunk. The product is typically consumed cold or at room temperature.","<strong>Cheese from cow’s milk</strong><br><br>This product is a firm dairy-based food product made from cow’s milk. Often known as cheese for pizza. When heated it has a smooth, creamy to chewy, elastic consistency. The product is typically consumed warm or at room temperature.","<strong>Douhua</strong><br><br>This product is a soft, firm, soy-based food product made from coagulated soymilk. It has a soft, firm consistency that holds its shape but can be easily divided with a spoon. The product is typically consumed cold or warm.","<strong>Yuba (tofu skin)</strong><br><br>This product is a rubbery, firm, soy-based food product made from coagulated soy milk. It has a rubbery, firm consistency that holds its shape, and are easy to chew. The product is typically consumed warm.","<strong>Yoghurt from cow’s milk</strong><br><br>This product is a creamy, dairy-based food product made from fermented cow’s milk. It has a creamy consistency and can be eaten with a spoon. The product is typically consumed cold.","https://raw.githubusercontent.com/HjorthenA/SoyDairyProducts/main/"
2,"DAIRY_LIQ","SOY_SEMI","SOY_LIQ","DAIRY_SEMI","DAIRY_SOLID","SOY_SOLID","<strong>Cow’s milk</strong><br><br>This product is a liquid, dairy-based food product made from cow’s milk. It has a uniform, liquid consistency and can be poured and drunk. The product is typically consumed cold or at room temperature.","<strong>Douhua</strong><br><br>This product is a soft, firm, soy-based food product made from coagulated soymilk. It has a soft, firm consistency that holds its shape but can be easily divided with a spoon. The product is typically consumed cold or warm.","<strong>Soy milk</strong><br><br>This product is a liquid, soy-based food product made from soybeans. It has a uniform, liquid consistency and can be poured and drunk. The product is typically consumed cold or at room temperature.","<strong>Yoghurt from cow’s milk</strong><br><br>This product is a creamy, dairy-based food product made from fermented cow’s milk. It has a creamy consistency and can be eaten with a spoon. The product is typically consumed cold.","<strong>Cheese from cow’s milk</strong><br><br>This product is a firm dairy-based food product made from cow’s milk. Often known as cheese for pizza. When heated it has a smooth, creamy to chewy, elastic consistency. The product is typically consumed warm or at room temperature.","<strong>Yuba (tofu skin)</strong><br><br>This product is a rubbery, firm, soy-based food product made from coagulated soy milk. It has a rubbery, firm consistency that holds its shape, and are easy to chew. The product is typically consumed warm.","https://raw.githubusercontent.com/HjorthenA/SoyDairyProducts/main/"
3,"SOY_SEMI","DAIRY_SEMI","DAIRY_LIQ","SOY_SOLID","SOY_LIQ","DAIRY_SOLID","<strong>Douhua</strong><br><br>This product is a soft, firm, soy-based food product made from coagulated soymilk. It has a soft, firm consistency that holds its shape but can be easily divided with a spoon. The product is typically consumed cold or warm.","<strong>Yoghurt from cow’s milk</strong><br><br>This product is a creamy, dairy-based food product made from fermented cow’s milk. It has a creamy consistency and can be eaten with a spoon. The product is typically consumed cold.","<strong>Cow’s milk</strong><br><br>This product is a liquid, dairy-based food product made from cow’s milk. It has a uniform, liquid consistency and can be poured and drunk. The product is typically consumed cold or at room temperature.","<strong>Yuba (tofu skin)</strong><br><br>This product is a rubbery, firm, soy-based food product made from coagulated soy milk. It has a rubbery, firm consistency that holds its shape, and are easy to chew. The product is typically consumed warm.","<strong>Soy milk</strong><br><br>This product is a liquid, soy-based food product made from soybeans. It has a uniform, liquid consistency and can be poured and drunk. The product is typically consumed cold or at room temperature.","<strong>Cheese from cow’s milk</strong><br><br>This product is a firm dairy-based food product made from cow’s milk. Often known as cheese for pizza. When heated it has a smooth, creamy to chewy, elastic consistency. The product is typically consumed warm or at room temperature.","https://raw.githubusercontent.com/HjorthenA/SoyDairyProducts/main/"
4,"DAIRY_SEMI","SOY_SOLID","SOY_SEMI","DAIRY_SOLID","DAIRY_LIQ","SOY_LIQ","<strong>Yoghurt from cow’s milk</strong><br><br>This product is a creamy, dairy-based food product made from fermented cow’s milk. It has a creamy consistency and can be eaten with a spoon. The product is typically consumed cold.","<strong>Yuba (tofu skin)</strong><br><br>This product is a rubbery, firm, soy-based food product made from coagulated soy milk. It has a rubbery, firm consistency that holds its shape, and are easy to chew. The product is typically consumed warm.","<strong>Douhua</strong><br><br>This product is a soft, firm, soy-based food product made from coagulated soymilk. It has a soft, firm consistency that holds its shape but can be easily divided with a spoon. The product is typically consumed cold or warm.","<strong>Cheese from cow’s milk</strong><br><br>This product is a firm dairy-based food product made from cow’s milk. Often known as cheese for pizza. When heated it has a smooth, creamy to chewy, elastic consistency. The product is typically consumed warm or at room temperature.","<strong>Cow’s milk</strong><br><br>This product is a liquid, dairy-based food product made from cow’s milk. It has a uniform, liquid consistency and can be poured and drunk. The product is typically consumed cold or at room temperature.","<strong>Soy milk</strong><br><br>This product is a liquid, soy-based food product made from soybeans. It has a uniform, liquid consistency and can be poured and drunk. The product is typically consumed cold or at room temperature.","https://raw.githubusercontent.com/HjorthenA/SoyDairyProducts/main/"
5,"SOY_SOLID","DAIRY_SOLID","DAIRY_SEMI","SOY_LIQ","SOY_SEMI","DAIRY_LIQ","<strong>Yuba (tofu skin)</strong><br><br>This product is a rubbery, firm, soy-based food product made from coagulated soy milk. It has a rubbery, firm consistency that holds its shape, and are easy to chew. The product is typically consumed warm.","<strong>Cheese from cow’s milk</strong><br><br>This product is a firm dairy-based food product made from cow’s milk. Often known as cheese for pizza. When heated it has a smooth, creamy to chewy, elastic consistency. The product is typically consumed warm or at room temperature.","<strong>Yoghurt from cow’s milk</strong><br><br>This product is a creamy, dairy-based food product made from fermented cow’s milk. It has a creamy consistency and can be eaten with a spoon. The product is typically consumed cold.","<strong>Soy milk</strong><br><br>This product is a liquid, soy-based food product made from soybeans. It has a uniform, liquid consistency and can be poured and drunk. The product is typically consumed cold or at room temperature.","<strong>Douhua</strong><br><br>This product is a soft, firm, soy-based food product made from coagulated soymilk. It has a soft, firm consistency that holds its shape but can be easily divided with a spoon. The product is typically consumed cold or warm.","<strong>Cow’s milk</strong><br><br>This product is a liquid, dairy-based food product made from cow’s milk. It has a uniform, liquid consistency and can be poured and drunk. The product is typically consumed cold or at room temperature.","https://raw.githubusercontent.com/HjorthenA/SoyDairyProducts/main/"
6,"DAIRY_SOLID","SOY_LIQ","SOY_SOLID","DAIRY_LIQ","DAIRY_SEMI","SOY_SEMI","<strong>Cheese from cow’s milk</strong><br><br>This product is a firm dairy-based food product made from cow’s milk. Often known as cheese for pizza. When heated it has a smooth, creamy to chewy, elastic consistency. The product is typically consumed warm or at room temperature.","<strong>Soy milk</strong><br><br>This product is a liquid, soy-based food product made from soybeans. It has a uniform, liquid consistency and can be poured and drunk. The product is typically consumed cold or at room temperature.","<strong>Yuba (tofu skin)</strong><br><br>This product is a rubbery, firm, soy-based food product made from coagulated soy milk. It has a rubbery, firm consistency that holds its shape, and are easy to chew. The product is typically consumed warm.","<strong>Cow’s milk</strong><br><br>This product is a liquid, dairy-based food product made from cow’s milk. It has a uniform, liquid consistency and can be poured and drunk. The product is typically consumed cold or at room temperature.","<strong>Yoghurt from cow’s milk</strong><br><br>This product is a creamy, dairy-based food product made from fermented cow’s milk. It has a creamy consistency and can be eaten with a spoon. The product is typically consumed cold.","<strong>Douhua</strong><br><br>This product is a soft, firm, soy-based food product made from coagulated soymilk. It has a soft, firm consistency that holds its shape but can be easily divided with a spoon. The product is typically consumed cold or warm.","https://raw.githubusercontent.com/HjorthenA/SoyDairyProducts/main/"
7,"SOY_LIQ","DAIRY_LIQ","DAIRY_SOLID","SOY_SEMI","SOY_SOLID","DAIRY_SEMI","<strong>Soy milk</strong><br><br>This product is a liquid, soy-based food product made from soybeans. It has a uniform, liquid consistency and can be poured and drunk. The product is typically consumed cold or at room temperature.","<strong>Cow’s milk</strong><br><br>This product is a liquid, dairy-based food product made from cow’s milk. It has a uniform, liquid consistency and can be poured and drunk. The product is typically consumed cold or at room temperature.","<strong>Cheese from cow’s milk</strong><br><br>This product is a firm dairy-based food product made from cow’s milk. Often known as cheese for pizza. When heated it has a smooth, creamy to chewy, elastic consistency. The product is typically consumed warm or at room temperature.","<strong>Douhua</strong><br><br>This product is a soft, firm, soy-based food product made from coagulated soymilk. It has a soft, firm consistency that holds its shape but can be easily divided with a spoon. The product is typically consumed cold or warm.","<strong>Yuba (tofu skin)</strong><br><br>This product is a rubbery, firm, soy-based food product made from coagulated soy milk. It has a rubbery, firm consistency that holds its shape, and are easy to chew. The product is typically consumed warm.","<strong>Yoghurt from cow’s milk</strong><br><br>This product is a creamy, dairy-based food product made from fermented cow’s milk. It has a creamy consistency and can be eaten with a spoon. The product is typically consumed cold.","https://raw.githubusercontent.com/HjorthenA/SoyDairyProducts/main/"
8,"DAIRY_LIQ","SOY_SEMI","SOY_LIQ","DAIRY_SEMI","DAIRY_SOLID","SOY_SOLID","<strong>Cow’s milk</strong><br><br>This product is a liquid, dairy-based food product made from cow’s milk. It has a uniform, liquid consistency and can be poured and drunk. The product is typically consumed cold or at room temperature.","<strong>Douhua</strong><br><br>This product is a soft, firm, soy-based food product made from coagulated soymilk. It has a soft, firm consistency that holds its shape but can be easily divided with a spoon. The product is typically consumed cold or warm.","<strong>Soy milk</strong><br><br>This product is a liquid, soy-based food product made from soybeans. It has a uniform, liquid consistency and can be poured and drunk. The product is typically consumed cold or at room temperature.","<strong>Yoghurt from cow’s milk</strong><br><br>This product is a creamy, dairy-based food product made from fermented cow’s milk. It has a creamy consistency and can be eaten with a spoon. The product is typically consumed cold.","<strong>Cheese from cow’s milk</strong><br><br>This product is a firm dairy-based food product made from cow’s milk. Often known as cheese for pizza. When heated it has a smooth, creamy to chewy, elastic consistency. The product is typically consumed warm or at room temperature.","<strong>Yuba (tofu skin)</strong><br><br>This product is a rubbery, firm, soy-based food product made from coagulated soy milk. It has a rubbery, firm consistency that holds its shape, and are easy to chew. The product is typically consumed warm.","https://raw.githubusercontent.com/HjorthenA/SoyDairyProducts/main/"
9,"SOY_SEMI","DAIRY_SEMI","DAIRY_LIQ","SOY_SOLID","SOY_LIQ","DAIRY_SOLID","<strong>Douhua</strong><br><br>This product is a soft, firm, soy-based food product made from coagulated soymilk. It has a soft, firm consistency that holds its shape but can be easily divided with a spoon. The product is typically consumed cold or warm.","<strong>Yoghurt from cow’s milk</strong><br><br>This product is a creamy, dairy-based food product made from fermented cow’s milk. It has a creamy consistency and can be eaten with a spoon. The product is typically consumed cold.","<strong>Cow’s milk</strong><br><br>This product is a liquid, dairy-based food product made from cow’s milk. It has a uniform, liquid consistency and can be poured and drunk. The product is typically consumed cold or at room temperature.","<strong>Yuba (tofu skin)</strong><br><br>This product is a rubbery, firm, soy-based food product made from coagulated soy milk. It has a rubbery, firm consistency that holds its shape, and are easy to chew. The product is typically consumed warm.","<strong>Soy milk</strong><br><br>This product is a liquid, soy-based food product made from soybeans. It has a uniform, liquid consistency and can be poured and drunk. The product is typically consumed cold or at room temperature.","<strong>Cheese from cow’s milk</strong><br><br>This product is a firm dairy-based food product made from cow’s milk. Often known as cheese for pizza. When heated it has a smooth, creamy to chewy, elastic consistency. The product is typically consumed warm or at room temperature.","https://raw.githubusercontent.com/HjorthenA/SoyDairyProducts/main/"
10,"DAIRY_SEMI","SOY_SOLID","SOY_SEMI","DAIRY_SOLID","DAIRY_LIQ","SOY_LIQ","<strong>Yoghurt from cow’s milk</strong><br><br>This product is a creamy, dairy-based food product made from fermented cow’s milk. It has a creamy consistency and can be eaten with a spoon. The product is typically consumed cold.","<strong>Yuba (tofu skin)</strong><br><br>This product is a rubbery, firm, soy-based food product made from coagulated soy milk. It has a rubbery, firm consistency that holds its shape, and are easy to chew. The product is typically consumed warm.","<strong>Douhua</strong><br><br>This product is a soft, firm, soy-based food product made from coagulated soymilk. It has a soft, firm consistency that holds its shape but can be easily divided with a spoon. The product is typically consumed cold or warm.","<strong>Cheese from cow’s milk</strong><br><br>This product is a firm dairy-based food product made from cow’s milk. Often known as cheese for pizza. When heated it has a smooth, creamy to chewy, elastic consistency. The product is typically consumed warm or at room temperature.","<strong>Cow’s milk</strong><br><br>This product is a liquid, dairy-based food product made from cow’s milk. It has a uniform, liquid consistency and can be poured and drunk. The product is typically consumed cold or at room temperature.","<strong>Soy milk</strong><br><br>This product is a liquid, soy-based food product made from soybeans. It has a uniform, liquid consistency and can be poured and drunk. The product is typically consumed cold or at room temperature.","https://raw.githubusercontent.com/HjorthenA/SoyDairyProducts/main/"
11,"SOY_SOLID","DAIRY_SOLID","DAIRY_SEMI","SOY_LIQ","SOY_SEMI","DAIRY_LIQ","<strong>Yuba (tofu skin)</strong><br><br>This product is a rubbery, firm, soy-based food product made from coagulated soy milk. It has a rubbery, firm consistency that holds its shape, and are easy to chew. The product is typically consumed warm.","<strong>Cheese from cow’s milk</strong><br><br>This product is a firm dairy-based food product made from cow’s milk. Often known as cheese for pizza. When heated it has a smooth, creamy to chewy, elastic consistency. The product is typically consumed warm or at room temperature.","<strong>Yoghurt from cow’s milk</strong><br><br>This product is a creamy, dairy-based food product made from fermented cow’s milk. It has a creamy consistency and can be eaten with a spoon. The product is typically consumed cold.","<strong>Soy milk</strong><br><br>This product is a liquid, soy-based food product made from soybeans. It has a uniform, liquid consistency and can be poured and drunk. The product is typically consumed cold or at room temperature.","<strong>Douhua</strong><br><br>This product is a soft, firm, soy-based food product made from coagulated soymilk. It has a soft, firm consistency that holds its shape but can be easily divided with a spoon. The product is typically consumed cold or warm.","<strong>Cow’s milk</strong><br><br>This product is a liquid, dairy-based food product made from cow’s milk. It has a uniform, liquid consistency and can be poured and drunk. The product is typically consumed cold or at room temperature.","https://raw.githubusercontent.com/HjorthenA/SoyDairyProducts/main/"
12,"DAIRY_SOLID","SOY_LIQ","SOY_SOLID","DAIRY_LIQ","DAIRY_SEMI","SOY_SEMI","<strong>Cheese from cow’s milk</strong><br><br>This product is a firm dairy-based food product made from cow’s milk. Often known as cheese for pizza. When heated it has a smooth, creamy to chewy, elastic consistency. The product is typically consumed warm or at room temperature.","<strong>Soy milk</strong><br><br>This product is a liquid, soy-based food product made from soybeans. It has a uniform, liquid consistency and can be poured and drunk. The product is typically consumed cold or at room temperature.","<strong>Yuba (tofu skin)</strong><br><br>This product is a rubbery, firm, soy-based food product made from coagulated soy milk. It has a rubbery, firm consistency that holds its shape, and are easy to chew. The product is typically consumed warm.","<strong>Cow’s milk</strong><br><br>This product is a liquid, dairy-based food product made from cow’s milk. It has a uniform, liquid consistency and can be poured and drunk. The product is typically consumed cold or at room temperature.","<strong>Yoghurt from cow’s milk</strong><br><br>This product is a creamy, dairy-based food product made from fermented cow’s milk. It has a creamy consistency and can be eaten with a spoon. The product is typically consumed cold.","<strong>Douhua</strong><br><br>This product is a soft, firm, soy-based food product made from coagulated soymilk. It has a soft, firm consistency that holds its shape but can be easily divided with a spoon. The product is typically consumed cold or warm.","https://raw.githubusercontent.com/HjorthenA/SoyDairyProducts/main/"
13,"SOY_LIQ","DAIRY_LIQ","DAIRY_SOLID","SOY_SEMI","SOY_SOLID","DAIRY_SEMI","<strong>Soy milk</strong><br><br>This product is a liquid, soy-based food product made from soybeans. It has a uniform, liquid consistency and can be poured and drunk. The product is typically consumed cold or at room temperature.","<strong>Cow’s milk</strong><br><br>This product is a liquid, dairy-based food product made from cow’s milk. It has a uniform, liquid consistency and can be poured and drunk. The product is typically consumed cold or at room temperature.","<strong>Cheese from cow’s milk</strong><br><br>This product is a firm dairy-based food product made from cow’s milk. Often known as cheese for pizza. When heated it has a smooth, creamy to chewy, elastic consistency. The product is typically consumed warm or at room temperature.","<strong>Douhua</strong><br><br>This product is a soft, firm, soy-based food product made from coagulated soymilk. It has a soft, firm consistency that holds its shape but can be easily divided with a spoon. The product is typically consumed cold or warm.","<strong>Yuba (tofu skin)</strong><br><br>This product is a rubbery, firm, soy-based food product made from coagulated soy milk. It has a rubbery, firm consistency that holds its shape, and are easy to chew. The product is typically consumed warm.","<strong>Yoghurt from cow’s milk</strong><br><br>This product is a creamy, dairy-based food product made from fermented cow’s milk. It has a creamy consistency and can be eaten with a spoon. The product is typically consumed cold.","https://raw.githubusercontent.com/HjorthenA/SoyDairyProducts/main/"
14,"DAIRY_LIQ","SOY_SEMI","SOY_LIQ","DAIRY_SEMI","DAIRY_SOLID","SOY_SOLID","<strong>Cow’s milk</strong><br><br>This product is a liquid, dairy-based food product made from cow’s milk. It has a uniform, liquid consistency and can be poured and drunk. The product is typically consumed cold or at room temperature.","<strong>Douhua</strong><br><br>This product is a soft, firm, soy-based food product made from coagulated soymilk. It has a soft, firm consistency that holds its shape but can be easily divided with a spoon. The product is typically consumed cold or warm.","<strong>Soy milk</strong><br><br>This product is a liquid, soy-based food product made from soybeans. It has a uniform, liquid consistency and can be poured and drunk. The product is typically consumed cold or at room temperature.","<strong>Yoghurt from cow’s milk</strong><br><br>This product is a creamy, dairy-based food product made from fermented cow’s milk. It has a creamy consistency and can be eaten with a spoon. The product is typically consumed cold.","<strong>Cheese from cow’s milk</strong><br><br>This product is a firm dairy-based food product made from cow’s milk. Often known as cheese for pizza. When heated it has a smooth, creamy to chewy, elastic consistency. The product is typically consumed warm or at room temperature.","<strong>Yuba (tofu skin)</strong><br><br>This product is a rubbery, firm, soy-based food product made from coagulated soy milk. It has a rubbery, firm consistency that holds its shape, and are easy to chew. The product is typically consumed warm.","https://raw.githubusercontent.com/HjorthenA/SoyDairyProducts/main/"
15,"SOY_SEMI","DAIRY_SEMI","DAIRY_LIQ","SOY_SOLID","SOY_LIQ","DAIRY_SOLID","<strong>Douhua</strong><br><br>This product is a soft, firm, soy-based food product made from coagulated soymilk. It has a soft, firm consistency that holds its shape but can be easily divided with a spoon. The product is typically consumed cold or warm.","<strong>Yoghurt from cow’s milk</strong><br><br>This product is a creamy, dairy-based food product made from fermented cow’s milk. It has a creamy consistency and can be eaten with a spoon. The product is typically consumed cold.","<strong>Cow’s milk</strong><br><br>This product is a liquid, dairy-based food product made from cow’s milk. It has a uniform, liquid consistency and can be poured and drunk. The product is typically consumed cold or at room temperature.","<strong>Yuba (tofu skin)</strong><br><br>This product is a rubbery, firm, soy-based food product made from coagulated soy milk. It has a rubbery, firm consistency that holds its shape, and are easy to chew. The product is typically consumed warm.","<strong>Soy milk</strong><br><br>This product is a liquid, soy-based food product made from soybeans. It has a uniform, liquid consistency and can be poured and drunk. The product is typically consumed cold or at room temperature.","<strong>Cheese from cow’s milk</strong><br><br>This product is a firm dairy-based food product made from cow’s milk. Often known as cheese for pizza. When heated it has a smooth, creamy to chewy, elastic consistency. The product is typically consumed warm or at room temperature.","https://raw.githubusercontent.com/HjorthenA/SoyDairyProducts/main/"
16,"DAIRY_SEMI","SOY_SOLID","SOY_SEMI","DAIRY_SOLID","DAIRY_LIQ","SOY_LIQ","<strong>Yoghurt from cow’s milk</strong><br><br>This product is a creamy, dairy-based food product made from fermented cow’s milk. It has a creamy consistency and can be eaten with a spoon. The product is typically consumed cold.","<strong>Yuba (tofu skin)</strong><br><br>This product is a rubbery, firm, soy-based food product made from coagulated soy milk. It has a rubbery, firm consistency that holds its shape, and are easy to chew. The product is typically consumed warm.","<strong>Douhua</strong><br><br>This product is a soft, firm, soy-based food product made from coagulated soymilk. It has a soft, firm consistency that holds its shape but can be easily divided with a spoon. The product is typically consumed cold or warm.","<strong>Cheese from cow’s milk</strong><br><br>This product is a firm dairy-based food product made from cow’s milk. Often known as cheese for pizza. When heated it has a smooth, creamy to chewy, elastic consistency. The product is typically consumed warm or at room temperature.","<strong>Cow’s milk</strong><br><br>This product is a liquid, dairy-based food product made from cow’s milk. It has a uniform, liquid consistency and can be poured and drunk. The product is typically consumed cold or at room temperature.","<strong>Soy milk</strong><br><br>This product is a liquid, soy-based food product made from soybeans. It has a uniform, liquid consistency and can be poured and drunk. The product is typically consumed cold or at room temperature.","https://raw.githubusercontent.com/HjorthenA/SoyDairyProducts/main/"
17,"SOY_SOLID","DAIRY_SOLID","DAIRY_SEMI","SOY_LIQ","SOY_SEMI","DAIRY_LIQ","<strong>Yuba (tofu skin)</strong><br><br>This product is a rubbery, firm, soy-based food product made from coagulated soy milk. It has a rubbery, firm consistency that holds its shape, and are easy to chew. The product is typically consumed warm.","<strong>Cheese from cow’s milk</strong><br><br>This product is a firm dairy-based food product made from cow’s milk. Often known as cheese for pizza. When heated it has a smooth, creamy to chewy, elastic consistency. The product is typically consumed warm or at room temperature.","<strong>Yoghurt from cow’s milk</strong><br><br>This product is a creamy, dairy-based food product made from fermented cow’s milk. It has a creamy consistency and can be eaten with a spoon. The product is typically consumed cold.","<strong>Soy milk</strong><br><br>This product is a liquid, soy-based food product made from soybeans. It has a uniform, liquid consistency and can be poured and drunk. The product is typically consumed cold or at room temperature.","<strong>Douhua</strong><br><br>This product is a soft, firm, soy-based food product made from coagulated soymilk. It has a soft, firm consistency that holds its shape but can be easily divided with a spoon. The product is typically consumed cold or warm.","<strong>Cow’s milk</strong><br><br>This product is a liquid, dairy-based food product made from cow’s milk. It has a uniform, liquid consistency and can be poured and drunk. The product is typically consumed cold or at room temperature.","https://raw.githubusercontent.com/HjorthenA/SoyDairyProducts/main/"
18,"DAIRY_SOLID","SOY_LIQ","SOY_SOLID","DAIRY_LIQ","DAIRY_SEMI","SOY_SEMI","<strong>Cheese from cow’s milk</strong><br><br>This product is a firm dairy-based food product made from cow’s milk. Often known as cheese for pizza. When heated it has a smooth, creamy to chewy, elastic consistency. The product is typically consumed warm or at room temperature.","<strong>Soy milk</strong><br><br>This product is a liquid, soy-based food product made from soybeans. It has a uniform, liquid consistency and can be poured and drunk. The product is typically consumed cold or at room temperature.","<strong>Yuba (tofu skin)</strong><br><br>This product is a rubbery, firm, soy-based food product made from coagulated soy milk. It has a rubbery, firm consistency that holds its shape, and are easy to chew. The product is typically consumed warm.","<strong>Cow’s milk</strong><br><br>This product is a liquid, dairy-based food product made from cow’s milk. It has a uniform, liquid consistency and can be poured and drunk. The product is typically consumed cold or at room temperature.","<strong>Yoghurt from cow’s milk</strong><br><br>This product is a creamy, dairy-based food product made from fermented cow’s milk. It has a creamy consistency and can be eaten with a spoon. The product is typically consumed cold.","<strong>Douhua</strong><br><br>This product is a soft, firm, soy-based food product made from coagulated soymilk. It has a soft, firm consistency that holds its shape but can be easily divided with a spoon. The product is typically consumed cold or warm.","https://raw.githubusercontent.com/HjorthenA/SoyDairyProducts/main/"
19,"SOY_LIQ","DAIRY_LIQ","DAIRY_SOLID","SOY_SEMI","SOY_SOLID","DAIRY_SEMI","<strong>Soy milk</strong><br><br>This product is a liquid, soy-based food product made from soybeans. It has a uniform, liquid consistency and can be poured and drunk. The product is typically consumed cold or at room temperature.","<strong>Cow’s milk</strong><br><br>This product is a liquid, dairy-based food product made from cow’s milk. It has a uniform, liquid consistency and can be poured and drunk. The product is typically consumed cold or at room temperature.","<strong>Cheese from cow’s milk</strong><br><br>This product is a firm dairy-based food product made from cow’s milk. Often known as cheese for pizza. When heated it has a smooth, creamy to chewy, elastic consistency. The product is typically consumed warm or at room temperature.","<strong>Douhua</strong><br><br>This product is a soft, firm, soy-based food product made from coagulated soymilk. It has a soft, firm consistency that holds its shape but can be easily divided with a spoon. The product is typically consumed cold or warm.","<strong>Yuba (tofu skin)</strong><br><br>This product is a rubbery, firm, soy-based food product made from coagulated soy milk. It has a rubbery, firm consistency that holds its shape, and are easy to chew. The product is typically consumed warm.","<strong>Yoghurt from cow’s milk</strong><br><br>This product is a creamy, dairy-based food product made from fermented cow’s milk. It has a creamy consistency and can be eaten with a spoon. The product is typically consumed cold.","https://raw.githubusercontent.com/HjorthenA/SoyDairyProducts/main/"
20,"DAIRY_LIQ","SOY_SEMI","SOY_LIQ","DAIRY_SEMI","DAIRY_SOLID","SOY_SOLID","<strong>Cow’s milk</strong><br><br>This product is a liquid, dairy-based food product made from cow’s milk. It has a uniform, liquid consistency and can be poured and drunk. The product is typically consumed cold or at room temperature.","<strong>Douhua</strong><br><br>This product is a soft, firm, soy-based food product made from coagulated soymilk. It has a soft, firm consistency that holds its shape but can be easily divided with a spoon. The product is typically consumed cold or warm.","<strong>Soy milk</strong><br><br>This product is a liquid, soy-based food product made from soybeans. It has a uniform, liquid consistency and can be poured and drunk. The product is typically consumed cold or at room temperature.","<strong>Yoghurt from cow’s milk</strong><br><br>This product is a creamy, dairy-based food product made from fermented cow’s milk. It has a creamy consistency and can be eaten with a spoon. The product is typically consumed cold.","<strong>Cheese from cow’s milk</strong><br><br>This product is a firm dairy-based food product made from cow’s milk. Often known as cheese for pizza. When heated it has a smooth, creamy to chewy, elastic consistency. The product is typically consumed warm or at room temperature.","<strong>Yuba (tofu skin)</strong><br><br>This product is a rubbery, firm, soy-based food product made from coagulated soy milk. It has a rubbery, firm consistency that holds its shape, and are easy to chew. The product is typically consumed warm.","https://raw.githubusercontent.com/HjorthenA/SoyDairyProducts/main/"
21,"SOY_SEMI","DAIRY_SEMI","DAIRY_LIQ","SOY_SOLID","SOY_LIQ","DAIRY_SOLID","<strong>Douhua</strong><br><br>This product is a soft, firm, soy-based food product made from coagulated soymilk. It has a soft, firm consistency that holds its shape but can be easily divided with a spoon. The product is typically consumed cold or warm.","<strong>Yoghurt from cow’s milk</strong><br><br>This product is a creamy, dairy-based food product made from fermented cow’s milk. It has a creamy consistency and can be eaten with a spoon. The product is typically consumed cold.","<strong>Cow’s milk</strong><br><br>This product is a liquid, dairy-based food product made from cow’s milk. It has a uniform, liquid consistency and can be poured and drunk. The product is typically consumed cold or at room temperature.","<strong>Yuba (tofu skin)</strong><br><br>This product is a rubbery, firm, soy-based food product made from coagulated soy milk. It has a rubbery, firm consistency that holds its shape, and are easy to chew. The product is typically consumed warm.","<strong>Soy milk</strong><br><br>This product is a liquid, soy-based food product made from soybeans. It has a uniform, liquid consistency and can be poured and drunk. The product is typically consumed cold or at room temperature.","<strong>Cheese from cow’s milk</strong><br><br>This product is a firm dairy-based food product made from cow’s milk. Often known as cheese for pizza. When heated it has a smooth, creamy to chewy, elastic consistency. The product is typically consumed warm or at room temperature.","https://raw.githubusercontent.com/HjorthenA/SoyDairyProducts/main/"
22,"DAIRY_SEMI","SOY_SOLID","SOY_SEMI","DAIRY_SOLID","DAIRY_LIQ","SOY_LIQ","<strong>Yoghurt from cow’s milk</strong><br><br>This product is a creamy, dairy-based food product made from fermented cow’s milk. It has a creamy consistency and can be eaten with a spoon. The product is typically consumed cold.","<strong>Yuba (tofu skin)</strong><br><br>This product is a rubbery, firm, soy-based food product made from coagulated soy milk. It has a rubbery, firm consistency that holds its shape, and are easy to chew. The product is typically consumed warm.","<strong>Douhua</strong><br><br>This product is a soft, firm, soy-based food product made from coagulated soymilk. It has a soft, firm consistency that holds its shape but can be easily divided with a spoon. The product is typically consumed cold or warm.","<strong>Cheese from cow’s milk</strong><br><br>This product is a firm dairy-based food product made from cow’s milk. Often known as cheese for pizza. When heated it has a smooth, creamy to chewy, elastic consistency. The product is typically consumed warm or at room temperature.","<strong>Cow’s milk</strong><br><br>This product is a liquid, dairy-based food product made from cow’s milk. It has a uniform, liquid consistency and can be poured and drunk. The product is typically consumed cold or at room temperature.","<strong>Soy milk</strong><br><br>This product is a liquid, soy-based food product made from soybeans. It has a uniform, liquid consistency and can be poured and drunk. The product is typically consumed cold or at room temperature.","https://raw.githubusercontent.com/HjorthenA/SoyDairyProducts/main/"
23,"SOY_SOLID","DAIRY_SOLID","DAIRY_SEMI","SOY_LIQ","SOY_SEMI","DAIRY_LIQ","<strong>Yuba (tofu skin)</strong><br><br>This product is a rubbery, firm, soy-based food product made from coagulated soy milk. It has a rubbery, firm consistency that holds its shape, and are easy to chew. The product is typically consumed warm.","<strong>Cheese from cow’s milk</strong><br><br>This product is a firm dairy-based food product made from cow’s milk. Often known as cheese for pizza. When heated it has a smooth, creamy to chewy, elastic consistency. The product is typically consumed warm or at room temperature.","<strong>Yoghurt from cow’s milk</strong><br><br>This product is a creamy, dairy-based food product made from fermented cow’s milk. It has a creamy consistency and can be eaten with a spoon. The product is typically consumed cold.","<strong>Soy milk</strong><br><br>This product is a liquid, soy-based food product made from soybeans. It has a uniform, liquid consistency and can be poured and drunk. The product is typically consumed cold or at room temperature.","<strong>Douhua</strong><br><br>This product is a soft, firm, soy-based food product made from coagulated soymilk. It has a soft, firm consistency that holds its shape but can be easily divided with a spoon. The product is typically consumed cold or warm.","<strong>Cow’s milk</strong><br><br>This product is a liquid, dairy-based food product made from cow’s milk. It has a uniform, liquid consistency and can be poured and drunk. The product is typically consumed cold or at room temperature.","https://raw.githubusercontent.com/HjorthenA/SoyDairyProducts/main/"
24,"DAIRY_SOLID","SOY_LIQ","SOY_SOLID","DAIRY_LIQ","DAIRY_SEMI","SOY_SEMI","<strong>Cheese from cow’s milk</strong><br><br>This product is a firm dairy-based food product made from cow’s milk. Often known as cheese for pizza. When heated it has a smooth, creamy to chewy, elastic consistency. The product is typically consumed warm or at room temperature.","<strong>Soy milk</strong><br><br>This product is a liquid, soy-based food product made from soybeans. It has a uniform, liquid consistency and can be poured and drunk. The product is typically consumed cold or at room temperature.","<strong>Yuba (tofu skin)</strong><br><br>This product is a rubbery, firm, soy-based food product made from coagulated soy milk. It has a rubbery, firm consistency that holds its shape, and are easy to chew. The product is typically consumed warm.","<strong>Cow’s milk</strong><br><br>This product is a liquid, dairy-based food product made from cow’s milk. It has a uniform, liquid consistency and can be poured and drunk. The product is typically consumed cold or at room temperature.","<strong>Yoghurt from cow’s milk</strong><br><br>This product is a creamy, dairy-based food product made from fermented cow’s milk. It has a creamy consistency and can be eaten with a spoon. The product is typically consumed cold.","<strong>Douhua</strong><br><br>This product is a soft, firm, soy-based food product made from coagulated soymilk. It has a soft, firm consistency that holds its shape but can be easily divided with a spoon. The product is typically consumed cold or warm.","https://raw.githubusercontent.com/HjorthenA/SoyDairyProducts/main/"
25,"SOY_LIQ","DAIRY_LIQ","DAIRY_SOLID","SOY_SEMI","SOY_SOLID","DAIRY_SEMI","<strong>Soy milk</strong><br><br>This product is a liquid, soy-based food product made from soybeans. It has a uniform, liquid consistency and can be poured and drunk. The product is typically consumed cold or at room temperature.","<strong>Cow’s milk</strong><br><br>This product is a liquid, dairy-based food product made from cow’s milk. It has a uniform, liquid consistency and can be poured and drunk. The product is typically consumed cold or at room temperature.","<strong>Cheese from cow’s milk</strong><br><br>This product is a firm dairy-based food product made from cow’s milk. Often known as cheese for pizza. When heated it has a smooth, creamy to chewy, elastic consistency. The product is typically consumed warm or at room temperature.","<strong>Douhua</strong><br><br>This product is a soft, firm, soy-based food product made from coagulated soymilk. It has a soft, firm consistency that holds its shape but can be easily divided with a spoon. The product is typically consumed cold or warm.","<strong>Yuba (tofu skin)</strong><br><br>This product is a rubbery, firm, soy-based food product made from coagulated soy milk. It has a rubbery, firm consistency that holds its shape, and are easy to chew. The product is typically consumed warm.","<strong>Yoghurt from cow’s milk</strong><br><br>This product is a creamy, dairy-based food product made from fermented cow’s milk. It has a creamy consistency and can be eaten with a spoon. The product is typically consumed cold.","https://raw.githubusercontent.com/HjorthenA/SoyDairyProducts/main/"
26,"DAIRY_LIQ","SOY_SEMI","SOY_LIQ","DAIRY_SEMI","DAIRY_SOLID","SOY_SOLID","<strong>Cow’s milk</strong><br><br>This product is a liquid, dairy-based food product made from cow’s milk. It has a uniform, liquid consistency and can be poured and drunk. The product is typically consumed cold or at room temperature.","<strong>Douhua</strong><br><br>This product is a soft, firm, soy-based food product made from coagulated soymilk. It has a soft, firm consistency that holds its shape but can be easily divided with a spoon. The product is typically consumed cold or warm.","<strong>Soy milk</strong><br><br>This product is a liquid, soy-based food product made from soybeans. It has a uniform, liquid consistency and can be poured and drunk. The product is typically consumed cold or at room temperature.","<strong>Yoghurt from cow’s milk</strong><br><br>This product is a creamy, dairy-based food product made from fermented cow’s milk. It has a creamy consistency and can be eaten with a spoon. The product is typically consumed cold.","<strong>Cheese from cow’s milk</strong><br><br>This product is a firm dairy-based food product made from cow’s milk. Often known as cheese for pizza. When heated it has a smooth, creamy to chewy, elastic consistency. The product is typically consumed warm or at room temperature.","<strong>Yuba (tofu skin)</strong><br><br>This product is a rubbery, firm, soy-based food product made from coagulated soy milk. It has a rubbery, firm consistency that holds its shape, and are easy to chew. The product is typically consumed warm.","https://raw.githubusercontent.com/HjorthenA/SoyDairyProducts/main/"
27,"SOY_SEMI","DAIRY_SEMI","DAIRY_LIQ","SOY_SOLID","SOY_LIQ","DAIRY_SOLID","<strong>Douhua</strong><br><br>This product is a soft, firm, soy-based food product made from coagulated soymilk. It has a soft, firm consistency that holds its shape but can be easily divided with a spoon. The product is typically consumed cold or warm.","<strong>Yoghurt from cow’s milk</strong><br><br>This product is a creamy, dairy-based food product made from fermented cow’s milk. It has a creamy consistency and can be eaten with a spoon. The product is typically consumed cold.","<strong>Cow’s milk</strong><br><br>This product is a liquid, dairy-based food product made from cow’s milk. It has a uniform, liquid consistency and can be poured and drunk. The product is typically consumed cold or at room temperature.","<strong>Yuba (tofu skin)</strong><br><br>This product is a rubbery, firm, soy-based food product made from coagulated soy milk. It has a rubbery, firm consistency that holds its shape, and are easy to chew. The product is typically consumed warm.","<strong>Soy milk</strong><br><br>This product is a liquid, soy-based food product made from soybeans. It has a uniform, liquid consistency and can be poured and drunk. The product is typically consumed cold or at room temperature.","<strong>Cheese from cow’s milk</strong><br><br>This product is a firm dairy-based food product made from cow’s milk. Often known as cheese for pizza. When heated it has a smooth, creamy to chewy, elastic consistency. The product is typically consumed warm or at room temperature.","https://raw.githubusercontent.com/HjorthenA/SoyDairyProducts/main/"
28,"DAIRY_SEMI","SOY_SOLID","SOY_SEMI","DAIRY_SOLID","DAIRY_LIQ","SOY_LIQ","<strong>Yoghurt from cow’s milk</strong><br><br>This product is a creamy, dairy-based food product made from fermented cow’s milk. It has a creamy consistency and can be eaten with a spoon. The product is typically consumed cold.","<strong>Yuba (tofu skin)</strong><br><br>This product is a rubbery, firm, soy-based food product made from coagulated soy milk. It has a rubbery, firm consistency that holds its shape, and are easy to chew. The product is typically consumed warm.","<strong>Douhua</strong><br><br>This product is a soft, firm, soy-based food product made from coagulated soymilk. It has a soft, firm consistency that holds its shape but can be easily divided with a spoon. The product is typically consumed cold or warm.","<strong>Cheese from cow’s milk</strong><br><br>This product is a firm dairy-based food product made from cow’s milk. Often known as cheese for pizza. When heated it has a smooth, creamy to chewy, elastic consistency. The product is typically consumed warm or at room temperature.","<strong>Cow’s milk</strong><br><br>This product is a liquid, dairy-based food product made from cow’s milk. It has a uniform, liquid consistency and can be poured and drunk. The product is typically consumed cold or at room temperature.","<strong>Soy milk</strong><br><br>This product is a liquid, soy-based food product made from soybeans. It has a uniform, liquid consistency and can be poured and drunk. The product is typically consumed cold or at room temperature.","https://raw.githubusercontent.com/HjorthenA/SoyDairyProducts/main/"
29,"SOY_SOLID","DAIRY_SOLID","DAIRY_SEMI","SOY_LIQ","SOY_SEMI","DAIRY_LIQ","<strong>Yuba (tofu skin)</strong><br><br>This product is a rubbery, firm, soy-based food product made from coagulated soy milk. It has a rubbery, firm consistency that holds its shape, and are easy to chew. The product is typically consumed warm.","<strong>Cheese from cow’s milk</strong><br><br>This product is a firm dairy-based food product made from cow’s milk. Often known as cheese for pizza. When heated it has a smooth, creamy to chewy, elastic consistency. The product is typically consumed warm or at room temperature.","<strong>Yoghurt from cow’s milk</strong><br><br>This product is a creamy, dairy-based food product made from fermented cow’s milk. It has a creamy consistency and can be eaten with a spoon. The product is typically consumed cold.","<strong>Soy milk</strong><br><br>This product is a liquid, soy-based food product made from soybeans. It has a uniform, liquid consistency and can be poured and drunk. The product is typically consumed cold or at room temperature.","<strong>Douhua</strong><br><br>This product is a soft, firm, soy-based food product made from coagulated soymilk. It has a soft, firm consistency that holds its shape but can be easily divided with a spoon. The product is typically consumed cold or warm.","<strong>Cow’s milk</strong><br><br>This product is a liquid, dairy-based food product made from cow’s milk. It has a uniform, liquid consistency and can be poured and drunk. The product is typically consumed cold or at room temperature.","https://raw.githubusercontent.com/HjorthenA/SoyDairyProducts/main/"
30,"DAIRY_SOLID","SOY_LIQ","SOY_SOLID","DAIRY_LIQ","DAIRY_SEMI","SOY_SEMI","<strong>Cheese from cow’s milk</strong><br><br>This product is a firm dairy-based food product made from cow’s milk. Often known as cheese for pizza. When heated it has a smooth, creamy to chewy, elastic consistency. The product is typically consumed warm or at room temperature.","<strong>Soy milk</strong><br><br>This product is a liquid, soy-based food product made from soybeans. It has a uniform, liquid consistency and can be poured and drunk. The product is typically consumed cold or at room temperature.","<strong>Yuba (tofu skin)</strong><br><br>This product is a rubbery, firm, soy-based food product made from coagulated soy milk. It has a rubbery, firm consistency that holds its shape, and are easy to chew. The product is typically consumed warm.","<strong>Cow’s milk</strong><br><br>This product is a liquid, dairy-based food product made from cow’s milk. It has a uniform, liquid consistency and can be poured and drunk. The product is typically consumed cold or at room temperature.","<strong>Yoghurt from cow’s milk</strong><br><br>This product is a creamy, dairy-based food product made from fermented cow’s milk. It has a creamy consistency and can be eaten with a spoon. The product is typically consumed cold.","<strong>Douhua</strong><br><br>This product is a soft, firm, soy-based food product made from coagulated soymilk. It has a soft, firm consistency that holds its shape but can be easily divided with a spoon. The product is typically consumed cold or warm.","https://raw.githubusercontent.com/HjorthenA/SoyDairyProducts/main/"
31,"SOY_LIQ","DAIRY_LIQ","DAIRY_SOLID","SOY_SEMI","SOY_SOLID","DAIRY_SEMI","<strong>Soy milk</strong><br><br>This product is a liquid, soy-based food product made from soybeans. It has a uniform, liquid consistency and can be poured and drunk. The product is typically consumed cold or at room temperature.","<strong>Cow’s milk</strong><br><br>This product is a liquid, dairy-based food product made from cow’s milk. It has a uniform, liquid consistency and can be poured and drunk. The product is typically consumed cold or at room temperature.","<strong>Cheese from cow’s milk</strong><br><br>This product is a firm dairy-based food product made from cow’s milk. Often known as cheese for pizza. When heated it has a smooth, creamy to chewy, elastic consistency. The product is typically consumed warm or at room temperature.","<strong>Douhua</strong><br><br>This product is a soft, firm, soy-based food product made from coagulated soymilk. It has a soft, firm consistency that holds its shape but can be easily divided with a spoon. The product is typically consumed cold or warm.","<strong>Yuba (tofu skin)</strong><br><br>This product is a rubbery, firm, soy-based food product made from coagulated soy milk. It has a rubbery, firm consistency that holds its shape, and are easy to chew. The product is typically consumed warm.","<strong>Yoghurt from cow’s milk</strong><br><br>This product is a creamy, dairy-based food product made from fermented cow’s milk. It has a creamy consistency and can be eaten with a spoon. The product is typically consumed cold.","https://raw.githubusercontent.com/HjorthenA/SoyDairyProducts/main/"
32,"DAIRY_LIQ","SOY_SEMI","SOY_LIQ","DAIRY_SEMI","DAIRY_SOLID","SOY_SOLID","<strong>Cow’s milk</strong><br><br>This product is a liquid, dairy-based food product made from cow’s milk. It has a uniform, liquid consistency and can be poured and drunk. The product is typically consumed cold or at room temperature.","<strong>Douhua</strong><br><br>This product is a soft, firm, soy-based food product made from coagulated soymilk. It has a soft, firm consistency that holds its shape but can be easily divided with a spoon. The product is typically consumed cold or warm.","<strong>Soy milk</strong><br><br>This product is a liquid, soy-based food product made from soybeans. It has a uniform, liquid consistency and can be poured and drunk. The product is typically consumed cold or at room temperature.","<strong>Yoghurt from cow’s milk</strong><br><br>This product is a creamy, dairy-based food product made from fermented cow’s milk. It has a creamy consistency and can be eaten with a spoon. The product is typically consumed cold.","<strong>Cheese from cow’s milk</strong><br><br>This product is a firm dairy-based food product made from cow’s milk. Often known as cheese for pizza. When heated it has a smooth, creamy to chewy, elastic consistency. The product is typically consumed warm or at room temperature.","<strong>Yuba (tofu skin)</strong><br><br>This product is a rubbery, firm, soy-based food product made from coagulated soy milk. It has a rubbery, firm consistency that holds its shape, and are easy to chew. The product is typically consumed warm.","https://raw.githubusercontent.com/HjorthenA/SoyDairyProducts/main/"
33,"SOY_SEMI","DAIRY_SEMI","DAIRY_LIQ","SOY_SOLID","SOY_LIQ","DAIRY_SOLID","<strong>Douhua</strong><br><br>This product is a soft, firm, soy-based food product made from coagulated soymilk. It has a soft, firm consistency that holds its shape but can be easily divided with a spoon. The product is typically consumed cold or warm.","<strong>Yoghurt from cow’s milk</strong><br><br>This product is a creamy, dairy-based food product made from fermented cow’s milk. It has a creamy consistency and can be eaten with a spoon. The product is typically consumed cold.","<strong>Cow’s milk</strong><br><br>This product is a liquid, dairy-based food product made from cow’s milk. It has a uniform, liquid consistency and can be poured and drunk. The product is typically consumed cold or at room temperature.","<strong>Yuba (tofu skin)</strong><br><br>This product is a rubbery, firm, soy-based food product made from coagulated soy milk. It has a rubbery, firm consistency that holds its shape, and are easy to chew. The product is typically consumed warm.","<strong>Soy milk</strong><br><br>This product is a liquid, soy-based food product made from soybeans. It has a uniform, liquid consistency and can be poured and drunk. The product is typically consumed cold or at room temperature.","<strong>Cheese from cow’s milk</strong><br><br>This product is a firm dairy-based food product made from cow’s milk. Often known as cheese for pizza. When heated it has a smooth, creamy to chewy, elastic consistency. The product is typically consumed warm or at room temperature.","https://raw.githubusercontent.com/HjorthenA/SoyDairyProducts/main/"
34,"DAIRY_SEMI","SOY_SOLID","SOY_SEMI","DAIRY_SOLID","DAIRY_LIQ","SOY_LIQ","<strong>Yoghurt from cow’s milk</strong><br><br>This product is a creamy, dairy-based food product made from fermented cow’s milk. It has a creamy consistency and can be eaten with a spoon. The product is typically consumed cold.","<strong>Yuba (tofu skin)</strong><br><br>This product is a rubbery, firm, soy-based food product made from coagulated soy milk. It has a rubbery, firm consistency that holds its shape, and are easy to chew. The product is typically consumed warm.","<strong>Douhua</strong><br><br>This product is a soft, firm, soy-based food product made from coagulated soymilk. It has a soft, firm consistency that holds its shape but can be easily divided with a spoon. The product is typically consumed cold or warm.","<strong>Cheese from cow’s milk</strong><br><br>This product is a firm dairy-based food product made from cow’s milk. Often known as cheese for pizza. When heated it has a smooth, creamy to chewy, elastic consistency. The product is typically consumed warm or at room temperature.","<strong>Cow’s milk</strong><br><br>This product is a liquid, dairy-based food product made from cow’s milk. It has a uniform, liquid consistency and can be poured and drunk. The product is typically consumed cold or at room temperature.","<strong>Soy milk</strong><br><br>This product is a liquid, soy-based food product made from soybeans. It has a uniform, liquid consistency and can be poured and drunk. The product is typically consumed cold or at room temperature.","https://raw.githubusercontent.com/HjorthenA/SoyDairyProducts/main/"
35,"SOY_SOLID","DAIRY_SOLID","DAIRY_SEMI","SOY_LIQ","SOY_SEMI","DAIRY_LIQ","<strong>Yuba (tofu skin)</strong><br><br>This product is a rubbery, firm, soy-based food product made from coagulated soy milk. It has a rubbery, firm consistency that holds its shape, and are easy to chew. The product is typically consumed warm.","<strong>Cheese from cow’s milk</strong><br><br>This product is a firm dairy-based food product made from cow’s milk. Often known as cheese for pizza. When heated it has a smooth, creamy to chewy, elastic consistency. The product is typically consumed warm or at room temperature.","<strong>Yoghurt from cow’s milk</strong><br><br>This product is a creamy, dairy-based food product made from fermented cow’s milk. It has a creamy consistency and can be eaten with a spoon. The product is typically consumed cold.","<strong>Soy milk</strong><br><br>This product is a liquid, soy-based food product made from soybeans. It has a uniform, liquid consistency and can be poured and drunk. The product is typically consumed cold or at room temperature.","<strong>Douhua</strong><br><br>This product is a soft, firm, soy-based food product made from coagulated soymilk. It has a soft, firm consistency that holds its shape but can be easily divided with a spoon. The product is typically consumed cold or warm.","<strong>Cow’s milk</strong><br><br>This product is a liquid, dairy-based food product made from cow’s milk. It has a uniform, liquid consistency and can be poured and drunk. The product is typically consumed cold or at room temperature.","https://raw.githubusercontent.com/HjorthenA/SoyDairyProducts/main/"
36,"DAIRY_SOLID","SOY_LIQ","SOY_SOLID","DAIRY_LIQ","DAIRY_SEMI","SOY_SEMI","<strong>Cheese from cow’s milk</strong><br><br>This product is a firm dairy-based food product made from cow’s milk. Often known as cheese for pizza. When heated it has a smooth, creamy to chewy, elastic consistency. The product is typically consumed warm or at room temperature.","<strong>Soy milk</strong><br><br>This product is a liquid, soy-based food product made from soybeans. It has a uniform, liquid consistency and can be poured and drunk. The product is typically consumed cold or at room temperature.","<strong>Yuba (tofu skin)</strong><br><br>This product is a rubbery, firm, soy-based food product made from coagulated soy milk. It has a rubbery, firm consistency that holds its shape, and are easy to chew. The product is typically consumed warm.","<strong>Cow’s milk</strong><br><br>This product is a liquid, dairy-based food product made from cow’s milk. It has a uniform, liquid consistency and can be poured and drunk. The product is typically consumed cold or at room temperature.","<strong>Yoghurt from cow’s milk</strong><br><br>This product is a creamy, dairy-based food product made from fermented cow’s milk. It has a creamy consistency and can be eaten with a spoon. The product is typically consumed cold.","<strong>Douhua</strong><br><br>This product is a soft, firm, soy-based food product made from coagulated soymilk. It has a soft, firm consistency that holds its shape but can be easily divided with a spoon. The product is typically consumed cold or warm.","https://raw.githubusercontent.com/HjorthenA/SoyDairyProducts/main/"
37,"SOY_LIQ","DAIRY_LIQ","DAIRY_SOLID","SOY_SEMI","SOY_SOLID","DAIRY_SEMI","<strong>Soy milk</strong><br><br>This product is a liquid, soy-based food product made from soybeans. It has a uniform, liquid consistency and can be poured and drunk. The product is typically consumed cold or at room temperature.","<strong>Cow’s milk</strong><br><br>This product is a liquid, dairy-based food product made from cow’s milk. It has a uniform, liquid consistency and can be poured and drunk. The product is typically consumed cold or at room temperature.","<strong>Cheese from cow’s milk</strong><br><br>This product is a firm dairy-based food product made from cow’s milk. Often known as cheese for pizza. When heated it has a smooth, creamy to chewy, elastic consistency. The product is typically consumed warm or at room temperature.","<strong>Douhua</strong><br><br>This product is a soft, firm, soy-based food product made from coagulated soymilk. It has a soft, firm consistency that holds its shape but can be easily divided with a spoon. The product is typically consumed cold or warm.","<strong>Yuba (tofu skin)</strong><br><br>This product is a rubbery, firm, soy-based food product made from coagulated soy milk. It has a rubbery, firm consistency that holds its shape, and are easy to chew. The product is typically consumed warm.","<strong>Yoghurt from cow’s milk</strong><br><br>This product is a creamy, dairy-based food product made from fermented cow’s milk. It has a creamy consistency and can be eaten with a spoon. The product is typically consumed cold.","https://raw.githubusercontent.com/HjorthenA/SoyDairyProducts/main/"
38,"DAIRY_LIQ","SOY_SEMI","SOY_LIQ","DAIRY_SEMI","DAIRY_SOLID","SOY_SOLID","<strong>Cow’s milk</strong><br><br>This product is a liquid, dairy-based food product made from cow’s milk. It has a uniform, liquid consistency and can be poured and drunk. The product is typically consumed cold or at room temperature.","<strong>Douhua</strong><br><br>This product is a soft, firm, soy-based food product made from coagulated soymilk. It has a soft, firm consistency that holds its shape but can be easily divided with a spoon. The product is typically consumed cold or warm.","<strong>Soy milk</strong><br><br>This product is a liquid, soy-based food product made from soybeans. It has a uniform, liquid consistency and can be poured and drunk. The product is typically consumed cold or at room temperature.","<strong>Yoghurt from cow’s milk</strong><br><br>This product is a creamy, dairy-based food product made from fermented cow’s milk. It has a creamy consistency and can be eaten with a spoon. The product is typically consumed cold.","<strong>Cheese from cow’s milk</strong><br><br>This product is a firm dairy-based food product made from cow’s milk. Often known as cheese for pizza. When heated it has a smooth, creamy to chewy, elastic consistency. The product is typically consumed warm or at room temperature.","<strong>Yuba (tofu skin)</strong><br><br>This product is a rubbery, firm, soy-based food product made from coagulated soy milk. It has a rubbery, firm consistency that holds its shape, and are easy to chew. The product is typically consumed warm.","https://raw.githubusercontent.com/HjorthenA/SoyDairyProducts/main/"
39,"SOY_SEMI","DAIRY_SEMI","DAIRY_LIQ","SOY_SOLID","SOY_LIQ","DAIRY_SOLID","<strong>Douhua</strong><br><br>This product is a soft, firm, soy-based food product made from coagulated soymilk. It has a soft, firm consistency that holds its shape but can be easily divided with a spoon. The product is typically consumed cold or warm.","<strong>Yoghurt from cow’s milk</strong><br><br>This product is a creamy, dairy-based food product made from fermented cow’s milk. It has a creamy consistency and can be eaten with a spoon. The product is typically consumed cold.","<strong>Cow’s milk</strong><br><br>This product is a liquid, dairy-based food product made from cow’s milk. It has a uniform, liquid consistency and can be poured and drunk. The product is typically consumed cold or at room temperature.","<strong>Yuba (tofu skin)</strong><br><br>This product is a rubbery, firm, soy-based food product made from coagulated soy milk. It has a rubbery, firm consistency that holds its shape, and are easy to chew. The product is typically consumed warm.","<strong>Soy milk</strong><br><br>This product is a liquid, soy-based food product made from soybeans. It has a uniform, liquid consistency and can be poured and drunk. The product is typically consumed cold or at room temperature.","<strong>Cheese from cow’s milk</strong><br><br>This product is a firm dairy-based food product made from cow’s milk. Often known as cheese for pizza. When heated it has a smooth, creamy to chewy, elastic consistency. The product is typically consumed warm or at room temperature.","https://raw.githubusercontent.com/HjorthenA/SoyDairyProducts/main/"
40,"DAIRY_SEMI","SOY_SOLID","SOY_SEMI","DAIRY_SOLID","DAIRY_LIQ","SOY_LIQ","<strong>Yoghurt from cow’s milk</strong><br><br>This product is a creamy, dairy-based food product made from fermented cow’s milk. It has a creamy consistency and can be eaten with a spoon. The product is typically consumed cold.","<strong>Yuba (tofu skin)</strong><br><br>This product is a rubbery, firm, soy-based food product made from coagulated soy milk. It has a rubbery, firm consistency that holds its shape, and are easy to chew. The product is typically consumed warm.","<strong>Douhua</strong><br><br>This product is a soft, firm, soy-based food product made from coagulated soymilk. It has a soft, firm consistency that holds its shape but can be easily divided with a spoon. The product is typically consumed cold or warm.","<strong>Cheese from cow’s milk</strong><br><br>This product is a firm dairy-based food product made from cow’s milk. Often known as cheese for pizza. When heated it has a smooth, creamy to chewy, elastic consistency. The product is typically consumed warm or at room temperature.","<strong>Cow’s milk</strong><br><br>This product is a liquid, dairy-based food product made from cow’s milk. It has a uniform, liquid consistency and can be poured and drunk. The product is typically consumed cold or at room temperature.","<strong>Soy milk</strong><br><br>This product is a liquid, soy-based food product made from soybeans. It has a uniform, liquid consistency and can be poured and drunk. The product is typically consumed cold or at room temperature.","https://raw.githubusercontent.com/HjorthenA/SoyDairyProducts/main/"
41,"SOY_SOLID","DAIRY_SOLID","DAIRY_SEMI","SOY_LIQ","SOY_SEMI","DAIRY_LIQ","<strong>Yuba (tofu skin)</strong><br><br>This product is a rubbery, firm, soy-based food product made from coagulated soy milk. It has a rubbery, firm consistency that holds its shape, and are easy to chew. The product is typically consumed warm.","<strong>Cheese from cow’s milk</strong><br><br>This product is a firm dairy-based food product made from cow’s milk. Often known as cheese for pizza. When heated it has a smooth, creamy to chewy, elastic consistency. The product is typically consumed warm or at room temperature.","<strong>Yoghurt from cow’s milk</strong><br><br>This product is a creamy, dairy-based food product made from fermented cow’s milk. It has a creamy consistency and can be eaten with a spoon. The product is typically consumed cold.","<strong>Soy milk</strong><br><br>This product is a liquid, soy-based food product made from soybeans. It has a uniform, liquid consistency and can be poured and drunk. The product is typically consumed cold or at room temperature.","<strong>Douhua</strong><br><br>This product is a soft, firm, soy-based food product made from coagulated soymilk. It has a soft, firm consistency that holds its shape but can be easily divided with a spoon. The product is typically consumed cold or warm.","<strong>Cow’s milk</strong><br><br>This product is a liquid, dairy-based food product made from cow’s milk. It has a uniform, liquid consistency and can be poured and drunk. The product is typically consumed cold or at room temperature.","https://raw.githubusercontent.com/HjorthenA/SoyDairyProducts/main/"
42,"DAIRY_SOLID","SOY_LIQ","SOY_SOLID","DAIRY_LIQ","DAIRY_SEMI","SOY_SEMI","<strong>Cheese from cow’s milk</strong><br><br>This product is a firm dairy-based food product made from cow’s milk. Often known as cheese for pizza. When heated it has a smooth, creamy to chewy, elastic consistency. The product is typically consumed warm or at room temperature.","<strong>Soy milk</strong><br><br>This product is a liquid, soy-based food product made from soybeans. It has a uniform, liquid consistency and can be poured and drunk. The product is typically consumed cold or at room temperature.","<strong>Yuba (tofu skin)</strong><br><br>This product is a rubbery, firm, soy-based food product made from coagulated soy milk. It has a rubbery, firm consistency that holds its shape, and are easy to chew. The product is typically consumed warm.","<strong>Cow’s milk</strong><br><br>This product is a liquid, dairy-based food product made from cow’s milk. It has a uniform, liquid consistency and can be poured and drunk. The product is typically consumed cold or at room temperature.","<strong>Yoghurt from cow’s milk</strong><br><br>This product is a creamy, dairy-based food product made from fermented cow’s milk. It has a creamy consistency and can be eaten with a spoon. The product is typically consumed cold.","<strong>Douhua</strong><br><br>This product is a soft, firm, soy-based food product made from coagulated soymilk. It has a soft, firm consistency that holds its shape but can be easily divided with a spoon. The product is typically consumed cold or warm.","https://raw.githubusercontent.com/HjorthenA/SoyDairyProducts/main/"
43,"SOY_LIQ","DAIRY_LIQ","DAIRY_SOLID","SOY_SEMI","SOY_SOLID","DAIRY_SEMI","<strong>Soy milk</strong><br><br>This product is a liquid, soy-based food product made from soybeans. It has a uniform, liquid consistency and can be poured and drunk. The product is typically consumed cold or at room temperature.","<strong>Cow’s milk</strong><br><br>This product is a liquid, dairy-based food product made from cow’s milk. It has a uniform, liquid consistency and can be poured and drunk. The product is typically consumed cold or at room temperature.","<strong>Cheese from cow’s milk</strong><br><br>This product is a firm dairy-based food product made from cow’s milk. Often known as cheese for pizza. When heated it has a smooth, creamy to chewy, elastic consistency. The product is typically consumed warm or at room temperature.","<strong>Douhua</strong><br><br>This product is a soft, firm, soy-based food product made from coagulated soymilk. It has a soft, firm consistency that holds its shape but can be easily divided with a spoon. The product is typically consumed cold or warm.","<strong>Yuba (tofu skin)</strong><br><br>This product is a rubbery, firm, soy-based food product made from coagulated soy milk. It has a rubbery, firm consistency that holds its shape, and are easy to chew. The product is typically consumed warm.","<strong>Yoghurt from cow’s milk</strong><br><br>This product is a creamy, dairy-based food product made from fermented cow’s milk. It has a creamy consistency and can be eaten with a spoon. The product is typically consumed cold.","https://raw.githubusercontent.com/HjorthenA/SoyDairyProducts/main/"
44,"DAIRY_LIQ","SOY_SEMI","SOY_LIQ","DAIRY_SEMI","DAIRY_SOLID","SOY_SOLID","<strong>Cow’s milk</strong><br><br>This product is a liquid, dairy-based food product made from cow’s milk. It has a uniform, liquid consistency and can be poured and drunk. The product is typically consumed cold or at room temperature.","<strong>Douhua</strong><br><br>This product is a soft, firm, soy-based food product made from coagulated soymilk. It has a soft, firm consistency that holds its shape but can be easily divided with a spoon. The product is typically consumed cold or warm.","<strong>Soy milk</strong><br><br>This product is a liquid, soy-based food product made from soybeans. It has a uniform, liquid consistency and can be poured and drunk. The product is typically consumed cold or at room temperature.","<strong>Yoghurt from cow’s milk</strong><br><br>This product is a creamy, dairy-based food product made from fermented cow’s milk. It has a creamy consistency and can be eaten with a spoon. The product is typically consumed cold.","<strong>Cheese from cow’s milk</strong><br><br>This product is a firm dairy-based food product made from cow’s milk. Often known as cheese for pizza. When heated it has a smooth, creamy to chewy, elastic consistency. The product is typically consumed warm or at room temperature.","<strong>Yuba (tofu skin)</strong><br><br>This product is a rubbery, firm, soy-based food product made from coagulated soy milk. It has a rubbery, firm consistency that holds its shape, and are easy to chew. The product is typically consumed warm.","https://raw.githubusercontent.com/HjorthenA/SoyDairyProducts/main/"
45,"SOY_SEMI","DAIRY_SEMI","DAIRY_LIQ","SOY_SOLID","SOY_LIQ","DAIRY_SOLID","<strong>Douhua</strong><br><br>This product is a soft, firm, soy-based food product made from coagulated soymilk. It has a soft, firm consistency that holds its shape but can be easily divided with a spoon. The product is typically consumed cold or warm.","<strong>Yoghurt from cow’s milk</strong><br><br>This product is a creamy, dairy-based food product made from fermented cow’s milk. It has a creamy consistency and can be eaten with a spoon. The product is typically consumed cold.","<strong>Cow’s milk</strong><br><br>This product is a liquid, dairy-based food product made from cow’s milk. It has a uniform, liquid consistency and can be poured and drunk. The product is typically consumed cold or at room temperature.","<strong>Yuba (tofu skin)</strong><br><br>This product is a rubbery, firm, soy-based food product made from coagulated soy milk. It has a rubbery, firm consistency that holds its shape, and are easy to chew. The product is typically consumed warm.","<strong>Soy milk</strong><br><br>This product is a liquid, soy-based food product made from soybeans. It has a uniform, liquid consistency and can be poured and drunk. The product is typically consumed cold or at room temperature.","<strong>Cheese from cow’s milk</strong><br><br>This product is a firm dairy-based food product made from cow’s milk. Often known as cheese for pizza. When heated it has a smooth, creamy to chewy, elastic consistency. The product is typically consumed warm or at room temperature.","https://raw.githubusercontent.com/HjorthenA/SoyDairyProducts/main/"
46,"DAIRY_SEMI","SOY_SOLID","SOY_SEMI","DAIRY_SOLID","DAIRY_LIQ","SOY_LIQ","<strong>Yoghurt from cow’s milk</strong><br><br>This product is a creamy, dairy-based food product made from fermented cow’s milk. It has a creamy consistency and can be eaten with a spoon. The product is typically consumed cold.","<strong>Yuba (tofu skin)</strong><br><br>This product is a rubbery, firm, soy-based food product made from coagulated soy milk. It has a rubbery, firm consistency that holds its shape, and are easy to chew. The product is typically consumed warm.","<strong>Douhua</strong><br><br>This product is a soft, firm, soy-based food product made from coagulated soymilk. It has a soft, firm consistency that holds its shape but can be easily divided with a spoon. The product is typically consumed cold or warm.","<strong>Cheese from cow’s milk</strong><br><br>This product is a firm dairy-based food product made from cow’s milk. Often known as cheese for pizza. When heated it has a smooth, creamy to chewy, elastic consistency. The product is typically consumed warm or at room temperature.","<strong>Cow’s milk</strong><br><br>This product is a liquid, dairy-based food product made from cow’s milk. It has a uniform, liquid consistency and can be poured and drunk. The product is typically consumed cold or at room temperature.","<strong>Soy milk</strong><br><br>This product is a liquid, soy-based food product made from soybeans. It has a uniform, liquid consistency and can be poured and drunk. The product is typically consumed cold or at room temperature.","https://raw.githubusercontent.com/HjorthenA/SoyDairyProducts/main/"
47,"SOY_SOLID","DAIRY_SOLID","DAIRY_SEMI","SOY_LIQ","SOY_SEMI","DAIRY_LIQ","<strong>Yuba (tofu skin)</strong><br><br>This product is a rubbery, firm, soy-based food product made from coagulated soy milk. It has a rubbery, firm consistency that holds its shape, and are easy to chew. The product is typically consumed warm.","<strong>Cheese from cow’s milk</strong><br><br>This product is a firm dairy-based food product made from cow’s milk. Often known as cheese for pizza. When heated it has a smooth, creamy to chewy, elastic consistency. The product is typically consumed warm or at room temperature.","<strong>Yoghurt from cow’s milk</strong><br><br>This product is a creamy, dairy-based food product made from fermented cow’s milk. It has a creamy consistency and can be eaten with a spoon. The product is typically consumed cold.","<strong>Soy milk</strong><br><br>This product is a liquid, soy-based food product made from soybeans. It has a uniform, liquid consistency and can be poured and drunk. The product is typically consumed cold or at room temperature.","<strong>Douhua</strong><br><br>This product is a soft, firm, soy-based food product made from coagulated soymilk. It has a soft, firm consistency that holds its shape but can be easily divided with a spoon. The product is typically consumed cold or warm.","<strong>Cow’s milk</strong><br><br>This product is a liquid, dairy-based food product made from cow’s milk. It has a uniform, liquid consistency and can be poured and drunk. The product is typically consumed cold or at room temperature.","https://raw.githubusercontent.com/HjorthenA/SoyDairyProducts/main/"
48,"DAIRY_SOLID","SOY_LIQ","SOY_SOLID","DAIRY_LIQ","DAIRY_SEMI","SOY_SEMI","<strong>Cheese from cow’s milk</strong><br><br>This product is a firm dairy-based food product made from cow’s milk. Often known as cheese for pizza. When heated it has a smooth, creamy to chewy, elastic consistency. The product is typically consumed warm or at room temperature.","<strong>Soy milk</strong><br><br>This product is a liquid, soy-based food product made from soybeans. It has a uniform, liquid consistency and can be poured and drunk. The product is typically consumed cold or at room temperature.","<strong>Yuba (tofu skin)</strong><br><br>This product is a rubbery, firm, soy-based food product made from coagulated soy milk. It has a rubbery, firm consistency that holds its shape, and are easy to chew. The product is typically consumed warm.","<strong>Cow’s milk</strong><br><br>This product is a liquid, dairy-based food product made from cow’s milk. It has a uniform, liquid consistency and can be poured and drunk. The product is typically consumed cold or at room temperature.","<strong>Yoghurt from cow’s milk</strong><br><br>This product is a creamy, dairy-based food product made from fermented cow’s milk. It has a creamy consistency and can be eaten with a spoon. The product is typically consumed cold.","<strong>Douhua</strong><br><br>This product is a soft, firm, soy-based food product made from coagulated soymilk. It has a soft, firm consistency that holds its shape but can be easily divided with a spoon. The product is typically consumed cold or warm.","https://raw.githubusercontent.com/HjorthenA/SoyDairyProducts/main/"
49,"SOY_LIQ","DAIRY_LIQ","DAIRY_SOLID","SOY_SEMI","SOY_SOLID","DAIRY_SEMI","<strong>Soy milk</strong><br><br>This product is a liquid, soy-based food product made from soybeans. It has a uniform, liquid consistency and can be poured and drunk. The product is typically consumed cold or at room temperature.","<strong>Cow’s milk</strong><br><br>This product is a liquid, dairy-based food product made from cow’s milk. It has a uniform, liquid consistency and can be poured and drunk. The product is typically consumed cold or at room temperature.","<strong>Cheese from cow’s milk</strong><br><br>This product is a firm dairy-based food product made from cow’s milk. Often known as cheese for pizza. When heated it has a smooth, creamy to chewy, elastic consistency. The product is typically consumed warm or at room temperature.","<strong>Douhua</strong><br><br>This product is a soft, firm, soy-based food product made from coagulated soymilk. It has a soft, firm consistency that holds its shape but can be easily divided with a spoon. The product is typically consumed cold or warm.","<strong>Yuba (tofu skin)</strong><br><br>This product is a rubbery, firm, soy-based food product made from coagulated soy milk. It has a rubbery, firm consistency that holds its shape, and are easy to chew. The product is typically consumed warm.","<strong>Yoghurt from cow’s milk</strong><br><br>This product is a creamy, dairy-based food product made from fermented cow’s milk. It has a creamy consistency and can be eaten with a spoon. The product is typically consumed cold.","https://raw.githubusercontent.com/HjorthenA/SoyDairyProducts/main/"
50,"DAIRY_LIQ","SOY_SEMI","SOY_LIQ","DAIRY_SEMI","DAIRY_SOLID","SOY_SOLID","<strong>Cow’s milk</strong><br><br>This product is a liquid, dairy-based food product made from cow’s milk. It has a uniform, liquid consistency and can be poured and drunk. The product is typically consumed cold or at room temperature.","<strong>Douhua</strong><br><br>This product is a soft, firm, soy-based food product made from coagulated soymilk. It has a soft, firm consistency that holds its shape but can be easily divided with a spoon. The product is typically consumed cold or warm.","<strong>Soy milk</strong><br><br>This product is a liquid, soy-based food product made from soybeans. It has a uniform, liquid consistency and can be poured and drunk. The product is typically consumed cold or at room temperature.","<strong>Yoghurt from cow’s milk</strong><br><br>This product is a creamy, dairy-based food product made from fermented cow’s milk. It has a creamy consistency and can be eaten with a spoon. The product is typically consumed cold.","<strong>Cheese from cow’s milk</strong><br><br>This product is a firm dairy-based food product made from cow’s milk. Often known as cheese for pizza. When heated it has a smooth, creamy to chewy, elastic consistency. The product is typically consumed warm or at room temperature.","<strong>Yuba (tofu skin)</strong><br><br>This product is a rubbery, firm, soy-based food product made from coagulated soy milk. It has a rubbery, firm consistency that holds its shape, and are easy to chew. The product is typically consumed warm.","https://raw.githubusercontent.com/HjorthenA/SoyDairyProducts/main/"
51,"SOY_SEMI","DAIRY_SEMI","DAIRY_LIQ","SOY_SOLID","SOY_LIQ","DAIRY_SOLID","<strong>Douhua</strong><br><br>This product is a soft, firm, soy-based food product made from coagulated soymilk. It has a soft, firm consistency that holds its shape but can be easily divided with a spoon. The product is typically consumed cold or warm.","<strong>Yoghurt from cow’s milk</strong><br><br>This product is a creamy, dairy-based food product made from fermented cow’s milk. It has a creamy consistency and can be eaten with a spoon. The product is typically consumed cold.","<strong>Cow’s milk</strong><br><br>This product is a liquid, dairy-based food product made from cow’s milk. It has a uniform, liquid consistency and can be poured and drunk. The product is typically consumed cold or at room temperature.","<strong>Yuba (tofu skin)</strong><br><br>This product is a rubbery, firm, soy-based food product made from coagulated soy milk. It has a rubbery, firm consistency that holds its shape, and are easy to chew. The product is typically consumed warm.","<strong>Soy milk</strong><br><br>This product is a liquid, soy-based food product made from soybeans. It has a uniform, liquid consistency and can be poured and drunk. The product is typically consumed cold or at room temperature.","<strong>Cheese from cow’s milk</strong><br><br>This product is a firm dairy-based food product made from cow’s milk. Often known as cheese for pizza. When heated it has a smooth, creamy to chewy, elastic consistency. The product is typically consumed warm or at room temperature.","https://raw.githubusercontent.com/HjorthenA/SoyDairyProducts/main/"
52,"DAIRY_SEMI","SOY_SOLID","SOY_SEMI","DAIRY_SOLID","DAIRY_LIQ","SOY_LIQ","<strong>Yoghurt from cow’s milk</strong><br><br>This product is a creamy, dairy-based food product made from fermented cow’s milk. It has a creamy consistency and can be eaten with a spoon. The product is typically consumed cold.","<strong>Yuba (tofu skin)</strong><br><br>This product is a rubbery, firm, soy-based food product made from coagulated soy milk. It has a rubbery, firm consistency that holds its shape, and are easy to chew. The product is typically consumed warm.","<strong>Douhua</strong><br><br>This product is a soft, firm, soy-based food product made from coagulated soymilk. It has a soft, firm consistency that holds its shape but can be easily divided with a spoon. The product is typically consumed cold or warm.","<strong>Cheese from cow’s milk</strong><br><br>This product is a firm dairy-based food product made from cow’s milk. Often known as cheese for pizza. When heated it has a smooth, creamy to chewy, elastic consistency. The product is typically consumed warm or at room temperature.","<strong>Cow’s milk</strong><br><br>This product is a liquid, dairy-based food product made from cow’s milk. It has a uniform, liquid consistency and can be poured and drunk. The product is typically consumed cold or at room temperature.","<strong>Soy milk</strong><br><br>This product is a liquid, soy-based food product made from soybeans. It has a uniform, liquid consistency and can be poured and drunk. The product is typically consumed cold or at room temperature.","https://raw.githubusercontent.com/HjorthenA/SoyDairyProducts/main/"
53,"SOY_SOLID","DAIRY_SOLID","DAIRY_SEMI","SOY_LIQ","SOY_SEMI","DAIRY_LIQ","<strong>Yuba (tofu skin)</strong><br><br>This product is a rubbery, firm, soy-based food product made from coagulated soy milk. It has a rubbery, firm consistency that holds its shape, and are easy to chew. The product is typically consumed warm.","<strong>Cheese from cow’s milk</strong><br><br>This product is a firm dairy-based food product made from cow’s milk. Often known as cheese for pizza. When heated it has a smooth, creamy to chewy, elastic consistency. The product is typically consumed warm or at room temperature.","<strong>Yoghurt from cow’s milk</strong><br><br>This product is a creamy, dairy-based food product made from fermented cow’s milk. It has a creamy consistency and can be eaten with a spoon. The product is typically consumed cold.","<strong>Soy milk</strong><br><br>This product is a liquid, soy-based food product made from soybeans. It has a uniform, liquid consistency and can be poured and drunk. The product is typically consumed cold or at room temperature.","<strong>Douhua</strong><br><br>This product is a soft, firm, soy-based food product made from coagulated soymilk. It has a soft, firm consistency that holds its shape but can be easily divided with a spoon. The product is typically consumed cold or warm.","<strong>Cow’s milk</strong><br><br>This product is a liquid, dairy-based food product made from cow’s milk. It has a uniform, liquid consistency and can be poured and drunk. The product is typically consumed cold or at room temperature.","https://raw.githubusercontent.com/HjorthenA/SoyDairyProducts/main/"
54,"DAIRY_SOLID","SOY_LIQ","SOY_SOLID","DAIRY_LIQ","DAIRY_SEMI","SOY_SEMI","<strong>Cheese from cow’s milk</strong><br><br>This product is a firm dairy-based food product made from cow’s milk. Often known as cheese for pizza. When heated it has a smooth, creamy to chewy, elastic consistency. The product is typically consumed warm or at room temperature.","<strong>Soy milk</strong><br><br>This product is a liquid, soy-based food product made from soybeans. It has a uniform, liquid consistency and can be poured and drunk. The product is typically consumed cold or at room temperature.","<strong>Yuba (tofu skin)</strong><br><br>This product is a rubbery, firm, soy-based food product made from coagulated soy milk. It has a rubbery, firm consistency that holds its shape, and are easy to chew. The product is typically consumed warm.","<strong>Cow’s milk</strong><br><br>This product is a liquid, dairy-based food product made from cow’s milk. It has a uniform, liquid consistency and can be poured and drunk. The product is typically consumed cold or at room temperature.","<strong>Yoghurt from cow’s milk</strong><br><br>This product is a creamy, dairy-based food product made from fermented cow’s milk. It has a creamy consistency and can be eaten with a spoon. The product is typically consumed cold.","<strong>Douhua</strong><br><br>This product is a soft, firm, soy-based food product made from coagulated soymilk. It has a soft, firm consistency that holds its shape but can be easily divided with a spoon. The product is typically consumed cold or warm.","https://raw.githubusercontent.com/HjorthenA/SoyDairyProducts/main/"
55,"SOY_LIQ","DAIRY_LIQ","DAIRY_SOLID","SOY_SEMI","SOY_SOLID","DAIRY_SEMI","<strong>Soy milk</strong><br><br>This product is a liquid, soy-based food product made from soybeans. It has a uniform, liquid consistency and can be poured and drunk. The product is typically consumed cold or at room temperature.","<strong>Cow’s milk</strong><br><br>This product is a liquid, dairy-based food product made from cow’s milk. It has a uniform, liquid consistency and can be poured and drunk. The product is typically consumed cold or at room temperature.","<strong>Cheese from cow’s milk</strong><br><br>This product is a firm dairy-based food product made from cow’s milk. Often known as cheese for pizza. When heated it has a smooth, creamy to chewy, elastic consistency. The product is typically consumed warm or at room temperature.","<strong>Douhua</strong><br><br>This product is a soft, firm, soy-based food product made from coagulated soymilk. It has a soft, firm consistency that holds its shape but can be easily divided with a spoon. The product is typically consumed cold or warm.","<strong>Yuba (tofu skin)</strong><br><br>This product is a rubbery, firm, soy-based food product made from coagulated soy milk. It has a rubbery, firm consistency that holds its shape, and are easy to chew. The product is typically consumed warm.","<strong>Yoghurt from cow’s milk</strong><br><br>This product is a creamy, dairy-based food product made from fermented cow’s milk. It has a creamy consistency and can be eaten with a spoon. The product is typically consumed cold.","https://raw.githubusercontent.com/HjorthenA/SoyDairyProducts/main/"
56,"DAIRY_LIQ","SOY_SEMI","SOY_LIQ","DAIRY_SEMI","DAIRY_SOLID","SOY_SOLID","<strong>Cow’s milk</strong><br><br>This product is a liquid, dairy-based food product made from cow’s milk. It has a uniform, liquid consistency and can be poured and drunk. The product is typically consumed cold or at room temperature.","<strong>Douhua</strong><br><br>This product is a soft, firm, soy-based food product made from coagulated soymilk. It has a soft, firm consistency that holds its shape but can be easily divided with a spoon. The product is typically consumed cold or warm.","<strong>Soy milk</strong><br><br>This product is a liquid, soy-based food product made from soybeans. It has a uniform, liquid consistency and can be poured and drunk. The product is typically consumed cold or at room temperature.","<strong>Yoghurt from cow’s milk</strong><br><br>This product is a creamy, dairy-based food product made from fermented cow’s milk. It has a creamy consistency and can be eaten with a spoon. The product is typically consumed cold.","<strong>Cheese from cow’s milk</strong><br><br>This product is a firm dairy-based food product made from cow’s milk. Often known as cheese for pizza. When heated it has a smooth, creamy to chewy, elastic consistency. The product is typically consumed warm or at room temperature.","<strong>Yuba (tofu skin)</strong><br><br>This product is a rubbery, firm, soy-based food product made from coagulated soy milk. It has a rubbery, firm consistency that holds its shape, and are easy to chew. The product is typically consumed warm.","https://raw.githubusercontent.com/HjorthenA/SoyDairyProducts/main/"
57,"SOY_SEMI","DAIRY_SEMI","DAIRY_LIQ","SOY_SOLID","SOY_LIQ","DAIRY_SOLID","<strong>Douhua</strong><br><br>This product is a soft, firm, soy-based food product made from coagulated soymilk. It has a soft, firm consistency that holds its shape but can be easily divided with a spoon. The product is typically consumed cold or warm.","<strong>Yoghurt from cow’s milk</strong><br><br>This product is a creamy, dairy-based food product made from fermented cow’s milk. It has a creamy consistency and can be eaten with a spoon. The product is typically consumed cold.","<strong>Cow’s milk</strong><br><br>This product is a liquid, dairy-based food product made from cow’s milk. It has a uniform, liquid consistency and can be poured and drunk. The product is typically consumed cold or at room temperature.","<strong>Yuba (tofu skin)</strong><br><br>This product is a rubbery, firm, soy-based food product made from coagulated soy milk. It has a rubbery, firm consistency that holds its shape, and are easy to chew. The product is typically consumed warm.","<strong>Soy milk</strong><br><br>This product is a liquid, soy-based food product made from soybeans. It has a uniform, liquid consistency and can be poured and drunk. The product is typically consumed cold or at room temperature.","<strong>Cheese from cow’s milk</strong><br><br>This product is a firm dairy-based food product made from cow’s milk. Often known as cheese for pizza. When heated it has a smooth, creamy to chewy, elastic consistency. The product is typically consumed warm or at room temperature.","https://raw.githubusercontent.com/HjorthenA/SoyDairyProducts/main/"
58,"DAIRY_SEMI","SOY_SOLID","SOY_SEMI","DAIRY_SOLID","DAIRY_LIQ","SOY_LIQ","<strong>Yoghurt from cow’s milk</strong><br><br>This product is a creamy, dairy-based food product made from fermented cow’s milk. It has a creamy consistency and can be eaten with a spoon. The product is typically consumed cold.","<strong>Yuba (tofu skin)</strong><br><br>This product is a rubbery, firm, soy-based food product made from coagulated soy milk. It has a rubbery, firm consistency that holds its shape, and are easy to chew. The product is typically consumed warm.","<strong>Douhua</strong><br><br>This product is a soft, firm, soy-based food product made from coagulated soymilk. It has a soft, firm consistency that holds its shape but can be easily divided with a spoon. The product is typically consumed cold or warm.","<strong>Cheese from cow’s milk</strong><br><br>This product is a firm dairy-based food product made from cow’s milk. Often known as cheese for pizza. When heated it has a smooth, creamy to chewy, elastic consistency. The product is typically consumed warm or at room temperature.","<strong>Cow’s milk</strong><br><br>This product is a liquid, dairy-based food product made from cow’s milk. It has a uniform, liquid consistency and can be poured and drunk. The product is typically consumed cold or at room temperature.","<strong>Soy milk</strong><br><br>This product is a liquid, soy-based food product made from soybeans. It has a uniform, liquid consistency and can be poured and drunk. The product is typically consumed cold or at room temperature.","https://raw.githubusercontent.com/HjorthenA/SoyDairyProducts/main/"
59,"SOY_SOLID","DAIRY_SOLID","DAIRY_SEMI","SOY_LIQ","SOY_SEMI","DAIRY_LIQ","<strong>Yuba (tofu skin)</strong><br><br>This product is a rubbery, firm, soy-based food product made from coagulated soy milk. It has a rubbery, firm consistency that holds its shape, and are easy to chew. The product is typically consumed warm.","<strong>Cheese from cow’s milk</strong><br><br>This product is a firm dairy-based food product made from cow’s milk. Often known as cheese for pizza. When heated it has a smooth, creamy to chewy, elastic consistency. The product is typically consumed warm or at room temperature.","<strong>Yoghurt from cow’s milk</strong><br><br>This product is a creamy, dairy-based food product made from fermented cow’s milk. It has a creamy consistency and can be eaten with a spoon. The product is typically consumed cold.","<strong>Soy milk</strong><br><br>This product is a liquid, soy-based food product made from soybeans. It has a uniform, liquid consistency and can be poured and drunk. The product is typically consumed cold or at room temperature.","<strong>Douhua</strong><br><br>This product is a soft, firm, soy-based food product made from coagulated soymilk. It has a soft, firm consistency that holds its shape but can be easily divided with a spoon. The product is typically consumed cold or warm.","<strong>Cow’s milk</strong><br><br>This product is a liquid, dairy-based food product made from cow’s milk. It has a uniform, liquid consistency and can be poured and drunk. The product is typically consumed cold or at room temperature.","https://raw.githubusercontent.com/HjorthenA/SoyDairyProducts/main/"
60,"DAIRY_SOLID","SOY_LIQ","SOY_SOLID","DAIRY_LIQ","DAIRY_SEMI","SOY_SEMI","<strong>Cheese from cow’s milk</strong><br><br>This product is a firm dairy-based food product made from cow’s milk. Often known as cheese for pizza. When heated it has a smooth, creamy to chewy, elastic consistency. The product is typically consumed warm or at room temperature.","<strong>Soy milk</strong><br><br>This product is a liquid, soy-based food product made from soybeans. It has a uniform, liquid consistency and can be poured and drunk. The product is typically consumed cold or at room temperature.","<strong>Yuba (tofu skin)</strong><br><br>This product is a rubbery, firm, soy-based food product made from coagulated soy milk. It has a rubbery, firm consistency that holds its shape, and are easy to chew. The product is typically consumed warm.","<strong>Cow’s milk</strong><br><br>This product is a liquid, dairy-based food product made from cow’s milk. It has a uniform, liquid consistency and can be poured and drunk. The product is typically consumed cold or at room temperature.","<strong>Yoghurt from cow’s milk</strong><br><br>This product is a creamy, dairy-based food product made from fermented cow’s milk. It has a creamy consistency and can be eaten with a spoon. The product is typically consumed cold.","<strong>Douhua</strong><br><br>This product is a soft, firm, soy-based food product made from coagulated soymilk. It has a soft, firm consistency that holds its shape but can be easily divided with a spoon. The product is typically consumed cold or warm.","https://raw.githubusercontent.com/HjorthenA/SoyDairyProducts/main/"
61,"SOY_LIQ","DAIRY_LIQ","DAIRY_SOLID","SOY_SEMI","SOY_SOLID","DAIRY_SEMI","<strong>Soy milk</strong><br><br>This product is a liquid, soy-based food product made from soybeans. It has a uniform, liquid consistency and can be poured and drunk. The product is typically consumed cold or at room temperature.","<strong>Cow’s milk</strong><br><br>This product is a liquid, dairy-based food product made from cow’s milk. It has a uniform, liquid consistency and can be poured and drunk. The product is typically consumed cold or at room temperature.","<strong>Cheese from cow’s milk</strong><br><br>This product is a firm dairy-based food product made from cow’s milk. Often known as cheese for pizza. When heated it has a smooth, creamy to chewy, elastic consistency. The product is typically consumed warm or at room temperature.","<strong>Douhua</strong><br><br>This product is a soft, firm, soy-based food product made from coagulated soymilk. It has a soft, firm consistency that holds its shape but can be easily divided with a spoon. The product is typically consumed cold or warm.","<strong>Yuba (tofu skin)</strong><br><br>This product is a rubbery, firm, soy-based food product made from coagulated soy milk. It has a rubbery, firm consistency that holds its shape, and are easy to chew. The product is typically consumed warm.","<strong>Yoghurt from cow’s milk</strong><br><br>This product is a creamy, dairy-based food product made from fermented cow’s milk. It has a creamy consistency and can be eaten with a spoon. The product is typically consumed cold.","https://raw.githubusercontent.com/HjorthenA/SoyDairyProducts/main/"
62,"DAIRY_LIQ","SOY_SEMI","SOY_LIQ","DAIRY_SEMI","DAIRY_SOLID","SOY_SOLID","<strong>Cow’s milk</strong><br><br>This product is a liquid, dairy-based food product made from cow’s milk. It has a uniform, liquid consistency and can be poured and drunk. The product is typically consumed cold or at room temperature.","<strong>Douhua</strong><br><br>This product is a soft, firm, soy-based food product made from coagulated soymilk. It has a soft, firm consistency that holds its shape but can be easily divided with a spoon. The product is typically consumed cold or warm.","<strong>Soy milk</strong><br><br>This product is a liquid, soy-based food product made from soybeans. It has a uniform, liquid consistency and can be poured and drunk. The product is typically consumed cold or at room temperature.","<strong>Yoghurt from cow’s milk</strong><br><br>This product is a creamy, dairy-based food product made from fermented cow’s milk. It has a creamy consistency and can be eaten with a spoon. The product is typically consumed cold.","<strong>Cheese from cow’s milk</strong><br><br>This product is a firm dairy-based food product made from cow’s milk. Often known as cheese for pizza. When heated it has a smooth, creamy to chewy, elastic consistency. The product is typically consumed warm or at room temperature.","<strong>Yuba (tofu skin)</strong><br><br>This product is a rubbery, firm, soy-based food product made from coagulated soy milk. It has a rubbery, firm consistency that holds its shape, and are easy to chew. The product is typically consumed warm.","https://raw.githubusercontent.com/HjorthenA/SoyDairyProducts/main/"
63,"SOY_SEMI","DAIRY_SEMI","DAIRY_LIQ","SOY_SOLID","SOY_LIQ","DAIRY_SOLID","<strong>Douhua</strong><br><br>This product is a soft, firm, soy-based food product made from coagulated soymilk. It has a soft, firm consistency that holds its shape but can be easily divided with a spoon. The product is typically consumed cold or warm.","<strong>Yoghurt from cow’s milk</strong><br><br>This product is a creamy, dairy-based food product made from fermented cow’s milk. It has a creamy consistency and can be eaten with a spoon. The product is typically consumed cold.","<strong>Cow’s milk</strong><br><br>This product is a liquid, dairy-based food product made from cow’s milk. It has a uniform, liquid consistency and can be poured and drunk. The product is typically consumed cold or at room temperature.","<strong>Yuba (tofu skin)</strong><br><br>This product is a rubbery, firm, soy-based food product made from coagulated soy milk. It has a rubbery, firm consistency that holds its shape, and are easy to chew. The product is typically consumed warm.","<strong>Soy milk</strong><br><br>This product is a liquid, soy-based food product made from soybeans. It has a uniform, liquid consistency and can be poured and drunk. The product is typically consumed cold or at room temperature.","<strong>Cheese from cow’s milk</strong><br><br>This product is a firm dairy-based food product made from cow’s milk. Often known as cheese for pizza. When heated it has a smooth, creamy to chewy, elastic consistency. The product is typically consumed warm or at room temperature.","https://raw.githubusercontent.com/HjorthenA/SoyDairyProducts/main/"
64,"DAIRY_SEMI","SOY_SOLID","SOY_SEMI","DAIRY_SOLID","DAIRY_LIQ","SOY_LIQ","<strong>Yoghurt from cow’s milk</strong><br><br>This product is a creamy, dairy-based food product made from fermented cow’s milk. It has a creamy consistency and can be eaten with a spoon. The product is typically consumed cold.","<strong>Yuba (tofu skin)</strong><br><br>This product is a rubbery, firm, soy-based food product made from coagulated soy milk. It has a rubbery, firm consistency that holds its shape, and are easy to chew. The product is typically consumed warm.","<strong>Douhua</strong><br><br>This product is a soft, firm, soy-based food product made from coagulated soymilk. It has a soft, firm consistency that holds its shape but can be easily divided with a spoon. The product is typically consumed cold or warm.","<strong>Cheese from cow’s milk</strong><br><br>This product is a firm dairy-based food product made from cow’s milk. Often known as cheese for pizza. When heated it has a smooth, creamy to chewy, elastic consistency. The product is typically consumed warm or at room temperature.","<strong>Cow’s milk</strong><br><br>This product is a liquid, dairy-based food product made from cow’s milk. It has a uniform, liquid consistency and can be poured and drunk. The product is typically consumed cold or at room temperature.","<strong>Soy milk</strong><br><br>This product is a liquid, soy-based food product made from soybeans. It has a uniform, liquid consistency and can be poured and drunk. The product is typically consumed cold or at room temperature.","https://raw.githubusercontent.com/HjorthenA/SoyDairyProducts/main/"
65,"SOY_SOLID","DAIRY_SOLID","DAIRY_SEMI","SOY_LIQ","SOY_SEMI","DAIRY_LIQ","<strong>Yuba (tofu skin)</strong><br><br>This product is a rubbery, firm, soy-based food product made from coagulated soy milk. It has a rubbery, firm consistency that holds its shape, and are easy to chew. The product is typically consumed warm.","<strong>Cheese from cow’s milk</strong><br><br>This product is a firm dairy-based food product made from cow’s milk. Often known as cheese for pizza. When heated it has a smooth, creamy to chewy, elastic consistency. The product is typically consumed warm or at room temperature.","<strong>Yoghurt from cow’s milk</strong><br><br>This product is a creamy, dairy-based food product made from fermented cow’s milk. It has a creamy consistency and can be eaten with a spoon. The product is typically consumed cold.","<strong>Soy milk</strong><br><br>This product is a liquid, soy-based food product made from soybeans. It has a uniform, liquid consistency and can be poured and drunk. The product is typically consumed cold or at room temperature.","<strong>Douhua</strong><br><br>This product is a soft, firm, soy-based food product made from coagulated soymilk. It has a soft, firm consistency that holds its shape but can be easily divided with a spoon. The product is typically consumed cold or warm.","<strong>Cow’s milk</strong><br><br>This product is a liquid, dairy-based food product made from cow’s milk. It has a uniform, liquid consistency and can be poured and drunk. The product is typically consumed cold or at room temperature.","https://raw.githubusercontent.com/HjorthenA/SoyDairyProducts/main/"
66,"DAIRY_SOLID","SOY_LIQ","SOY_SOLID","DAIRY_LIQ","DAIRY_SEMI","SOY_SEMI","<strong>Cheese from cow’s milk</strong><br><br>This product is a firm dairy-based food product made from cow’s milk. Often known as cheese for pizza. When heated it has a smooth, creamy to chewy, elastic consistency. The product is typically consumed warm or at room temperature.","<strong>Soy milk</strong><br><br>This product is a liquid, soy-based food product made from soybeans. It has a uniform, liquid consistency and can be poured and drunk. The product is typically consumed cold or at room temperature.","<strong>Yuba (tofu skin)</strong><br><br>This product is a rubbery, firm, soy-based food product made from coagulated soy milk. It has a rubbery, firm consistency that holds its shape, and are easy to chew. The product is typically consumed warm.","<strong>Cow’s milk</strong><br><br>This product is a liquid, dairy-based food product made from cow’s milk. It has a uniform, liquid consistency and can be poured and drunk. The product is typically consumed cold or at room temperature.","<strong>Yoghurt from cow’s milk</strong><br><br>This product is a creamy, dairy-based food product made from fermented cow’s milk. It has a creamy consistency and can be eaten with a spoon. The product is typically consumed cold.","<strong>Douhua</strong><br><br>This product is a soft, firm, soy-based food product made from coagulated soymilk. It has a soft, firm consistency that holds its shape but can be easily divided with a spoon. The product is typically consumed cold or warm.","https://raw.githubusercontent.com/HjorthenA/SoyDairyProducts/main/"
67,"SOY_LIQ","DAIRY_LIQ","DAIRY_SOLID","SOY_SEMI","SOY_SOLID","DAIRY_SEMI","<strong>Soy milk</strong><br><br>This product is a liquid, soy-based food product made from soybeans. It has a uniform, liquid consistency and can be poured and drunk. The product is typically consumed cold or at room temperature.","<strong>Cow’s milk</strong><br><br>This product is a liquid, dairy-based food product made from cow’s milk. It has a uniform, liquid consistency and can be poured and drunk. The product is typically consumed cold or at room temperature.","<strong>Cheese from cow’s milk</strong><br><br>This product is a firm dairy-based food product made from cow’s milk. Often known as cheese for pizza. When heated it has a smooth, creamy to chewy, elastic consistency. The product is typically consumed warm or at room temperature.","<strong>Douhua</strong><br><br>This product is a soft, firm, soy-based food product made from coagulated soymilk. It has a soft, firm consistency that holds its shape but can be easily divided with a spoon. The product is typically consumed cold or warm.","<strong>Yuba (tofu skin)</strong><br><br>This product is a rubbery, firm, soy-based food product made from coagulated soy milk. It has a rubbery, firm consistency that holds its shape, and are easy to chew. The product is typically consumed warm.","<strong>Yoghurt from cow’s milk</strong><br><br>This product is a creamy, dairy-based food product made from fermented cow’s milk. It has a creamy consistency and can be eaten with a spoon. The product is typically consumed cold.","https://raw.githubusercontent.com/HjorthenA/SoyDairyProducts/main/"
68,"DAIRY_LIQ","SOY_SEMI","SOY_LIQ","DAIRY_SEMI","DAIRY_SOLID","SOY_SOLID","<strong>Cow’s milk</strong><br><br>This product is a liquid, dairy-based food product made from cow’s milk. It has a uniform, liquid consistency and can be poured and drunk. The product is typically consumed cold or at room temperature.","<strong>Douhua</strong><br><br>This product is a soft, firm, soy-based food product made from coagulated soymilk. It has a soft, firm consistency that holds its shape but can be easily divided with a spoon. The product is typically consumed cold or warm.","<strong>Soy milk</strong><br><br>This product is a liquid, soy-based food product made from soybeans. It has a uniform, liquid consistency and can be poured and drunk. The product is typically consumed cold or at room temperature.","<strong>Yoghurt from cow’s milk</strong><br><br>This product is a creamy, dairy-based food product made from fermented cow’s milk. It has a creamy consistency and can be eaten with a spoon. The product is typically consumed cold.","<strong>Cheese from cow’s milk</strong><br><br>This product is a firm dairy-based food product made from cow’s milk. Often known as cheese for pizza. When heated it has a smooth, creamy to chewy, elastic consistency. The product is typically consumed warm or at room temperature.","<strong>Yuba (tofu skin)</strong><br><br>This product is a rubbery, firm, soy-based food product made from coagulated soy milk. It has a rubbery, firm consistency that holds its shape, and are easy to chew. The product is typically consumed warm.","https://raw.githubusercontent.com/HjorthenA/SoyDairyProducts/main/"
69,"SOY_SEMI","DAIRY_SEMI","DAIRY_LIQ","SOY_SOLID","SOY_LIQ","DAIRY_SOLID","<strong>Douhua</strong><br><br>This product is a soft, firm, soy-based food product made from coagulated soymilk. It has a soft, firm consistency that holds its shape but can be easily divided with a spoon. The product is typically consumed cold or warm.","<strong>Yoghurt from cow’s milk</strong><br><br>This product is a creamy, dairy-based food product made from fermented cow’s milk. It has a creamy consistency and can be eaten with a spoon. The product is typically consumed cold.","<strong>Cow’s milk</strong><br><br>This product is a liquid, dairy-based food product made from cow’s milk. It has a uniform, liquid consistency and can be poured and drunk. The product is typically consumed cold or at room temperature.","<strong>Yuba (tofu skin)</strong><br><br>This product is a rubbery, firm, soy-based food product made from coagulated soy milk. It has a rubbery, firm consistency that holds its shape, and are easy to chew. The product is typically consumed warm.","<strong>Soy milk</strong><br><br>This product is a liquid, soy-based food product made from soybeans. It has a uniform, liquid consistency and can be poured and drunk. The product is typically consumed cold or at room temperature.","<strong>Cheese from cow’s milk</strong><br><br>This product is a firm dairy-based food product made from cow’s milk. Often known as cheese for pizza. When heated it has a smooth, creamy to chewy, elastic consistency. The product is typically consumed warm or at room temperature.","https://raw.githubusercontent.com/HjorthenA/SoyDairyProducts/main/"
70,"DAIRY_SEMI","SOY_SOLID","SOY_SEMI","DAIRY_SOLID","DAIRY_LIQ","SOY_LIQ","<strong>Yoghurt from cow’s milk</strong><br><br>This product is a creamy, dairy-based food product made from fermented cow’s milk. It has a creamy consistency and can be eaten with a spoon. The product is typically consumed cold.","<strong>Yuba (tofu skin)</strong><br><br>This product is a rubbery, firm, soy-based food product made from coagulated soy milk. It has a rubbery, firm consistency that holds its shape, and are easy to chew. The product is typically consumed warm.","<strong>Douhua</strong><br><br>This product is a soft, firm, soy-based food product made from coagulated soymilk. It has a soft, firm consistency that holds its shape but can be easily divided with a spoon. The product is typically consumed cold or warm.","<strong>Cheese from cow’s milk</strong><br><br>This product is a firm dairy-based food product made from cow’s milk. Often known as cheese for pizza. When heated it has a smooth, creamy to chewy, elastic consistency. The product is typically consumed warm or at room temperature.","<strong>Cow’s milk</strong><br><br>This product is a liquid, dairy-based food product made from cow’s milk. It has a uniform, liquid consistency and can be poured and drunk. The product is typically consumed cold or at room temperature.","<strong>Soy milk</strong><br><br>This product is a liquid, soy-based food product made from soybeans. It has a uniform, liquid consistency and can be poured and drunk. The product is typically consumed cold or at room temperature.","https://raw.githubusercontent.com/HjorthenA/SoyDairyProducts/main/"
71,"SOY_SOLID","DAIRY_SOLID","DAIRY_SEMI","SOY_LIQ","SOY_SEMI","DAIRY_LIQ","<strong>Yuba (tofu skin)</strong><br><br>This product is a rubbery, firm, soy-based food product made from coagulated soy milk. It has a rubbery, firm consistency that holds its shape, and are easy to chew. The product is typically consumed warm.","<strong>Cheese from cow’s milk</strong><br><br>This product is a firm dairy-based food product made from cow’s milk. Often known as cheese for pizza. When heated it has a smooth, creamy to chewy, elastic consistency. The product is typically consumed warm or at room temperature.","<strong>Yoghurt from cow’s milk</strong><br><br>This product is a creamy, dairy-based food product made from fermented cow’s milk. It has a creamy consistency and can be eaten with a spoon. The product is typically consumed cold.","<strong>Soy milk</strong><br><br>This product is a liquid, soy-based food product made from soybeans. It has a uniform, liquid consistency and can be poured and drunk. The product is typically consumed cold or at room temperature.","<strong>Douhua</strong><br><br>This product is a soft, firm, soy-based food product made from coagulated soymilk. It has a soft, firm consistency that holds its shape but can be easily divided with a spoon. The product is typically consumed cold or warm.","<strong>Cow’s milk</strong><br><br>This product is a liquid, dairy-based food product made from cow’s milk. It has a uniform, liquid consistency and can be poured and drunk. The product is typically consumed cold or at room temperature.","https://raw.githubusercontent.com/HjorthenA/SoyDairyProducts/main/"
72,"DAIRY_SOLID","SOY_LIQ","SOY_SOLID","DAIRY_LIQ","DAIRY_SEMI","SOY_SEMI","<strong>Cheese from cow’s milk</strong><br><br>This product is a firm dairy-based food product made from cow’s milk. Often known as cheese for pizza. When heated it has a smooth, creamy to chewy, elastic consistency. The product is typically consumed warm or at room temperature.","<strong>Soy milk</strong><br><br>This product is a liquid, soy-based food product made from soybeans. It has a uniform, liquid consistency and can be poured and drunk. The product is typically consumed cold or at room temperature.","<strong>Yuba (tofu skin)</strong><br><br>This product is a rubbery, firm, soy-based food product made from coagulated soy milk. It has a rubbery, firm consistency that holds its shape, and are easy to chew. The product is typically consumed warm.","<strong>Cow’s milk</strong><br><br>This product is a liquid, dairy-based food product made from cow’s milk. It has a uniform, liquid consistency and can be poured and drunk. The product is typically consumed cold or at room temperature.","<strong>Yoghurt from cow’s milk</strong><br><br>This product is a creamy, dairy-based food product made from fermented cow’s milk. It has a creamy consistency and can be eaten with a spoon. The product is typically consumed cold.","<strong>Douhua</strong><br><br>This product is a soft, firm, soy-based food product made from coagulated soymilk. It has a soft, firm consistency that holds its shape but can be easily divided with a spoon. The product is typically consumed cold or warm.","https://raw.githubusercontent.com/HjorthenA/SoyDairyProducts/main/"
73,"SOY_LIQ","DAIRY_LIQ","DAIRY_SOLID","SOY_SEMI","SOY_SOLID","DAIRY_SEMI","<strong>Soy milk</strong><br><br>This product is a liquid, soy-based food product made from soybeans. It has a uniform, liquid consistency and can be poured and drunk. The product is typically consumed cold or at room temperature.","<strong>Cow’s milk</strong><br><br>This product is a liquid, dairy-based food product made from cow’s milk. It has a uniform, liquid consistency and can be poured and drunk. The product is typically consumed cold or at room temperature.","<strong>Cheese from cow’s milk</strong><br><br>This product is a firm dairy-based food product made from cow’s milk. Often known as cheese for pizza. When heated it has a smooth, creamy to chewy, elastic consistency. The product is typically consumed warm or at room temperature.","<strong>Douhua</strong><br><br>This product is a soft, firm, soy-based food product made from coagulated soymilk. It has a soft, firm consistency that holds its shape but can be easily divided with a spoon. The product is typically consumed cold or warm.","<strong>Yuba (tofu skin)</strong><br><br>This product is a rubbery, firm, soy-based food product made from coagulated soy milk. It has a rubbery, firm consistency that holds its shape, and are easy to chew. The product is typically consumed warm.","<strong>Yoghurt from cow’s milk</strong><br><br>This product is a creamy, dairy-based food product made from fermented cow’s milk. It has a creamy consistency and can be eaten with a spoon. The product is typically consumed cold.","https://raw.githubusercontent.com/HjorthenA/SoyDairyProducts/main/"
74,"DAIRY_LIQ","SOY_SEMI","SOY_LIQ","DAIRY_SEMI","DAIRY_SOLID","SOY_SOLID","<strong>Cow’s milk</strong><br><br>This product is a liquid, dairy-based food product made from cow’s milk. It has a uniform, liquid consistency and can be poured and drunk. The product is typically consumed cold or at room temperature.","<strong>Douhua</strong><br><br>This product is a soft, firm, soy-based food product made from coagulated soymilk. It has a soft, firm consistency that holds its shape but can be easily divided with a spoon. The product is typically consumed cold or warm.","<strong>Soy milk</strong><br><br>This product is a liquid, soy-based food product made from soybeans. It has a uniform, liquid consistency and can be poured and drunk. The product is typically consumed cold or at room temperature.","<strong>Yoghurt from cow’s milk</strong><br><br>This product is a creamy, dairy-based food product made from fermented cow’s milk. It has a creamy consistency and can be eaten with a spoon. The product is typically consumed cold.","<strong>Cheese from cow’s milk</strong><br><br>This product is a firm dairy-based food product made from cow’s milk. Often known as cheese for pizza. When heated it has a smooth, creamy to chewy, elastic consistency. The product is typically consumed warm or at room temperature.","<strong>Yuba (tofu skin)</strong><br><br>This product is a rubbery, firm, soy-based food product made from coagulated soy milk. It has a rubbery, firm consistency that holds its shape, and are easy to chew. The product is typically consumed warm.","https://raw.githubusercontent.com/HjorthenA/SoyDairyProducts/main/"
75,"SOY_SEMI","DAIRY_SEMI","DAIRY_LIQ","SOY_SOLID","SOY_LIQ","DAIRY_SOLID","<strong>Douhua</strong><br><br>This product is a soft, firm, soy-based food product made from coagulated soymilk. It has a soft, firm consistency that holds its shape but can be easily divided with a spoon. The product is typically consumed cold or warm.","<strong>Yoghurt from cow’s milk</strong><br><br>This product is a creamy, dairy-based food product made from fermented cow’s milk. It has a creamy consistency and can be eaten with a spoon. The product is typically consumed cold.","<strong>Cow’s milk</strong><br><br>This product is a liquid, dairy-based food product made from cow’s milk. It has a uniform, liquid consistency and can be poured and drunk. The product is typically consumed cold or at room temperature.","<strong>Yuba (tofu skin)</strong><br><br>This product is a rubbery, firm, soy-based food product made from coagulated soy milk. It has a rubbery, firm consistency that holds its shape, and are easy to chew. The product is typically consumed warm.","<strong>Soy milk</strong><br><br>This product is a liquid, soy-based food product made from soybeans. It has a uniform, liquid consistency and can be poured and drunk. The product is typically consumed cold or at room temperature.","<strong>Cheese from cow’s milk</strong><br><br>This product is a firm dairy-based food product made from cow’s milk. Often known as cheese for pizza. When heated it has a smooth, creamy to chewy, elastic consistency. The product is typically consumed warm or at room temperature.","https://raw.githubusercontent.com/HjorthenA/SoyDairyProducts/main/"
76,"DAIRY_SEMI","SOY_SOLID","SOY_SEMI","DAIRY_SOLID","DAIRY_LIQ","SOY_LIQ","<strong>Yoghurt from cow’s milk</strong><br><br>This product is a creamy, dairy-based food product made from fermented cow’s milk. It has a creamy consistency and can be eaten with a spoon. The product is typically consumed cold.","<strong>Yuba (tofu skin)</strong><br><br>This product is a rubbery, firm, soy-based food product made from coagulated soy milk. It has a rubbery, firm consistency that holds its shape, and are easy to chew. The product is typically consumed warm.","<strong>Douhua</strong><br><br>This product is a soft, firm, soy-based food product made from coagulated soymilk. It has a soft, firm consistency that holds its shape but can be easily divided with a spoon. The product is typically consumed cold or warm.","<strong>Cheese from cow’s milk</strong><br><br>This product is a firm dairy-based food product made from cow’s milk. Often known as cheese for pizza. When heated it has a smooth, creamy to chewy, elastic consistency. The product is typically consumed warm or at room temperature.","<strong>Cow’s milk</strong><br><br>This product is a liquid, dairy-based food product made from cow’s milk. It has a uniform, liquid consistency and can be poured and drunk. The product is typically consumed cold or at room temperature.","<strong>Soy milk</strong><br><br>This product is a liquid, soy-based food product made from soybeans. It has a uniform, liquid consistency and can be poured and drunk. The product is typically consumed cold or at room temperature.","https://raw.githubusercontent.com/HjorthenA/SoyDairyProducts/main/"
77,"SOY_SOLID","DAIRY_SOLID","DAIRY_SEMI","SOY_LIQ","SOY_SEMI","DAIRY_LIQ","<strong>Yuba (tofu skin)</strong><br><br>This product is a rubbery, firm, soy-based food product made from coagulated soy milk. It has a rubbery, firm consistency that holds its shape, and are easy to chew. The product is typically consumed warm.","<strong>Cheese from cow’s milk</strong><br><br>This product is a firm dairy-based food product made from cow’s milk. Often known as cheese for pizza. When heated it has a smooth, creamy to chewy, elastic consistency. The product is typically consumed warm or at room temperature.","<strong>Yoghurt from cow’s milk</strong><br><br>This product is a creamy, dairy-based food product made from fermented cow’s milk. It has a creamy consistency and can be eaten with a spoon. The product is typically consumed cold.","<strong>Soy milk</strong><br><br>This product is a liquid, soy-based food product made from soybeans. It has a uniform, liquid consistency and can be poured and drunk. The product is typically consumed cold or at room temperature.","<strong>Douhua</strong><br><br>This product is a soft, firm, soy-based food product made from coagulated soymilk. It has a soft, firm consistency that holds its shape but can be easily divided with a spoon. The product is typically consumed cold or warm.","<strong>Cow’s milk</strong><br><br>This product is a liquid, dairy-based food product made from cow’s milk. It has a uniform, liquid consistency and can be poured and drunk. The product is typically consumed cold or at room temperature.","https://raw.githubusercontent.com/HjorthenA/SoyDairyProducts/main/"
78,"DAIRY_SOLID","SOY_LIQ","SOY_SOLID","DAIRY_LIQ","DAIRY_SEMI","SOY_SEMI","<strong>Cheese from cow’s milk</strong><br><br>This product is a firm dairy-based food product made from cow’s milk. Often known as cheese for pizza. When heated it has a smooth, creamy to chewy, elastic consistency. The product is typically consumed warm or at room temperature.","<strong>Soy milk</strong><br><br>This product is a liquid, soy-based food product made from soybeans. It has a uniform, liquid consistency and can be poured and drunk. The product is typically consumed cold or at room temperature.","<strong>Yuba (tofu skin)</strong><br><br>This product is a rubbery, firm, soy-based food product made from coagulated soy milk. It has a rubbery, firm consistency that holds its shape, and are easy to chew. The product is typically consumed warm.","<strong>Cow’s milk</strong><br><br>This product is a liquid, dairy-based food product made from cow’s milk. It has a uniform, liquid consistency and can be poured and drunk. The product is typically consumed cold or at room temperature.","<strong>Yoghurt from cow’s milk</strong><br><br>This product is a creamy, dairy-based food product made from fermented cow’s milk. It has a creamy consistency and can be eaten with a spoon. The product is typically consumed cold.","<strong>Douhua</strong><br><br>This product is a soft, firm, soy-based food product made from coagulated soymilk. It has a soft, firm consistency that holds its shape but can be easily divided with a spoon. The product is typically consumed cold or warm.","https://raw.githubusercontent.com/HjorthenA/SoyDairyProducts/main/"
79,"SOY_LIQ","DAIRY_LIQ","DAIRY_SOLID","SOY_SEMI","SOY_SOLID","DAIRY_SEMI","<strong>Soy milk</strong><br><br>This product is a liquid, soy-based food product made from soybeans. It has a uniform, liquid consistency and can be poured and drunk. The product is typically consumed cold or at room temperature.","<strong>Cow’s milk</strong><br><br>This product is a liquid, dairy-based food product made from cow’s milk. It has a uniform, liquid consistency and can be poured and drunk. The product is typically consumed cold or at room temperature.","<strong>Cheese from cow’s milk</strong><br><br>This product is a firm dairy-based food product made from cow’s milk. Often known as cheese for pizza. When heated it has a smooth, creamy to chewy, elastic consistency. The product is typically consumed warm or at room temperature.","<strong>Douhua</strong><br><br>This product is a soft, firm, soy-based food product made from coagulated soymilk. It has a soft, firm consistency that holds its shape but can be easily divided with a spoon. The product is typically consumed cold or warm.","<strong>Yuba (tofu skin)</strong><br><br>This product is a rubbery, firm, soy-based food product made from coagulated soy milk. It has a rubbery, firm consistency that holds its shape, and are easy to chew. The product is typically consumed warm.","<strong>Yoghurt from cow’s milk</strong><br><br>This product is a creamy, dairy-based food product made from fermented cow’s milk. It has a creamy consistency and can be eaten with a spoon. The product is typically consumed cold.","https://raw.githubusercontent.com/HjorthenA/SoyDairyProducts/main/"
80,"DAIRY_LIQ","SOY_SEMI","SOY_LIQ","DAIRY_SEMI","DAIRY_SOLID","SOY_SOLID","<strong>Cow’s milk</strong><br><br>This product is a liquid, dairy-based food product made from cow’s milk. It has a uniform, liquid consistency and can be poured and drunk. The product is typically consumed cold or at room temperature.","<strong>Douhua</strong><br><br>This product is a soft, firm, soy-based food product made from coagulated soymilk. It has a soft, firm consistency that holds its shape but can be easily divided with a spoon. The product is typically consumed cold or warm.","<strong>Soy milk</strong><br><br>This product is a liquid, soy-based food product made from soybeans. It has a uniform, liquid consistency and can be poured and drunk. The product is typically consumed cold or at room temperature.","<strong>Yoghurt from cow’s milk</strong><br><br>This product is a creamy, dairy-based food product made from fermented cow’s milk. It has a creamy consistency and can be eaten with a spoon. The product is typically consumed cold.","<strong>Cheese from cow’s milk</strong><br><br>This product is a firm dairy-based food product made from cow’s milk. Often known as cheese for pizza. When heated it has a smooth, creamy to chewy, elastic consistency. The product is typically consumed warm or at room temperature.","<strong>Yuba (tofu skin)</strong><br><br>This product is a rubbery, firm, soy-based food product made from coagulated soy milk. It has a rubbery, firm consistency that holds its shape, and are easy to chew. The product is typically consumed warm.","https://raw.githubusercontent.com/HjorthenA/SoyDairyProducts/main/"
81,"SOY_SEMI","DAIRY_SEMI","DAIRY_LIQ","SOY_SOLID","SOY_LIQ","DAIRY_SOLID","<strong>Douhua</strong><br><br>This product is a soft, firm, soy-based food product made from coagulated soymilk. It has a soft, firm consistency that holds its shape but can be easily divided with a spoon. The product is typically consumed cold or warm.","<strong>Yoghurt from cow’s milk</strong><br><br>This product is a creamy, dairy-based food product made from fermented cow’s milk. It has a creamy consistency and can be eaten with a spoon. The product is typically consumed cold.","<strong>Cow’s milk</strong><br><br>This product is a liquid, dairy-based food product made from cow’s milk. It has a uniform, liquid consistency and can be poured and drunk. The product is typically consumed cold or at room temperature.","<strong>Yuba (tofu skin)</strong><br><br>This product is a rubbery, firm, soy-based food product made from coagulated soy milk. It has a rubbery, firm consistency that holds its shape, and are easy to chew. The product is typically consumed warm.","<strong>Soy milk</strong><br><br>This product is a liquid, soy-based food product made from soybeans. It has a uniform, liquid consistency and can be poured and drunk. The product is typically consumed cold or at room temperature.","<strong>Cheese from cow’s milk</strong><br><br>This product is a firm dairy-based food product made from cow’s milk. Often known as cheese for pizza. When heated it has a smooth, creamy to chewy, elastic consistency. The product is typically consumed warm or at room temperature.","https://raw.githubusercontent.com/HjorthenA/SoyDairyProducts/main/"
82,"DAIRY_SEMI","SOY_SOLID","SOY_SEMI","DAIRY_SOLID","DAIRY_LIQ","SOY_LIQ","<strong>Yoghurt from cow’s milk</strong><br><br>This product is a creamy, dairy-based food product made from fermented cow’s milk. It has a creamy consistency and can be eaten with a spoon. The product is typically consumed cold.","<strong>Yuba (tofu skin)</strong><br><br>This product is a rubbery, firm, soy-based food product made from coagulated soy milk. It has a rubbery, firm consistency that holds its shape, and are easy to chew. The product is typically consumed warm.","<strong>Douhua</strong><br><br>This product is a soft, firm, soy-based food product made from coagulated soymilk. It has a soft, firm consistency that holds its shape but can be easily divided with a spoon. The product is typically consumed cold or warm.","<strong>Cheese from cow’s milk</strong><br><br>This product is a firm dairy-based food product made from cow’s milk. Often known as cheese for pizza. When heated it has a smooth, creamy to chewy, elastic consistency. The product is typically consumed warm or at room temperature.","<strong>Cow’s milk</strong><br><br>This product is a liquid, dairy-based food product made from cow’s milk. It has a uniform, liquid consistency and can be poured and drunk. The product is typically consumed cold or at room temperature.","<strong>Soy milk</strong><br><br>This product is a liquid, soy-based food product made from soybeans. It has a uniform, liquid consistency and can be poured and drunk. The product is typically consumed cold or at room temperature.","https://raw.githubusercontent.com/HjorthenA/SoyDairyProducts/main/"
83,"SOY_SOLID","DAIRY_SOLID","DAIRY_SEMI","SOY_LIQ","SOY_SEMI","DAIRY_LIQ","<strong>Yuba (tofu skin)</strong><br><br>This product is a rubbery, firm, soy-based food product made from coagulated soy milk. It has a rubbery, firm consistency that holds its shape, and are easy to chew. The product is typically consumed warm.","<strong>Cheese from cow’s milk</strong><br><br>This product is a firm dairy-based food product made from cow’s milk. Often known as cheese for pizza. When heated it has a smooth, creamy to chewy, elastic consistency. The product is typically consumed warm or at room temperature.","<strong>Yoghurt from cow’s milk</strong><br><br>This product is a creamy, dairy-based food product made from fermented cow’s milk. It has a creamy consistency and can be eaten with a spoon. The product is typically consumed cold.","<strong>Soy milk</strong><br><br>This product is a liquid, soy-based food product made from soybeans. It has a uniform, liquid consistency and can be poured and drunk. The product is typically consumed cold or at room temperature.","<strong>Douhua</strong><br><br>This product is a soft, firm, soy-based food product made from coagulated soymilk. It has a soft, firm consistency that holds its shape but can be easily divided with a spoon. The product is typically consumed cold or warm.","<strong>Cow’s milk</strong><br><br>This product is a liquid, dairy-based food product made from cow’s milk. It has a uniform, liquid consistency and can be poured and drunk. The product is typically consumed cold or at room temperature.","https://raw.githubusercontent.com/HjorthenA/SoyDairyProducts/main/"
84,"DAIRY_SOLID","SOY_LIQ","SOY_SOLID","DAIRY_LIQ","DAIRY_SEMI","SOY_SEMI","<strong>Cheese from cow’s milk</strong><br><br>This product is a firm dairy-based food product made from cow’s milk. Often known as cheese for pizza. When heated it has a smooth, creamy to chewy, elastic consistency. The product is typically consumed warm or at room temperature.","<strong>Soy milk</strong><br><br>This product is a liquid, soy-based food product made from soybeans. It has a uniform, liquid consistency and can be poured and drunk. The product is typically consumed cold or at room temperature.","<strong>Yuba (tofu skin)</strong><br><br>This product is a rubbery, firm, soy-based food product made from coagulated soy milk. It has a rubbery, firm consistency that holds its shape, and are easy to chew. The product is typically consumed warm.","<strong>Cow’s milk</strong><br><br>This product is a liquid, dairy-based food product made from cow’s milk. It has a uniform, liquid consistency and can be poured and drunk. The product is typically consumed cold or at room temperature.","<strong>Yoghurt from cow’s milk</strong><br><br>This product is a creamy, dairy-based food product made from fermented cow’s milk. It has a creamy consistency and can be eaten with a spoon. The product is typically consumed cold.","<strong>Douhua</strong><br><br>This product is a soft, firm, soy-based food product made from coagulated soymilk. It has a soft, firm consistency that holds its shape but can be easily divided with a spoon. The product is typically consumed cold or warm.","https://raw.githubusercontent.com/HjorthenA/SoyDairyProducts/main/"
85,"SOY_LIQ","DAIRY_LIQ","DAIRY_SOLID","SOY_SEMI","SOY_SOLID","DAIRY_SEMI","<strong>Soy milk</strong><br><br>This product is a liquid, soy-based food product made from soybeans. It has a uniform, liquid consistency and can be poured and drunk. The product is typically consumed cold or at room temperature.","<strong>Cow’s milk</strong><br><br>This product is a liquid, dairy-based food product made from cow’s milk. It has a uniform, liquid consistency and can be poured and drunk. The product is typically consumed cold or at room temperature.","<strong>Cheese from cow’s milk</strong><br><br>This product is a firm dairy-based food product made from cow’s milk. Often known as cheese for pizza. When heated it has a smooth, creamy to chewy, elastic consistency. The product is typically consumed warm or at room temperature.","<strong>Douhua</strong><br><br>This product is a soft, firm, soy-based food product made from coagulated soymilk. It has a soft, firm consistency that holds its shape but can be easily divided with a spoon. The product is typically consumed cold or warm.","<strong>Yuba (tofu skin)</strong><br><br>This product is a rubbery, firm, soy-based food product made from coagulated soy milk. It has a rubbery, firm consistency that holds its shape, and are easy to chew. The product is typically consumed warm.","<strong>Yoghurt from cow’s milk</strong><br><br>This product is a creamy, dairy-based food product made from fermented cow’s milk. It has a creamy consistency and can be eaten with a spoon. The product is typically consumed cold.","https://raw.githubusercontent.com/HjorthenA/SoyDairyProducts/main/"
86,"DAIRY_LIQ","SOY_SEMI","SOY_LIQ","DAIRY_SEMI","DAIRY_SOLID","SOY_SOLID","<strong>Cow’s milk</strong><br><br>This product is a liquid, dairy-based food product made from cow’s milk. It has a uniform, liquid consistency and can be poured and drunk. The product is typically consumed cold or at room temperature.","<strong>Douhua</strong><br><br>This product is a soft, firm, soy-based food product made from coagulated soymilk. It has a soft, firm consistency that holds its shape but can be easily divided with a spoon. The product is typically consumed cold or warm.","<strong>Soy milk</strong><br><br>This product is a liquid, soy-based food product made from soybeans. It has a uniform, liquid consistency and can be poured and drunk. The product is typically consumed cold or at room temperature.","<strong>Yoghurt from cow’s milk</strong><br><br>This product is a creamy, dairy-based food product made from fermented cow’s milk. It has a creamy consistency and can be eaten with a spoon. The product is typically consumed cold.","<strong>Cheese from cow’s milk</strong><br><br>This product is a firm dairy-based food product made from cow’s milk. Often known as cheese for pizza. When heated it has a smooth, creamy to chewy, elastic consistency. The product is typically consumed warm or at room temperature.","<strong>Yuba (tofu skin)</strong><br><br>This product is a rubbery, firm, soy-based food product made from coagulated soy milk. It has a rubbery, firm consistency that holds its shape, and are easy to chew. The product is typically consumed warm.","https://raw.githubusercontent.com/HjorthenA/SoyDairyProducts/main/"
87,"SOY_SEMI","DAIRY_SEMI","DAIRY_LIQ","SOY_SOLID","SOY_LIQ","DAIRY_SOLID","<strong>Douhua</strong><br><br>This product is a soft, firm, soy-based food product made from coagulated soymilk. It has a soft, firm consistency that holds its shape but can be easily divided with a spoon. The product is typically consumed cold or warm.","<strong>Yoghurt from cow’s milk</strong><br><br>This product is a creamy, dairy-based food product made from fermented cow’s milk. It has a creamy consistency and can be eaten with a spoon. The product is typically consumed cold.","<strong>Cow’s milk</strong><br><br>This product is a liquid, dairy-based food product made from cow’s milk. It has a uniform, liquid consistency and can be poured and drunk. The product is typically consumed cold or at room temperature.","<strong>Yuba (tofu skin)</strong><br><br>This product is a rubbery, firm, soy-based food product made from coagulated soy milk. It has a rubbery, firm consistency that holds its shape, and are easy to chew. The product is typically consumed warm.","<strong>Soy milk</strong><br><br>This product is a liquid, soy-based food product made from soybeans. It has a uniform, liquid consistency and can be poured and drunk. The product is typically consumed cold or at room temperature.","<strong>Cheese from cow’s milk</strong><br><br>This product is a firm dairy-based food product made from cow’s milk. Often known as cheese for pizza. When heated it has a smooth, creamy to chewy, elastic consistency. The product is typically consumed warm or at room temperature.","https://raw.githubusercontent.com/HjorthenA/SoyDairyProducts/main/"
88,"DAIRY_SEMI","SOY_SOLID","SOY_SEMI","DAIRY_SOLID","DAIRY_LIQ","SOY_LIQ","<strong>Yoghurt from cow’s milk</strong><br><br>This product is a creamy, dairy-based food product made from fermented cow’s milk. It has a creamy consistency and can be eaten with a spoon. The product is typically consumed cold.","<strong>Yuba (tofu skin)</strong><br><br>This product is a rubbery, firm, soy-based food product made from coagulated soy milk. It has a rubbery, firm consistency that holds its shape, and are easy to chew. The product is typically consumed warm.","<strong>Douhua</strong><br><br>This product is a soft, firm, soy-based food product made from coagulated soymilk. It has a soft, firm consistency that holds its shape but can be easily divided with a spoon. The product is typically consumed cold or warm.","<strong>Cheese from cow’s milk</strong><br><br>This product is a firm dairy-based food product made from cow’s milk. Often known as cheese for pizza. When heated it has a smooth, creamy to chewy, elastic consistency. The product is typically consumed warm or at room temperature.","<strong>Cow’s milk</strong><br><br>This product is a liquid, dairy-based food product made from cow’s milk. It has a uniform, liquid consistency and can be poured and drunk. The product is typically consumed cold or at room temperature.","<strong>Soy milk</strong><br><br>This product is a liquid, soy-based food product made from soybeans. It has a uniform, liquid consistency and can be poured and drunk. The product is typically consumed cold or at room temperature.","https://raw.githubusercontent.com/HjorthenA/SoyDairyProducts/main/"
89,"SOY_SOLID","DAIRY_SOLID","DAIRY_SEMI","SOY_LIQ","SOY_SEMI","DAIRY_LIQ","<strong>Yuba (tofu skin)</strong><br><br>This product is a rubbery, firm, soy-based food product made from coagulated soy milk. It has a rubbery, firm consistency that holds its shape, and are easy to chew. The product is typically consumed warm.","<strong>Cheese from cow’s milk</strong><br><br>This product is a firm dairy-based food product made from cow’s milk. Often known as cheese for pizza. When heated it has a smooth, creamy to chewy, elastic consistency. The product is typically consumed warm or at room temperature.","<strong>Yoghurt from cow’s milk</strong><br><br>This product is a creamy, dairy-based food product made from fermented cow’s milk. It has a creamy consistency and can be eaten with a spoon. The product is typically consumed cold.","<strong>Soy milk</strong><br><br>This product is a liquid, soy-based food product made from soybeans. It has a uniform, liquid consistency and can be poured and drunk. The product is typically consumed cold or at room temperature.","<strong>Douhua</strong><br><br>This product is a soft, firm, soy-based food product made from coagulated soymilk. It has a soft, firm consistency that holds its shape but can be easily divided with a spoon. The product is typically consumed cold or warm.","<strong>Cow’s milk</strong><br><br>This product is a liquid, dairy-based food product made from cow’s milk. It has a uniform, liquid consistency and can be poured and drunk. The product is typically consumed cold or at room temperature.","https://raw.githubusercontent.com/HjorthenA/SoyDairyProducts/main/"
90,"DAIRY_SOLID","SOY_LIQ","SOY_SOLID","DAIRY_LIQ","DAIRY_SEMI","SOY_SEMI","<strong>Cheese from cow’s milk</strong><br><br>This product is a firm dairy-based food product made from cow’s milk. Often known as cheese for pizza. When heated it has a smooth, creamy to chewy, elastic consistency. The product is typically consumed warm or at room temperature.","<strong>Soy milk</strong><br><br>This product is a liquid, soy-based food product made from soybeans. It has a uniform, liquid consistency and can be poured and drunk. The product is typically consumed cold or at room temperature.","<strong>Yuba (tofu skin)</strong><br><br>This product is a rubbery, firm, soy-based food product made from coagulated soy milk. It has a rubbery, firm consistency that holds its shape, and are easy to chew. The product is typically consumed warm.","<strong>Cow’s milk</strong><br><br>This product is a liquid, dairy-based food product made from cow’s milk. It has a uniform, liquid consistency and can be poured and drunk. The product is typically consumed cold or at room temperature.","<strong>Yoghurt from cow’s milk</strong><br><br>This product is a creamy, dairy-based food product made from fermented cow’s milk. It has a creamy consistency and can be eaten with a spoon. The product is typically consumed cold.","<strong>Douhua</strong><br><br>This product is a soft, firm, soy-based food product made from coagulated soymilk. It has a soft, firm consistency that holds its shape but can be easily divided with a spoon. The product is typically consumed cold or warm.","https://raw.githubusercontent.com/HjorthenA/SoyDairyProducts/main/"
91,"SOY_LIQ","DAIRY_LIQ","DAIRY_SOLID","SOY_SEMI","SOY_SOLID","DAIRY_SEMI","<strong>Soy milk</strong><br><br>This product is a liquid, soy-based food product made from soybeans. It has a uniform, liquid consistency and can be poured and drunk. The product is typically consumed cold or at room temperature.","<strong>Cow’s milk</strong><br><br>This product is a liquid, dairy-based food product made from cow’s milk. It has a uniform, liquid consistency and can be poured and drunk. The product is typically consumed cold or at room temperature.","<strong>Cheese from cow’s milk</strong><br><br>This product is a firm dairy-based food product made from cow’s milk. Often known as cheese for pizza. When heated it has a smooth, creamy to chewy, elastic consistency. The product is typically consumed warm or at room temperature.","<strong>Douhua</strong><br><br>This product is a soft, firm, soy-based food product made from coagulated soymilk. It has a soft, firm consistency that holds its shape but can be easily divided with a spoon. The product is typically consumed cold or warm.","<strong>Yuba (tofu skin)</strong><br><br>This product is a rubbery, firm, soy-based food product made from coagulated soy milk. It has a rubbery, firm consistency that holds its shape, and are easy to chew. The product is typically consumed warm.","<strong>Yoghurt from cow’s milk</strong><br><br>This product is a creamy, dairy-based food product made from fermented cow’s milk. It has a creamy consistency and can be eaten with a spoon. The product is typically consumed cold.","https://raw.githubusercontent.com/HjorthenA/SoyDairyProducts/main/"
92,"DAIRY_LIQ","SOY_SEMI","SOY_LIQ","DAIRY_SEMI","DAIRY_SOLID","SOY_SOLID","<strong>Cow’s milk</strong><br><br>This product is a liquid, dairy-based food product made from cow’s milk. It has a uniform, liquid consistency and can be poured and drunk. The product is typically consumed cold or at room temperature.","<strong>Douhua</strong><br><br>This product is a soft, firm, soy-based food product made from coagulated soymilk. It has a soft, firm consistency that holds its shape but can be easily divided with a spoon. The product is typically consumed cold or warm.","<strong>Soy milk</strong><br><br>This product is a liquid, soy-based food product made from soybeans. It has a uniform, liquid consistency and can be poured and drunk. The product is typically consumed cold or at room temperature.","<strong>Yoghurt from cow’s milk</strong><br><br>This product is a creamy, dairy-based food product made from fermented cow’s milk. It has a creamy consistency and can be eaten with a spoon. The product is typically consumed cold.","<strong>Cheese from cow’s milk</strong><br><br>This product is a firm dairy-based food product made from cow’s milk. Often known as cheese for pizza. When heated it has a smooth, creamy to chewy, elastic consistency. The product is typically consumed warm or at room temperature.","<strong>Yuba (tofu skin)</strong><br><br>This product is a rubbery, firm, soy-based food product made from coagulated soy milk. It has a rubbery, firm consistency that holds its shape, and are easy to chew. The product is typically consumed warm.","https://raw.githubusercontent.com/HjorthenA/SoyDairyProducts/main/"
93,"SOY_SEMI","DAIRY_SEMI","DAIRY_LIQ","SOY_SOLID","SOY_LIQ","DAIRY_SOLID","<strong>Douhua</strong><br><br>This product is a soft, firm, soy-based food product made from coagulated soymilk. It has a soft, firm consistency that holds its shape but can be easily divided with a spoon. The product is typically consumed cold or warm.","<strong>Yoghurt from cow’s milk</strong><br><br>This product is a creamy, dairy-based food product made from fermented cow’s milk. It has a creamy consistency and can be eaten with a spoon. The product is typically consumed cold.","<strong>Cow’s milk</strong><br><br>This product is a liquid, dairy-based food product made from cow’s milk. It has a uniform, liquid consistency and can be poured and drunk. The product is typically consumed cold or at room temperature.","<strong>Yuba (tofu skin)</strong><br><br>This product is a rubbery, firm, soy-based food product made from coagulated soy milk. It has a rubbery, firm consistency that holds its shape, and are easy to chew. The product is typically consumed warm.","<strong>Soy milk</strong><br><br>This product is a liquid, soy-based food product made from soybeans. It has a uniform, liquid consistency and can be poured and drunk. The product is typically consumed cold or at room temperature.","<strong>Cheese from cow’s milk</strong><br><br>This product is a firm dairy-based food product made from cow’s milk. Often known as cheese for pizza. When heated it has a smooth, creamy to chewy, elastic consistency. The product is typically consumed warm or at room temperature.","https://raw.githubusercontent.com/HjorthenA/SoyDairyProducts/main/"
94,"DAIRY_SEMI","SOY_SOLID","SOY_SEMI","DAIRY_SOLID","DAIRY_LIQ","SOY_LIQ","<strong>Yoghurt from cow’s milk</strong><br><br>This product is a creamy, dairy-based food product made from fermented cow’s milk. It has a creamy consistency and can be eaten with a spoon. The product is typically consumed cold.","<strong>Yuba (tofu skin)</strong><br><br>This product is a rubbery, firm, soy-based food product made from coagulated soy milk. It has a rubbery, firm consistency that holds its shape, and are easy to chew. The product is typically consumed warm.","<strong>Douhua</strong><br><br>This product is a soft, firm, soy-based food product made from coagulated soymilk. It has a soft, firm consistency that holds its shape but can be easily divided with a spoon. The product is typically consumed cold or warm.","<strong>Cheese from cow’s milk</strong><br><br>This product is a firm dairy-based food product made from cow’s milk. Often known as cheese for pizza. When heated it has a smooth, creamy to chewy, elastic consistency. The product is typically consumed warm or at room temperature.","<strong>Cow’s milk</strong><br><br>This product is a liquid, dairy-based food product made from cow’s milk. It has a uniform, liquid consistency and can be poured and drunk. The product is typically consumed cold or at room temperature.","<strong>Soy milk</strong><br><br>This product is a liquid, soy-based food product made from soybeans. It has a uniform, liquid consistency and can be poured and drunk. The product is typically consumed cold or at room temperature.","https://raw.githubusercontent.com/HjorthenA/SoyDairyProducts/main/"
95,"SOY_SOLID","DAIRY_SOLID","DAIRY_SEMI","SOY_LIQ","SOY_SEMI","DAIRY_LIQ","<strong>Yuba (tofu skin)</strong><br><br>This product is a rubbery, firm, soy-based food product made from coagulated soy milk. It has a rubbery, firm consistency that holds its shape, and are easy to chew. The product is typically consumed warm.","<strong>Cheese from cow’s milk</strong><br><br>This product is a firm dairy-based food product made from cow’s milk. Often known as cheese for pizza. When heated it has a smooth, creamy to chewy, elastic consistency. The product is typically consumed warm or at room temperature.","<strong>Yoghurt from cow’s milk</strong><br><br>This product is a creamy, dairy-based food product made from fermented cow’s milk. It has a creamy consistency and can be eaten with a spoon. The product is typically consumed cold.","<strong>Soy milk</strong><br><br>This product is a liquid, soy-based food product made from soybeans. It has a uniform, liquid consistency and can be poured and drunk. The product is typically consumed cold or at room temperature.","<strong>Douhua</strong><br><br>This product is a soft, firm, soy-based food product made from coagulated soymilk. It has a soft, firm consistency that holds its shape but can be easily divided with a spoon. The product is typically consumed cold or warm.","<strong>Cow’s milk</strong><br><br>This product is a liquid, dairy-based food product made from cow’s milk. It has a uniform, liquid consistency and can be poured and drunk. The product is typically consumed cold or at room temperature.","https://raw.githubusercontent.com/HjorthenA/SoyDairyProducts/main/"
96,"DAIRY_SOLID","SOY_LIQ","SOY_SOLID","DAIRY_LIQ","DAIRY_SEMI","SOY_SEMI","<strong>Cheese from cow’s milk</strong><br><br>This product is a firm dairy-based food product made from cow’s milk. Often known as cheese for pizza. When heated it has a smooth, creamy to chewy, elastic consistency. The product is typically consumed warm or at room temperature.","<strong>Soy milk</strong><br><br>This product is a liquid, soy-based food product made from soybeans. It has a uniform, liquid consistency and can be poured and drunk. The product is typically consumed cold or at room temperature.","<strong>Yuba (tofu skin)</strong><br><br>This product is a rubbery, firm, soy-based food product made from coagulated soy milk. It has a rubbery, firm consistency that holds its shape, and are easy to chew. The product is typically consumed warm.","<strong>Cow’s milk</strong><br><br>This product is a liquid, dairy-based food product made from cow’s milk. It has a uniform, liquid consistency and can be poured and drunk. The product is typically consumed cold or at room temperature.","<strong>Yoghurt from cow’s milk</strong><br><br>This product is a creamy, dairy-based food product made from fermented cow’s milk. It has a creamy consistency and can be eaten with a spoon. The product is typically consumed cold.","<strong>Douhua</strong><br><br>This product is a soft, firm, soy-based food product made from coagulated soymilk. It has a soft, firm consistency that holds its shape but can be easily divided with a spoon. The product is typically consumed cold or warm.","https://raw.githubusercontent.com/HjorthenA/SoyDairyProducts/main/"
97,"SOY_LIQ","DAIRY_LIQ","DAIRY_SOLID","SOY_SEMI","SOY_SOLID","DAIRY_SEMI","<strong>Soy milk</strong><br><br>This product is a liquid, soy-based food product made from soybeans. It has a uniform, liquid consistency and can be poured and drunk. The product is typically consumed cold or at room temperature.","<strong>Cow’s milk</strong><br><br>This product is a liquid, dairy-based food product made from cow’s milk. It has a uniform, liquid consistency and can be poured and drunk. The product is typically consumed cold or at room temperature.","<strong>Cheese from cow’s milk</strong><br><br>This product is a firm dairy-based food product made from cow’s milk. Often known as cheese for pizza. When heated it has a smooth, creamy to chewy, elastic consistency. The product is typically consumed warm or at room temperature.","<strong>Douhua</strong><br><br>This product is a soft, firm, soy-based food product made from coagulated soymilk. It has a soft, firm consistency that holds its shape but can be easily divided with a spoon. The product is typically consumed cold or warm.","<strong>Yuba (tofu skin)</strong><br><br>This product is a rubbery, firm, soy-based food product made from coagulated soy milk. It has a rubbery, firm consistency that holds its shape, and are easy to chew. The product is typically consumed warm.","<strong>Yoghurt from cow’s milk</strong><br><br>This product is a creamy, dairy-based food product made from fermented cow’s milk. It has a creamy consistency and can be eaten with a spoon. The product is typically consumed cold.","https://raw.githubusercontent.com/HjorthenA/SoyDairyProducts/main/"
98,"DAIRY_LIQ","SOY_SEMI","SOY_LIQ","DAIRY_SEMI","DAIRY_SOLID","SOY_SOLID","<strong>Cow’s milk</strong><br><br>This product is a liquid, dairy-based food product made from cow’s milk. It has a uniform, liquid consistency and can be poured and drunk. The product is typically consumed cold or at room temperature.","<strong>Douhua</strong><br><br>This product is a soft, firm, soy-based food product made from coagulated soymilk. It has a soft, firm consistency that holds its shape but can be easily divided with a spoon. The product is typically consumed cold or warm.","<strong>Soy milk</strong><br><br>This product is a liquid, soy-based food product made from soybeans. It has a uniform, liquid consistency and can be poured and drunk. The product is typically consumed cold or at room temperature.","<strong>Yoghurt from cow’s milk</strong><br><br>This product is a creamy, dairy-based food product made from fermented cow’s milk. It has a creamy consistency and can be eaten with a spoon. The product is typically consumed cold.","<strong>Cheese from cow’s milk</strong><br><br>This product is a firm dairy-based food product made from cow’s milk. Often known as cheese for pizza. When heated it has a smooth, creamy to chewy, elastic consistency. The product is typically consumed warm or at room temperature.","<strong>Yuba (tofu skin)</strong><br><br>This product is a rubbery, firm, soy-based food product made from coagulated soy milk. It has a rubbery, firm consistency that holds its shape, and are easy to chew. The product is typically consumed warm.","https://raw.githubusercontent.com/HjorthenA/SoyDairyProducts/main/"
99,"SOY_SEMI","DAIRY_SEMI","DAIRY_LIQ","SOY_SOLID","SOY_LIQ","DAIRY_SOLID","<strong>Douhua</strong><br><br>This product is a soft, firm, soy-based food product made from coagulated soymilk. It has a soft, firm consistency that holds its shape but can be easily divided with a spoon. The product is typically consumed cold or warm.","<strong>Yoghurt from cow’s milk</strong><br><br>This product is a creamy, dairy-based food product made from fermented cow’s milk. It has a creamy consistency and can be eaten with a spoon. The product is typically consumed cold.","<strong>Cow’s milk</strong><br><br>This product is a liquid, dairy-based food product made from cow’s milk. It has a uniform, liquid consistency and can be poured and drunk. The product is typically consumed cold or at room temperature.","<strong>Yuba (tofu skin)</strong><br><br>This product is a rubbery, firm, soy-based food product made from coagulated soy milk. It has a rubbery, firm consistency that holds its shape, and are easy to chew. The product is typically consumed warm.","<strong>Soy milk</strong><br><br>This product is a liquid, soy-based food product made from soybeans. It has a uniform, liquid consistency and can be poured and drunk. The product is typically consumed cold or at room temperature.","<strong>Cheese from cow’s milk</strong><br><br>This product is a firm dairy-based food product made from cow’s milk. Often known as cheese for pizza. When heated it has a smooth, creamy to chewy, elastic consistency. The product is typically consumed warm or at room temperature.","https://raw.githubusercontent.com/HjorthenA/SoyDairyProducts/main/"
100,"DAIRY_SEMI","SOY_SOLID","SOY_SEMI","DAIRY_SOLID","DAIRY_LIQ","SOY_LIQ","<strong>Yoghurt from cow’s milk</strong><br><br>This product is a creamy, dairy-based food product made from fermented cow’s milk. It has a creamy consistency and can be eaten with a spoon. The product is typically consumed cold.","<strong>Yuba (tofu skin)</strong><br><br>This product is a rubbery, firm, soy-based food product made from coagulated soy milk. It has a rubbery, firm consistency that holds its shape, and are easy to chew. The product is typically consumed warm.","<strong>Douhua</strong><br><br>This product is a soft, firm, soy-based food product made from coagulated soymilk. It has a soft, firm consistency that holds its shape but can be easily divided with a spoon. The product is typically consumed cold or warm.","<strong>Cheese from cow’s milk</strong><br><br>This product is a firm dairy-based food product made from cow’s milk. Often known as cheese for pizza. When heated it has a smooth, creamy to chewy, elastic consistency. The product is typically consumed warm or at room temperature.","<strong>Cow’s milk</strong><br><br>This product is a liquid, dairy-based food product made from cow’s milk. It has a uniform, liquid consistency and can be poured and drunk. The product is typically consumed cold or at room temperature.","<strong>Soy milk</strong><br><br>This product is a liquid, soy-based food product made from soybeans. It has a uniform, liquid consistency and can be poured and drunk. The product is typically consumed cold or at room temperature.","https://raw.githubusercontent.com/HjorthenA/SoyDairyProducts/main/"
101,"SOY_SOLID","DAIRY_SOLID","DAIRY_SEMI","SOY_LIQ","SOY_SEMI","DAIRY_LIQ","<strong>Yuba (tofu skin)</strong><br><br>This product is a rubbery, firm, soy-based food product made from coagulated soy milk. It has a rubbery, firm consistency that holds its shape, and are easy to chew. The product is typically consumed warm.","<strong>Cheese from cow’s milk</strong><br><br>This product is a firm dairy-based food product made from cow’s milk. Often known as cheese for pizza. When heated it has a smooth, creamy to chewy, elastic consistency. The product is typically consumed warm or at room temperature.","<strong>Yoghurt from cow’s milk</strong><br><br>This product is a creamy, dairy-based food product made from fermented cow’s milk. It has a creamy consistency and can be eaten with a spoon. The product is typically consumed cold.","<strong>Soy milk</strong><br><br>This product is a liquid, soy-based food product made from soybeans. It has a uniform, liquid consistency and can be poured and drunk. The product is typically consumed cold or at room temperature.","<strong>Douhua</strong><br><br>This product is a soft, firm, soy-based food product made from coagulated soymilk. It has a soft, firm consistency that holds its shape but can be easily divided with a spoon. The product is typically consumed cold or warm.","<strong>Cow’s milk</strong><br><br>This product is a liquid, dairy-based food product made from cow’s milk. It has a uniform, liquid consistency and can be poured and drunk. The product is typically consumed cold or at room temperature.","https://raw.githubusercontent.com/HjorthenA/SoyDairyProducts/main/"
102,"DAIRY_SOLID","SOY_LIQ","SOY_SOLID","DAIRY_LIQ","DAIRY_SEMI","SOY_SEMI","<strong>Cheese from cow’s milk</strong><br><br>This product is a firm dairy-based food product made from cow’s milk. Often known as cheese for pizza. When heated it has a smooth, creamy to chewy, elastic consistency. The product is typically consumed warm or at room temperature.","<strong>Soy milk</strong><br><br>This product is a liquid, soy-based food product made from soybeans. It has a uniform, liquid consistency and can be poured and drunk. The product is typically consumed cold or at room temperature.","<strong>Yuba (tofu skin)</strong><br><br>This product is a rubbery, firm, soy-based food product made from coagulated soy milk. It has a rubbery, firm consistency that holds its shape, and are easy to chew. The product is typically consumed warm.","<strong>Cow’s milk</strong><br><br>This product is a liquid, dairy-based food product made from cow’s milk. It has a uniform, liquid consistency and can be poured and drunk. The product is typically consumed cold or at room temperature.","<strong>Yoghurt from cow’s milk</strong><br><br>This product is a creamy, dairy-based food product made from fermented cow’s milk. It has a creamy consistency and can be eaten with a spoon. The product is typically consumed cold.","<strong>Douhua</strong><br><br>This product is a soft, firm, soy-based food product made from coagulated soymilk. It has a soft, firm consistency that holds its shape but can be easily divided with a spoon. The product is typically consumed cold or warm.","https://raw.githubusercontent.com/HjorthenA/SoyDairyProducts/main/"
103,"SOY_LIQ","DAIRY_LIQ","DAIRY_SOLID","SOY_SEMI","SOY_SOLID","DAIRY_SEMI","<strong>Soy milk</strong><br><br>This product is a liquid, soy-based food product made from soybeans. It has a uniform, liquid consistency and can be poured and drunk. The product is typically consumed cold or at room temperature.","<strong>Cow’s milk</strong><br><br>This product is a liquid, dairy-based food product made from cow’s milk. It has a uniform, liquid consistency and can be poured and drunk. The product is typically consumed cold or at room temperature.","<strong>Cheese from cow’s milk</strong><br><br>This product is a firm dairy-based food product made from cow’s milk. Often known as cheese for pizza. When heated it has a smooth, creamy to chewy, elastic consistency. The product is typically consumed warm or at room temperature.","<strong>Douhua</strong><br><br>This product is a soft, firm, soy-based food product made from coagulated soymilk. It has a soft, firm consistency that holds its shape but can be easily divided with a spoon. The product is typically consumed cold or warm.","<strong>Yuba (tofu skin)</strong><br><br>This product is a rubbery, firm, soy-based food product made from coagulated soy milk. It has a rubbery, firm consistency that holds its shape, and are easy to chew. The product is typically consumed warm.","<strong>Yoghurt from cow’s milk</strong><br><br>This product is a creamy, dairy-based food product made from fermented cow’s milk. It has a creamy consistency and can be eaten with a spoon. The product is typically consumed cold.","https://raw.githubusercontent.com/HjorthenA/SoyDairyProducts/main/"
104,"DAIRY_LIQ","SOY_SEMI","SOY_LIQ","DAIRY_SEMI","DAIRY_SOLID","SOY_SOLID","<strong>Cow’s milk</strong><br><br>This product is a liquid, dairy-based food product made from cow’s milk. It has a uniform, liquid consistency and can be poured and drunk. The product is typically consumed cold or at room temperature.","<strong>Douhua</strong><br><br>This product is a soft, firm, soy-based food product made from coagulated soymilk. It has a soft, firm consistency that holds its shape but can be easily divided with a spoon. The product is typically consumed cold or warm.","<strong>Soy milk</strong><br><br>This product is a liquid, soy-based food product made from soybeans. It has a uniform, liquid consistency and can be poured and drunk. The product is typically consumed cold or at room temperature.","<strong>Yoghurt from cow’s milk</strong><br><br>This product is a creamy, dairy-based food product made from fermented cow’s milk. It has a creamy consistency and can be eaten with a spoon. The product is typically consumed cold.","<strong>Cheese from cow’s milk</strong><br><br>This product is a firm dairy-based food product made from cow’s milk. Often known as cheese for pizza. When heated it has a smooth, creamy to chewy, elastic consistency. The product is typically consumed warm or at room temperature.","<strong>Yuba (tofu skin)</strong><br><br>This product is a rubbery, firm, soy-based food product made from coagulated soy milk. It has a rubbery, firm consistency that holds its shape, and are easy to chew. The product is typically consumed warm.","https://raw.githubusercontent.com/HjorthenA/SoyDairyProducts/main/"
105,"SOY_SEMI","DAIRY_SEMI","DAIRY_LIQ","SOY_SOLID","SOY_LIQ","DAIRY_SOLID","<strong>Douhua</strong><br><br>This product is a soft, firm, soy-based food product made from coagulated soymilk. It has a soft, firm consistency that holds its shape but can be easily divided with a spoon. The product is typically consumed cold or warm.","<strong>Yoghurt from cow’s milk</strong><br><br>This product is a creamy, dairy-based food product made from fermented cow’s milk. It has a creamy consistency and can be eaten with a spoon. The product is typically consumed cold.","<strong>Cow’s milk</strong><br><br>This product is a liquid, dairy-based food product made from cow’s milk. It has a uniform, liquid consistency and can be poured and drunk. The product is typically consumed cold or at room temperature.","<strong>Yuba (tofu skin)</strong><br><br>This product is a rubbery, firm, soy-based food product made from coagulated soy milk. It has a rubbery, firm consistency that holds its shape, and are easy to chew. The product is typically consumed warm.","<strong>Soy milk</strong><br><br>This product is a liquid, soy-based food product made from soybeans. It has a uniform, liquid consistency and can be poured and drunk. The product is typically consumed cold or at room temperature.","<strong>Cheese from cow’s milk</strong><br><br>This product is a firm dairy-based food product made from cow’s milk. Often known as cheese for pizza. When heated it has a smooth, creamy to chewy, elastic consistency. The product is typically consumed warm or at room temperature.","https://raw.githubusercontent.com/HjorthenA/SoyDairyProducts/main/"
106,"DAIRY_SEMI","SOY_SOLID","SOY_SEMI","DAIRY_SOLID","DAIRY_LIQ","SOY_LIQ","<strong>Yoghurt from cow’s milk</strong><br><br>This product is a creamy, dairy-based food product made from fermented cow’s milk. It has a creamy consistency and can be eaten with a spoon. The product is typically consumed cold.","<strong>Yuba (tofu skin)</strong><br><br>This product is a rubbery, firm, soy-based food product made from coagulated soy milk. It has a rubbery, firm consistency that holds its shape, and are easy to chew. The product is typically consumed warm.","<strong>Douhua</strong><br><br>This product is a soft, firm, soy-based food product made from coagulated soymilk. It has a soft, firm consistency that holds its shape but can be easily divided with a spoon. The product is typically consumed cold or warm.","<strong>Cheese from cow’s milk</strong><br><br>This product is a firm dairy-based food product made from cow’s milk. Often known as cheese for pizza. When heated it has a smooth, creamy to chewy, elastic consistency. The product is typically consumed warm or at room temperature.","<strong>Cow’s milk</strong><br><br>This product is a liquid, dairy-based food product made from cow’s milk. It has a uniform, liquid consistency and can be poured and drunk. The product is typically consumed cold or at room temperature.","<strong>Soy milk</strong><br><br>This product is a liquid, soy-based food product made from soybeans. It has a uniform, liquid consistency and can be poured and drunk. The product is typically consumed cold or at room temperature.","https://raw.githubusercontent.com/HjorthenA/SoyDairyProducts/main/"
107,"SOY_SOLID","DAIRY_SOLID","DAIRY_SEMI","SOY_LIQ","SOY_SEMI","DAIRY_LIQ","<strong>Yuba (tofu skin)</strong><br><br>This product is a rubbery, firm, soy-based food product made from coagulated soy milk. It has a rubbery, firm consistency that holds its shape, and are easy to chew. The product is typically consumed warm.","<strong>Cheese from cow’s milk</strong><br><br>This product is a firm dairy-based food product made from cow’s milk. Often known as cheese for pizza. When heated it has a smooth, creamy to chewy, elastic consistency. The product is typically consumed warm or at room temperature.","<strong>Yoghurt from cow’s milk</strong><br><br>This product is a creamy, dairy-based food product made from fermented cow’s milk. It has a creamy consistency and can be eaten with a spoon. The product is typically consumed cold.","<strong>Soy milk</strong><br><br>This product is a liquid, soy-based food product made from soybeans. It has a uniform, liquid consistency and can be poured and drunk. The product is typically consumed cold or at room temperature.","<strong>Douhua</strong><br><br>This product is a soft, firm, soy-based food product made from coagulated soymilk. It has a soft, firm consistency that holds its shape but can be easily divided with a spoon. The product is typically consumed cold or warm.","<strong>Cow’s milk</strong><br><br>This product is a liquid, dairy-based food product made from cow’s milk. It has a uniform, liquid consistency and can be poured and drunk. The product is typically consumed cold or at room temperature.","https://raw.githubusercontent.com/HjorthenA/SoyDairyProducts/main/"
108,"DAIRY_SOLID","SOY_LIQ","SOY_SOLID","DAIRY_LIQ","DAIRY_SEMI","SOY_SEMI","<strong>Cheese from cow’s milk</strong><br><br>This product is a firm dairy-based food product made from cow’s milk. Often known as cheese for pizza. When heated it has a smooth, creamy to chewy, elastic consistency. The product is typically consumed warm or at room temperature.","<strong>Soy milk</strong><br><br>This product is a liquid, soy-based food product made from soybeans. It has a uniform, liquid consistency and can be poured and drunk. The product is typically consumed cold or at room temperature.","<strong>Yuba (tofu skin)</strong><br><br>This product is a rubbery, firm, soy-based food product made from coagulated soy milk. It has a rubbery, firm consistency that holds its shape, and are easy to chew. The product is typically consumed warm.","<strong>Cow’s milk</strong><br><br>This product is a liquid, dairy-based food product made from cow’s milk. It has a uniform, liquid consistency and can be poured and drunk. The product is typically consumed cold or at room temperature.","<strong>Yoghurt from cow’s milk</strong><br><br>This product is a creamy, dairy-based food product made from fermented cow’s milk. It has a creamy consistency and can be eaten with a spoon. The product is typically consumed cold.","<strong>Douhua</strong><br><br>This product is a soft, firm, soy-based food product made from coagulated soymilk. It has a soft, firm consistency that holds its shape but can be easily divided with a spoon. The product is typically consumed cold or warm.","https://raw.githubusercontent.com/HjorthenA/SoyDairyProducts/main/"
109,"SOY_LIQ","DAIRY_LIQ","DAIRY_SOLID","SOY_SEMI","SOY_SOLID","DAIRY_SEMI","<strong>Soy milk</strong><br><br>This product is a liquid, soy-based food product made from soybeans. It has a uniform, liquid consistency and can be poured and drunk. The product is typically consumed cold or at room temperature.","<strong>Cow’s milk</strong><br><br>This product is a liquid, dairy-based food product made from cow’s milk. It has a uniform, liquid consistency and can be poured and drunk. The product is typically consumed cold or at room temperature.","<strong>Cheese from cow’s milk</strong><br><br>This product is a firm dairy-based food product made from cow’s milk. Often known as cheese for pizza. When heated it has a smooth, creamy to chewy, elastic consistency. The product is typically consumed warm or at room temperature.","<strong>Douhua</strong><br><br>This product is a soft, firm, soy-based food product made from coagulated soymilk. It has a soft, firm consistency that holds its shape but can be easily divided with a spoon. The product is typically consumed cold or warm.","<strong>Yuba (tofu skin)</strong><br><br>This product is a rubbery, firm, soy-based food product made from coagulated soy milk. It has a rubbery, firm consistency that holds its shape, and are easy to chew. The product is typically consumed warm.","<strong>Yoghurt from cow’s milk</strong><br><br>This product is a creamy, dairy-based food product made from fermented cow’s milk. It has a creamy consistency and can be eaten with a spoon. The product is typically consumed cold.","https://raw.githubusercontent.com/HjorthenA/SoyDairyProducts/main/"
110,"DAIRY_LIQ","SOY_SEMI","SOY_LIQ","DAIRY_SEMI","DAIRY_SOLID","SOY_SOLID","<strong>Cow’s milk</strong><br><br>This product is a liquid, dairy-based food product made from cow’s milk. It has a uniform, liquid consistency and can be poured and drunk. The product is typically consumed cold or at room temperature.","<strong>Douhua</strong><br><br>This product is a soft, firm, soy-based food product made from coagulated soymilk. It has a soft, firm consistency that holds its shape but can be easily divided with a spoon. The product is typically consumed cold or warm.","<strong>Soy milk</strong><br><br>This product is a liquid, soy-based food product made from soybeans. It has a uniform, liquid consistency and can be poured and drunk. The product is typically consumed cold or at room temperature.","<strong>Yoghurt from cow’s milk</strong><br><br>This product is a creamy, dairy-based food product made from fermented cow’s milk. It has a creamy consistency and can be eaten with a spoon. The product is typically consumed cold.","<strong>Cheese from cow’s milk</strong><br><br>This product is a firm dairy-based food product made from cow’s milk. Often known as cheese for pizza. When heated it has a smooth, creamy to chewy, elastic consistency. The product is typically consumed warm or at room temperature.","<strong>Yuba (tofu skin)</strong><br><br>This product is a rubbery, firm, soy-based food product made from coagulated soy milk. It has a rubbery, firm consistency that holds its shape, and are easy to chew. The product is typically consumed warm.","https://raw.githubusercontent.com/HjorthenA/SoyDairyProducts/main/"
111,"SOY_SEMI","DAIRY_SEMI","DAIRY_LIQ","SOY_SOLID","SOY_LIQ","DAIRY_SOLID","<strong>Douhua</strong><br><br>This product is a soft, firm, soy-based food product made from coagulated soymilk. It has a soft, firm consistency that holds its shape but can be easily divided with a spoon. The product is typically consumed cold or warm.","<strong>Yoghurt from cow’s milk</strong><br><br>This product is a creamy, dairy-based food product made from fermented cow’s milk. It has a creamy consistency and can be eaten with a spoon. The product is typically consumed cold.","<strong>Cow’s milk</strong><br><br>This product is a liquid, dairy-based food product made from cow’s milk. It has a uniform, liquid consistency and can be poured and drunk. The product is typically consumed cold or at room temperature.","<strong>Yuba (tofu skin)</strong><br><br>This product is a rubbery, firm, soy-based food product made from coagulated soy milk. It has a rubbery, firm consistency that holds its shape, and are easy to chew. The product is typically consumed warm.","<strong>Soy milk</strong><br><br>This product is a liquid, soy-based food product made from soybeans. It has a uniform, liquid consistency and can be poured and drunk. The product is typically consumed cold or at room temperature.","<strong>Cheese from cow’s milk</strong><br><br>This product is a firm dairy-based food product made from cow’s milk. Often known as cheese for pizza. When heated it has a smooth, creamy to chewy, elastic consistency. The product is typically consumed warm or at room temperature.","https://raw.githubusercontent.com/HjorthenA/SoyDairyProducts/main/"
112,"DAIRY_SEMI","SOY_SOLID","SOY_SEMI","DAIRY_SOLID","DAIRY_LIQ","SOY_LIQ","<strong>Yoghurt from cow’s milk</strong><br><br>This product is a creamy, dairy-based food product made from fermented cow’s milk. It has a creamy consistency and can be eaten with a spoon. The product is typically consumed cold.","<strong>Yuba (tofu skin)</strong><br><br>This product is a rubbery, firm, soy-based food product made from coagulated soy milk. It has a rubbery, firm consistency that holds its shape, and are easy to chew. The product is typically consumed warm.","<strong>Douhua</strong><br><br>This product is a soft, firm, soy-based food product made from coagulated soymilk. It has a soft, firm consistency that holds its shape but can be easily divided with a spoon. The product is typically consumed cold or warm.","<strong>Cheese from cow’s milk</strong><br><br>This product is a firm dairy-based food product made from cow’s milk. Often known as cheese for pizza. When heated it has a smooth, creamy to chewy, elastic consistency. The product is typically consumed warm or at room temperature.","<strong>Cow’s milk</strong><br><br>This product is a liquid, dairy-based food product made from cow’s milk. It has a uniform, liquid consistency and can be poured and drunk. The product is typically consumed cold or at room temperature.","<strong>Soy milk</strong><br><br>This product is a liquid, soy-based food product made from soybeans. It has a uniform, liquid consistency and can be poured and drunk. The product is typically consumed cold or at room temperature.","https://raw.githubusercontent.com/HjorthenA/SoyDairyProducts/main/"
113,"SOY_SOLID","DAIRY_SOLID","DAIRY_SEMI","SOY_LIQ","SOY_SEMI","DAIRY_LIQ","<strong>Yuba (tofu skin)</strong><br><br>This product is a rubbery, firm, soy-based food product made from coagulated soy milk. It has a rubbery, firm consistency that holds its shape, and are easy to chew. The product is typically consumed warm.","<strong>Cheese from cow’s milk</strong><br><br>This product is a firm dairy-based food product made from cow’s milk. Often known as cheese for pizza. When heated it has a smooth, creamy to chewy, elastic consistency. The product is typically consumed warm or at room temperature.","<strong>Yoghurt from cow’s milk</strong><br><br>This product is a creamy, dairy-based food product made from fermented cow’s milk. It has a creamy consistency and can be eaten with a spoon. The product is typically consumed cold.","<strong>Soy milk</strong><br><br>This product is a liquid, soy-based food product made from soybeans. It has a uniform, liquid consistency and can be poured and drunk. The product is typically consumed cold or at room temperature.","<strong>Douhua</strong><br><br>This product is a soft, firm, soy-based food product made from coagulated soymilk. It has a soft, firm consistency that holds its shape but can be easily divided with a spoon. The product is typically consumed cold or warm.","<strong>Cow’s milk</strong><br><br>This product is a liquid, dairy-based food product made from cow’s milk. It has a uniform, liquid consistency and can be poured and drunk. The product is typically consumed cold or at room temperature.","https://raw.githubusercontent.com/HjorthenA/SoyDairyProducts/main/"
114,"DAIRY_SOLID","SOY_LIQ","SOY_SOLID","DAIRY_LIQ","DAIRY_SEMI","SOY_SEMI","<strong>Cheese from cow’s milk</strong><br><br>This product is a firm dairy-based food product made from cow’s milk. Often known as cheese for pizza. When heated it has a smooth, creamy to chewy, elastic consistency. The product is typically consumed warm or at room temperature.","<strong>Soy milk</strong><br><br>This product is a liquid, soy-based food product made from soybeans. It has a uniform, liquid consistency and can be poured and drunk. The product is typically consumed cold or at room temperature.","<strong>Yuba (tofu skin)</strong><br><br>This product is a rubbery, firm, soy-based food product made from coagulated soy milk. It has a rubbery, firm consistency that holds its shape, and are easy to chew. The product is typically consumed warm.","<strong>Cow’s milk</strong><br><br>This product is a liquid, dairy-based food product made from cow’s milk. It has a uniform, liquid consistency and can be poured and drunk. The product is typically consumed cold or at room temperature.","<strong>Yoghurt from cow’s milk</strong><br><br>This product is a creamy, dairy-based food product made from fermented cow’s milk. It has a creamy consistency and can be eaten with a spoon. The product is typically consumed cold.","<strong>Douhua</strong><br><br>This product is a soft, firm, soy-based food product made from coagulated soymilk. It has a soft, firm consistency that holds its shape but can be easily divided with a spoon. The product is typically consumed cold or warm.","https://raw.githubusercontent.com/HjorthenA/SoyDairyProducts/main/"
115,"SOY_LIQ","DAIRY_LIQ","DAIRY_SOLID","SOY_SEMI","SOY_SOLID","DAIRY_SEMI","<strong>Soy milk</strong><br><br>This product is a liquid, soy-based food product made from soybeans. It has a uniform, liquid consistency and can be poured and drunk. The product is typically consumed cold or at room temperature.","<strong>Cow’s milk</strong><br><br>This product is a liquid, dairy-based food product made from cow’s milk. It has a uniform, liquid consistency and can be poured and drunk. The product is typically consumed cold or at room temperature.","<strong>Cheese from cow’s milk</strong><br><br>This product is a firm dairy-based food product made from cow’s milk. Often known as cheese for pizza. When heated it has a smooth, creamy to chewy, elastic consistency. The product is typically consumed warm or at room temperature.","<strong>Douhua</strong><br><br>This product is a soft, firm, soy-based food product made from coagulated soymilk. It has a soft, firm consistency that holds its shape but can be easily divided with a spoon. The product is typically consumed cold or warm.","<strong>Yuba (tofu skin)</strong><br><br>This product is a rubbery, firm, soy-based food product made from coagulated soy milk. It has a rubbery, firm consistency that holds its shape, and are easy to chew. The product is typically consumed warm.","<strong>Yoghurt from cow’s milk</strong><br><br>This product is a creamy, dairy-based food product made from fermented cow’s milk. It has a creamy consistency and can be eaten with a spoon. The product is typically consumed cold.","https://raw.githubusercontent.com/HjorthenA/SoyDairyProducts/main/"
116,"DAIRY_LIQ","SOY_SEMI","SOY_LIQ","DAIRY_SEMI","DAIRY_SOLID","SOY_SOLID","<strong>Cow’s milk</strong><br><br>This product is a liquid, dairy-based food product made from cow’s milk. It has a uniform, liquid consistency and can be poured and drunk. The product is typically consumed cold or at room temperature.","<strong>Douhua</strong><br><br>This product is a soft, firm, soy-based food product made from coagulated soymilk. It has a soft, firm consistency that holds its shape but can be easily divided with a spoon. The product is typically consumed cold or warm.","<strong>Soy milk</strong><br><br>This product is a liquid, soy-based food product made from soybeans. It has a uniform, liquid consistency and can be poured and drunk. The product is typically consumed cold or at room temperature.","<strong>Yoghurt from cow’s milk</strong><br><br>This product is a creamy, dairy-based food product made from fermented cow’s milk. It has a creamy consistency and can be eaten with a spoon. The product is typically consumed cold.","<strong>Cheese from cow’s milk</strong><br><br>This product is a firm dairy-based food product made from cow’s milk. Often known as cheese for pizza. When heated it has a smooth, creamy to chewy, elastic consistency. The product is typically consumed warm or at room temperature.","<strong>Yuba (tofu skin)</strong><br><br>This product is a rubbery, firm, soy-based food product made from coagulated soy milk. It has a rubbery, firm consistency that holds its shape, and are easy to chew. The product is typically consumed warm.","https://raw.githubusercontent.com/HjorthenA/SoyDairyProducts/main/"
117,"SOY_SEMI","DAIRY_SEMI","DAIRY_LIQ","SOY_SOLID","SOY_LIQ","DAIRY_SOLID","<strong>Douhua</strong><br><br>This product is a soft, firm, soy-based food product made from coagulated soymilk. It has a soft, firm consistency that holds its shape but can be easily divided with a spoon. The product is typically consumed cold or warm.","<strong>Yoghurt from cow’s milk</strong><br><br>This product is a creamy, dairy-based food product made from fermented cow’s milk. It has a creamy consistency and can be eaten with a spoon. The product is typically consumed cold.","<strong>Cow’s milk</strong><br><br>This product is a liquid, dairy-based food product made from cow’s milk. It has a uniform, liquid consistency and can be poured and drunk. The product is typically consumed cold or at room temperature.","<strong>Yuba (tofu skin)</strong><br><br>This product is a rubbery, firm, soy-based food product made from coagulated soy milk. It has a rubbery, firm consistency that holds its shape, and are easy to chew. The product is typically consumed warm.","<strong>Soy milk</strong><br><br>This product is a liquid, soy-based food product made from soybeans. It has a uniform, liquid consistency and can be poured and drunk. The product is typically consumed cold or at room temperature.","<strong>Cheese from cow’s milk</strong><br><br>This product is a firm dairy-based food product made from cow’s milk. Often known as cheese for pizza. When heated it has a smooth, creamy to chewy, elastic consistency. The product is typically consumed warm or at room temperature.","https://raw.githubusercontent.com/HjorthenA/SoyDairyProducts/main/"
118,"DAIRY_SEMI","SOY_SOLID","SOY_SEMI","DAIRY_SOLID","DAIRY_LIQ","SOY_LIQ","<strong>Yoghurt from cow’s milk</strong><br><br>This product is a creamy, dairy-based food product made from fermented cow’s milk. It has a creamy consistency and can be eaten with a spoon. The product is typically consumed cold.","<strong>Yuba (tofu skin)</strong><br><br>This product is a rubbery, firm, soy-based food product made from coagulated soy milk. It has a rubbery, firm consistency that holds its shape, and are easy to chew. The product is typically consumed warm.","<strong>Douhua</strong><br><br>This product is a soft, firm, soy-based food product made from coagulated soymilk. It has a soft, firm consistency that holds its shape but can be easily divided with a spoon. The product is typically consumed cold or warm.","<strong>Cheese from cow’s milk</strong><br><br>This product is a firm dairy-based food product made from cow’s milk. Often known as cheese for pizza. When heated it has a smooth, creamy to chewy, elastic consistency. The product is typically consumed warm or at room temperature.","<strong>Cow’s milk</strong><br><br>This product is a liquid, dairy-based food product made from cow’s milk. It has a uniform, liquid consistency and can be poured and drunk. The product is typically consumed cold or at room temperature.","<strong>Soy milk</strong><br><br>This product is a liquid, soy-based food product made from soybeans. It has a uniform, liquid consistency and can be poured and drunk. The product is typically consumed cold or at room temperature.","https://raw.githubusercontent.com/HjorthenA/SoyDairyProducts/main/"
119,"SOY_SOLID","DAIRY_SOLID","DAIRY_SEMI","SOY_LIQ","SOY_SEMI","DAIRY_LIQ","<strong>Yuba (tofu skin)</strong><br><br>This product is a rubbery, firm, soy-based food product made from coagulated soy milk. It has a rubbery, firm consistency that holds its shape, and are easy to chew. The product is typically consumed warm.","<strong>Cheese from cow’s milk</strong><br><br>This product is a firm dairy-based food product made from cow’s milk. Often known as cheese for pizza. When heated it has a smooth, creamy to chewy, elastic consistency. The product is typically consumed warm or at room temperature.","<strong>Yoghurt from cow’s milk</strong><br><br>This product is a creamy, dairy-based food product made from fermented cow’s milk. It has a creamy consistency and can be eaten with a spoon. The product is typically consumed cold.","<strong>Soy milk</strong><br><br>This product is a liquid, soy-based food product made from soybeans. It has a uniform, liquid consistency and can be poured and drunk. The product is typically consumed cold or at room temperature.","<strong>Douhua</strong><br><br>This product is a soft, firm, soy-based food product made from coagulated soymilk. It has a soft, firm consistency that holds its shape but can be easily divided with a spoon. The product is typically consumed cold or warm.","<strong>Cow’s milk</strong><br><br>This product is a liquid, dairy-based food product made from cow’s milk. It has a uniform, liquid consistency and can be poured and drunk. The product is typically consumed cold or at room temperature.","https://raw.githubusercontent.com/HjorthenA/SoyDairyProducts/main/"
120,"DAIRY_SOLID","SOY_LIQ","SOY_SOLID","DAIRY_LIQ","DAIRY_SEMI","SOY_SEMI","<strong>Cheese from cow’s milk</strong><br><br>This product is a firm dairy-based food product made from cow’s milk. Often known as cheese for pizza. When heated it has a smooth, creamy to chewy, elastic consistency. The product is typically consumed warm or at room temperature.","<strong>Soy milk</strong><br><br>This product is a liquid, soy-based food product made from soybeans. It has a uniform, liquid consistency and can be poured and drunk. The product is typically consumed cold or at room temperature.","<strong>Yuba (tofu skin)</strong><br><br>This product is a rubbery, firm, soy-based food product made from coagulated soy milk. It has a rubbery, firm consistency that holds its shape, and are easy to chew. The product is typically consumed warm.","<strong>Cow’s milk</strong><br><br>This product is a liquid, dairy-based food product made from cow’s milk. It has a uniform, liquid consistency and can be poured and drunk. The product is typically consumed cold or at room temperature.","<strong>Yoghurt from cow’s milk</strong><br><br>This product is a creamy, dairy-based food product made from fermented cow’s milk. It has a creamy consistency and can be eaten with a spoon. The product is typically consumed cold.","<strong>Douhua</strong><br><br>This product is a soft, firm, soy-based food product made from coagulated soymilk. It has a soft, firm consistency that holds its shape but can be easily divided with a spoon. The product is typically consumed cold or warm.","https://raw.githubusercontent.com/HjorthenA/SoyDairyProducts/main/"
121,"SOY_LIQ","DAIRY_LIQ","DAIRY_SOLID","SOY_SEMI","SOY_SOLID","DAIRY_SEMI","<strong>Soy milk</strong><br><br>This product is a liquid, soy-based food product made from soybeans. It has a uniform, liquid consistency and can be poured and drunk. The product is typically consumed cold or at room temperature.","<strong>Cow’s milk</strong><br><br>This product is a liquid, dairy-based food product made from cow’s milk. It has a uniform, liquid consistency and can be poured and drunk. The product is typically consumed cold or at room temperature.","<strong>Cheese from cow’s milk</strong><br><br>This product is a firm dairy-based food product made from cow’s milk. Often known as cheese for pizza. When heated it has a smooth, creamy to chewy, elastic consistency. The product is typically consumed warm or at room temperature.","<strong>Douhua</strong><br><br>This product is a soft, firm, soy-based food product made from coagulated soymilk. It has a soft, firm consistency that holds its shape but can be easily divided with a spoon. The product is typically consumed cold or warm.","<strong>Yuba (tofu skin)</strong><br><br>This product is a rubbery, firm, soy-based food product made from coagulated soy milk. It has a rubbery, firm consistency that holds its shape, and are easy to chew. The product is typically consumed warm.","<strong>Yoghurt from cow’s milk</strong><br><br>This product is a creamy, dairy-based food product made from fermented cow’s milk. It has a creamy consistency and can be eaten with a spoon. The product is typically consumed cold.","https://raw.githubusercontent.com/HjorthenA/SoyDairyProducts/main/"
122,"DAIRY_LIQ","SOY_SEMI","SOY_LIQ","DAIRY_SEMI","DAIRY_SOLID","SOY_SOLID","<strong>Cow’s milk</strong><br><br>This product is a liquid, dairy-based food product made from cow’s milk. It has a uniform, liquid consistency and can be poured and drunk. The product is typically consumed cold or at room temperature.","<strong>Douhua</strong><br><br>This product is a soft, firm, soy-based food product made from coagulated soymilk. It has a soft, firm consistency that holds its shape but can be easily divided with a spoon. The product is typically consumed cold or warm.","<strong>Soy milk</strong><br><br>This product is a liquid, soy-based food product made from soybeans. It has a uniform, liquid consistency and can be poured and drunk. The product is typically consumed cold or at room temperature.","<strong>Yoghurt from cow’s milk</strong><br><br>This product is a creamy, dairy-based food product made from fermented cow’s milk. It has a creamy consistency and can be eaten with a spoon. The product is typically consumed cold.","<strong>Cheese from cow’s milk</strong><br><br>This product is a firm dairy-based food product made from cow’s milk. Often known as cheese for pizza. When heated it has a smooth, creamy to chewy, elastic consistency. The product is typically consumed warm or at room temperature.","<strong>Yuba (tofu skin)</strong><br><br>This product is a rubbery, firm, soy-based food product made from coagulated soy milk. It has a rubbery, firm consistency that holds its shape, and are easy to chew. The product is typically consumed warm.","https://raw.githubusercontent.com/HjorthenA/SoyDairyProducts/main/"
123,"SOY_SEMI","DAIRY_SEMI","DAIRY_LIQ","SOY_SOLID","SOY_LIQ","DAIRY_SOLID","<strong>Douhua</strong><br><br>This product is a soft, firm, soy-based food product made from coagulated soymilk. It has a soft, firm consistency that holds its shape but can be easily divided with a spoon. The product is typically consumed cold or warm.","<strong>Yoghurt from cow’s milk</strong><br><br>This product is a creamy, dairy-based food product made from fermented cow’s milk. It has a creamy consistency and can be eaten with a spoon. The product is typically consumed cold.","<strong>Cow’s milk</strong><br><br>This product is a liquid, dairy-based food product made from cow’s milk. It has a uniform, liquid consistency and can be poured and drunk. The product is typically consumed cold or at room temperature.","<strong>Yuba (tofu skin)</strong><br><br>This product is a rubbery, firm, soy-based food product made from coagulated soy milk. It has a rubbery, firm consistency that holds its shape, and are easy to chew. The product is typically consumed warm.","<strong>Soy milk</strong><br><br>This product is a liquid, soy-based food product made from soybeans. It has a uniform, liquid consistency and can be poured and drunk. The product is typically consumed cold or at room temperature.","<strong>Cheese from cow’s milk</strong><br><br>This product is a firm dairy-based food product made from cow’s milk. Often known as cheese for pizza. When heated it has a smooth, creamy to chewy, elastic consistency. The product is typically consumed warm or at room temperature.","https://raw.githubusercontent.com/HjorthenA/SoyDairyProducts/main/"
124,"DAIRY_SEMI","SOY_SOLID","SOY_SEMI","DAIRY_SOLID","DAIRY_LIQ","SOY_LIQ","<strong>Yoghurt from cow’s milk</strong><br><br>This product is a creamy, dairy-based food product made from fermented cow’s milk. It has a creamy consistency and can be eaten with a spoon. The product is typically consumed cold.","<strong>Yuba (tofu skin)</strong><br><br>This product is a rubbery, firm, soy-based food product made from coagulated soy milk. It has a rubbery, firm consistency that holds its shape, and are easy to chew. The product is typically consumed warm.","<strong>Douhua</strong><br><br>This product is a soft, firm, soy-based food product made from coagulated soymilk. It has a soft, firm consistency that holds its shape but can be easily divided with a spoon. The product is typically consumed cold or warm.","<strong>Cheese from cow’s milk</strong><br><br>This product is a firm dairy-based food product made from cow’s milk. Often known as cheese for pizza. When heated it has a smooth, creamy to chewy, elastic consistency. The product is typically consumed warm or at room temperature.","<strong>Cow’s milk</strong><br><br>This product is a liquid, dairy-based food product made from cow’s milk. It has a uniform, liquid consistency and can be poured and drunk. The product is typically consumed cold or at room temperature.","<strong>Soy milk</strong><br><br>This product is a liquid, soy-based food product made from soybeans. It has a uniform, liquid consistency and can be poured and drunk. The product is typically consumed cold or at room temperature.","https://raw.githubusercontent.com/HjorthenA/SoyDairyProducts/main/"
125,"SOY_SOLID","DAIRY_SOLID","DAIRY_SEMI","SOY_LIQ","SOY_SEMI","DAIRY_LIQ","<strong>Yuba (tofu skin)</strong><br><br>This product is a rubbery, firm, soy-based food product made from coagulated soy milk. It has a rubbery, firm consistency that holds its shape, and are easy to chew. The product is typically consumed warm.","<strong>Cheese from cow’s milk</strong><br><br>This product is a firm dairy-based food product made from cow’s milk. Often known as cheese for pizza. When heated it has a smooth, creamy to chewy, elastic consistency. The product is typically consumed warm or at room temperature.","<strong>Yoghurt from cow’s milk</strong><br><br>This product is a creamy, dairy-based food product made from fermented cow’s milk. It has a creamy consistency and can be eaten with a spoon. The product is typically consumed cold.","<strong>Soy milk</strong><br><br>This product is a liquid, soy-based food product made from soybeans. It has a uniform, liquid consistency and can be poured and drunk. The product is typically consumed cold or at room temperature.","<strong>Douhua</strong><br><br>This product is a soft, firm, soy-based food product made from coagulated soymilk. It has a soft, firm consistency that holds its shape but can be easily divided with a spoon. The product is typically consumed cold or warm.","<strong>Cow’s milk</strong><br><br>This product is a liquid, dairy-based food product made from cow’s milk. It has a uniform, liquid consistency and can be poured and drunk. The product is typically consumed cold or at room temperature.","https://raw.githubusercontent.com/HjorthenA/SoyDairyProducts/main/"
126,"DAIRY_SOLID","SOY_LIQ","SOY_SOLID","DAIRY_LIQ","DAIRY_SEMI","SOY_SEMI","<strong>Cheese from cow’s milk</strong><br><br>This product is a firm dairy-based food product made from cow’s milk. Often known as cheese for pizza. When heated it has a smooth, creamy to chewy, elastic consistency. The product is typically consumed warm or at room temperature.","<strong>Soy milk</strong><br><br>This product is a liquid, soy-based food product made from soybeans. It has a uniform, liquid consistency and can be poured and drunk. The product is typically consumed cold or at room temperature.","<strong>Yuba (tofu skin)</strong><br><br>This product is a rubbery, firm, soy-based food product made from coagulated soy milk. It has a rubbery, firm consistency that holds its shape, and are easy to chew. The product is typically consumed warm.","<strong>Cow’s milk</strong><br><br>This product is a liquid, dairy-based food product made from cow’s milk. It has a uniform, liquid consistency and can be poured and drunk. The product is typically consumed cold or at room temperature.","<strong>Yoghurt from cow’s milk</strong><br><br>This product is a creamy, dairy-based food product made from fermented cow’s milk. It has a creamy consistency and can be eaten with a spoon. The product is typically consumed cold.","<strong>Douhua</strong><br><br>This product is a soft, firm, soy-based food product made from coagulated soymilk. It has a soft, firm consistency that holds its shape but can be easily divided with a spoon. The product is typically consumed cold or warm.","https://raw.githubusercontent.com/HjorthenA/SoyDairyProducts/main/"
127,"SOY_LIQ","DAIRY_LIQ","DAIRY_SOLID","SOY_SEMI","SOY_SOLID","DAIRY_SEMI","<strong>Soy milk</strong><br><br>This product is a liquid, soy-based food product made from soybeans. It has a uniform, liquid consistency and can be poured and drunk. The product is typically consumed cold or at room temperature.","<strong>Cow’s milk</strong><br><br>This product is a liquid, dairy-based food product made from cow’s milk. It has a uniform, liquid consistency and can be poured and drunk. The product is typically consumed cold or at room temperature.","<strong>Cheese from cow’s milk</strong><br><br>This product is a firm dairy-based food product made from cow’s milk. Often known as cheese for pizza. When heated it has a smooth, creamy to chewy, elastic consistency. The product is typically consumed warm or at room temperature.","<strong>Douhua</strong><br><br>This product is a soft, firm, soy-based food product made from coagulated soymilk. It has a soft, firm consistency that holds its shape but can be easily divided with a spoon. The product is typically consumed cold or warm.","<strong>Yuba (tofu skin)</strong><br><br>This product is a rubbery, firm, soy-based food product made from coagulated soy milk. It has a rubbery, firm consistency that holds its shape, and are easy to chew. The product is typically consumed warm.","<strong>Yoghurt from cow’s milk</strong><br><br>This product is a creamy, dairy-based food product made from fermented cow’s milk. It has a creamy consistency and can be eaten with a spoon. The product is typically consumed cold.","https://raw.githubusercontent.com/HjorthenA/SoyDairyProducts/main/"
128,"DAIRY_LIQ","SOY_SEMI","SOY_LIQ","DAIRY_SEMI","DAIRY_SOLID","SOY_SOLID","<strong>Cow’s milk</strong><br><br>This product is a liquid, dairy-based food product made from cow’s milk. It has a uniform, liquid consistency and can be poured and drunk. The product is typically consumed cold or at room temperature.","<strong>Douhua</strong><br><br>This product is a soft, firm, soy-based food product made from coagulated soymilk. It has a soft, firm consistency that holds its shape but can be easily divided with a spoon. The product is typically consumed cold or warm.","<strong>Soy milk</strong><br><br>This product is a liquid, soy-based food product made from soybeans. It has a uniform, liquid consistency and can be poured and drunk. The product is typically consumed cold or at room temperature.","<strong>Yoghurt from cow’s milk</strong><br><br>This product is a creamy, dairy-based food product made from fermented cow’s milk. It has a creamy consistency and can be eaten with a spoon. The product is typically consumed cold.","<strong>Cheese from cow’s milk</strong><br><br>This product is a firm dairy-based food product made from cow’s milk. Often known as cheese for pizza. When heated it has a smooth, creamy to chewy, elastic consistency. The product is typically consumed warm or at room temperature.","<strong>Yuba (tofu skin)</strong><br><br>This product is a rubbery, firm, soy-based food product made from coagulated soy milk. It has a rubbery, firm consistency that holds its shape, and are easy to chew. The product is typically consumed warm.","https://raw.githubusercontent.com/HjorthenA/SoyDairyProducts/main/"
129,"SOY_SEMI","DAIRY_SEMI","DAIRY_LIQ","SOY_SOLID","SOY_LIQ","DAIRY_SOLID","<strong>Douhua</strong><br><br>This product is a soft, firm, soy-based food product made from coagulated soymilk. It has a soft, firm consistency that holds its shape but can be easily divided with a spoon. The product is typically consumed cold or warm.","<strong>Yoghurt from cow’s milk</strong><br><br>This product is a creamy, dairy-based food product made from fermented cow’s milk. It has a creamy consistency and can be eaten with a spoon. The product is typically consumed cold.","<strong>Cow’s milk</strong><br><br>This product is a liquid, dairy-based food product made from cow’s milk. It has a uniform, liquid consistency and can be poured and drunk. The product is typically consumed cold or at room temperature.","<strong>Yuba (tofu skin)</strong><br><br>This product is a rubbery, firm, soy-based food product made from coagulated soy milk. It has a rubbery, firm consistency that holds its shape, and are easy to chew. The product is typically consumed warm.","<strong>Soy milk</strong><br><br>This product is a liquid, soy-based food product made from soybeans. It has a uniform, liquid consistency and can be poured and drunk. The product is typically consumed cold or at room temperature.","<strong>Cheese from cow’s milk</strong><br><br>This product is a firm dairy-based food product made from cow’s milk. Often known as cheese for pizza. When heated it has a smooth, creamy to chewy, elastic consistency. The product is typically consumed warm or at room temperature.","https://raw.githubusercontent.com/HjorthenA/SoyDairyProducts/main/"
130,"DAIRY_SEMI","SOY_SOLID","SOY_SEMI","DAIRY_SOLID","DAIRY_LIQ","SOY_LIQ","<strong>Yoghurt from cow’s milk</strong><br><br>This product is a creamy, dairy-based food product made from fermented cow’s milk. It has a creamy consistency and can be eaten with a spoon. The product is typically consumed cold.","<strong>Yuba (tofu skin)</strong><br><br>This product is a rubbery, firm, soy-based food product made from coagulated soy milk. It has a rubbery, firm consistency that holds its shape, and are easy to chew. The product is typically consumed warm.","<strong>Douhua</strong><br><br>This product is a soft, firm, soy-based food product made from coagulated soymilk. It has a soft, firm consistency that holds its shape but can be easily divided with a spoon. The product is typically consumed cold or warm.","<strong>Cheese from cow’s milk</strong><br><br>This product is a firm dairy-based food product made from cow’s milk. Often known as cheese for pizza. When heated it has a smooth, creamy to chewy, elastic consistency. The product is typically consumed warm or at room temperature.","<strong>Cow’s milk</strong><br><br>This product is a liquid, dairy-based food product made from cow’s milk. It has a uniform, liquid consistency and can be poured and drunk. The product is typically consumed cold or at room temperature.","<strong>Soy milk</strong><br><br>This product is a liquid, soy-based food product made from soybeans. It has a uniform, liquid consistency and can be poured and drunk. The product is typically consumed cold or at room temperature.","https://raw.githubusercontent.com/HjorthenA/SoyDairyProducts/main/"
131,"SOY_SOLID","DAIRY_SOLID","DAIRY_SEMI","SOY_LIQ","SOY_SEMI","DAIRY_LIQ","<strong>Yuba (tofu skin)</strong><br><br>This product is a rubbery, firm, soy-based food product made from coagulated soy milk. It has a rubbery, firm consistency that holds its shape, and are easy to chew. The product is typically consumed warm.","<strong>Cheese from cow’s milk</strong><br><br>This product is a firm dairy-based food product made from cow’s milk. Often known as cheese for pizza. When heated it has a smooth, creamy to chewy, elastic consistency. The product is typically consumed warm or at room temperature.","<strong>Yoghurt from cow’s milk</strong><br><br>This product is a creamy, dairy-based food product made from fermented cow’s milk. It has a creamy consistency and can be eaten with a spoon. The product is typically consumed cold.","<strong>Soy milk</strong><br><br>This product is a liquid, soy-based food product made from soybeans. It has a uniform, liquid consistency and can be poured and drunk. The product is typically consumed cold or at room temperature.","<strong>Douhua</strong><br><br>This product is a soft, firm, soy-based food product made from coagulated soymilk. It has a soft, firm consistency that holds its shape but can be easily divided with a spoon. The product is typically consumed cold or warm.","<strong>Cow’s milk</strong><br><br>This product is a liquid, dairy-based food product made from cow’s milk. It has a uniform, liquid consistency and can be poured and drunk. The product is typically consumed cold or at room temperature.","https://raw.githubusercontent.com/HjorthenA/SoyDairyProducts/main/"
132,"DAIRY_SOLID","SOY_LIQ","SOY_SOLID","DAIRY_LIQ","DAIRY_SEMI","SOY_SEMI","<strong>Cheese from cow’s milk</strong><br><br>This product is a firm dairy-based food product made from cow’s milk. Often known as cheese for pizza. When heated it has a smooth, creamy to chewy, elastic consistency. The product is typically consumed warm or at room temperature.","<strong>Soy milk</strong><br><br>This product is a liquid, soy-based food product made from soybeans. It has a uniform, liquid consistency and can be poured and drunk. The product is typically consumed cold or at room temperature.","<strong>Yuba (tofu skin)</strong><br><br>This product is a rubbery, firm, soy-based food product made from coagulated soy milk. It has a rubbery, firm consistency that holds its shape, and are easy to chew. The product is typically consumed warm.","<strong>Cow’s milk</strong><br><br>This product is a liquid, dairy-based food product made from cow’s milk. It has a uniform, liquid consistency and can be poured and drunk. The product is typically consumed cold or at room temperature.","<strong>Yoghurt from cow’s milk</strong><br><br>This product is a creamy, dairy-based food product made from fermented cow’s milk. It has a creamy consistency and can be eaten with a spoon. The product is typically consumed cold.","<strong>Douhua</strong><br><br>This product is a soft, firm, soy-based food product made from coagulated soymilk. It has a soft, firm consistency that holds its shape but can be easily divided with a spoon. The product is typically consumed cold or warm.","https://raw.githubusercontent.com/HjorthenA/SoyDairyProducts/main/"
133,"SOY_LIQ","DAIRY_LIQ","DAIRY_SOLID","SOY_SEMI","SOY_SOLID","DAIRY_SEMI","<strong>Soy milk</strong><br><br>This product is a liquid, soy-based food product made from soybeans. It has a uniform, liquid consistency and can be poured and drunk. The product is typically consumed cold or at room temperature.","<strong>Cow’s milk</strong><br><br>This product is a liquid, dairy-based food product made from cow’s milk. It has a uniform, liquid consistency and can be poured and drunk. The product is typically consumed cold or at room temperature.","<strong>Cheese from cow’s milk</strong><br><br>This product is a firm dairy-based food product made from cow’s milk. Often known as cheese for pizza. When heated it has a smooth, creamy to chewy, elastic consistency. The product is typically consumed warm or at room temperature.","<strong>Douhua</strong><br><br>This product is a soft, firm, soy-based food product made from coagulated soymilk. It has a soft, firm consistency that holds its shape but can be easily divided with a spoon. The product is typically consumed cold or warm.","<strong>Yuba (tofu skin)</strong><br><br>This product is a rubbery, firm, soy-based food product made from coagulated soy milk. It has a rubbery, firm consistency that holds its shape, and are easy to chew. The product is typically consumed warm.","<strong>Yoghurt from cow’s milk</strong><br><br>This product is a creamy, dairy-based food product made from fermented cow’s milk. It has a creamy consistency and can be eaten with a spoon. The product is typically consumed cold.","https://raw.githubusercontent.com/HjorthenA/SoyDairyProducts/main/"
134,"DAIRY_LIQ","SOY_SEMI","SOY_LIQ","DAIRY_SEMI","DAIRY_SOLID","SOY_SOLID","<strong>Cow’s milk</strong><br><br>This product is a liquid, dairy-based food product made from cow’s milk. It has a uniform, liquid consistency and can be poured and drunk. The product is typically consumed cold or at room temperature.","<strong>Douhua</strong><br><br>This product is a soft, firm, soy-based food product made from coagulated soymilk. It has a soft, firm consistency that holds its shape but can be easily divided with a spoon. The product is typically consumed cold or warm.","<strong>Soy milk</strong><br><br>This product is a liquid, soy-based food product made from soybeans. It has a uniform, liquid consistency and can be poured and drunk. The product is typically consumed cold or at room temperature.","<strong>Yoghurt from cow’s milk</strong><br><br>This product is a creamy, dairy-based food product made from fermented cow’s milk. It has a creamy consistency and can be eaten with a spoon. The product is typically consumed cold.","<strong>Cheese from cow’s milk</strong><br><br>This product is a firm dairy-based food product made from cow’s milk. Often known as cheese for pizza. When heated it has a smooth, creamy to chewy, elastic consistency. The product is typically consumed warm or at room temperature.","<strong>Yuba (tofu skin)</strong><br><br>This product is a rubbery, firm, soy-based food product made from coagulated soy milk. It has a rubbery, firm consistency that holds its shape, and are easy to chew. The product is typically consumed warm.","https://raw.githubusercontent.com/HjorthenA/SoyDairyProducts/main/"
135,"SOY_SEMI","DAIRY_SEMI","DAIRY_LIQ","SOY_SOLID","SOY_LIQ","DAIRY_SOLID","<strong>Douhua</strong><br><br>This product is a soft, firm, soy-based food product made from coagulated soymilk. It has a soft, firm consistency that holds its shape but can be easily divided with a spoon. The product is typically consumed cold or warm.","<strong>Yoghurt from cow’s milk</strong><br><br>This product is a creamy, dairy-based food product made from fermented cow’s milk. It has a creamy consistency and can be eaten with a spoon. The product is typically consumed cold.","<strong>Cow’s milk</strong><br><br>This product is a liquid, dairy-based food product made from cow’s milk. It has a uniform, liquid consistency and can be poured and drunk. The product is typically consumed cold or at room temperature.","<strong>Yuba (tofu skin)</strong><br><br>This product is a rubbery, firm, soy-based food product made from coagulated soy milk. It has a rubbery, firm consistency that holds its shape, and are easy to chew. The product is typically consumed warm.","<strong>Soy milk</strong><br><br>This product is a liquid, soy-based food product made from soybeans. It has a uniform, liquid consistency and can be poured and drunk. The product is typically consumed cold or at room temperature.","<strong>Cheese from cow’s milk</strong><br><br>This product is a firm dairy-based food product made from cow’s milk. Often known as cheese for pizza. When heated it has a smooth, creamy to chewy, elastic consistency. The product is typically consumed warm or at room temperature.","https://raw.githubusercontent.com/HjorthenA/SoyDairyProducts/main/"
136,"DAIRY_SEMI","SOY_SOLID","SOY_SEMI","DAIRY_SOLID","DAIRY_LIQ","SOY_LIQ","<strong>Yoghurt from cow’s milk</strong><br><br>This product is a creamy, dairy-based food product made from fermented cow’s milk. It has a creamy consistency and can be eaten with a spoon. The product is typically consumed cold.","<strong>Yuba (tofu skin)</strong><br><br>This product is a rubbery, firm, soy-based food product made from coagulated soy milk. It has a rubbery, firm consistency that holds its shape, and are easy to chew. The product is typically consumed warm.","<strong>Douhua</strong><br><br>This product is a soft, firm, soy-based food product made from coagulated soymilk. It has a soft, firm consistency that holds its shape but can be easily divided with a spoon. The product is typically consumed cold or warm.","<strong>Cheese from cow’s milk</strong><br><br>This product is a firm dairy-based food product made from cow’s milk. Often known as cheese for pizza. When heated it has a smooth, creamy to chewy, elastic consistency. The product is typically consumed warm or at room temperature.","<strong>Cow’s milk</strong><br><br>This product is a liquid, dairy-based food product made from cow’s milk. It has a uniform, liquid consistency and can be poured and drunk. The product is typically consumed cold or at room temperature.","<strong>Soy milk</strong><br><br>This product is a liquid, soy-based food product made from soybeans. It has a uniform, liquid consistency and can be poured and drunk. The product is typically consumed cold or at room temperature.","https://raw.githubusercontent.com/HjorthenA/SoyDairyProducts/main/"
137,"SOY_SOLID","DAIRY_SOLID","DAIRY_SEMI","SOY_LIQ","SOY_SEMI","DAIRY_LIQ","<strong>Yuba (tofu skin)</strong><br><br>This product is a rubbery, firm, soy-based food product made from coagulated soy milk. It has a rubbery, firm consistency that holds its shape, and are easy to chew. The product is typically consumed warm.","<strong>Cheese from cow’s milk</strong><br><br>This product is a firm dairy-based food product made from cow’s milk. Often known as cheese for pizza. When heated it has a smooth, creamy to chewy, elastic consistency. The product is typically consumed warm or at room temperature.","<strong>Yoghurt from cow’s milk</strong><br><br>This product is a creamy, dairy-based food product made from fermented cow’s milk. It has a creamy consistency and can be eaten with a spoon. The product is typically consumed cold.","<strong>Soy milk</strong><br><br>This product is a liquid, soy-based food product made from soybeans. It has a uniform, liquid consistency and can be poured and drunk. The product is typically consumed cold or at room temperature.","<strong>Douhua</strong><br><br>This product is a soft, firm, soy-based food product made from coagulated soymilk. It has a soft, firm consistency that holds its shape but can be easily divided with a spoon. The product is typically consumed cold or warm.","<strong>Cow’s milk</strong><br><br>This product is a liquid, dairy-based food product made from cow’s milk. It has a uniform, liquid consistency and can be poured and drunk. The product is typically consumed cold or at room temperature.","https://raw.githubusercontent.com/HjorthenA/SoyDairyProducts/main/"
138,"DAIRY_SOLID","SOY_LIQ","SOY_SOLID","DAIRY_LIQ","DAIRY_SEMI","SOY_SEMI","<strong>Cheese from cow’s milk</strong><br><br>This product is a firm dairy-based food product made from cow’s milk. Often known as cheese for pizza. When heated it has a smooth, creamy to chewy, elastic consistency. The product is typically consumed warm or at room temperature.","<strong>Soy milk</strong><br><br>This product is a liquid, soy-based food product made from soybeans. It has a uniform, liquid consistency and can be poured and drunk. The product is typically consumed cold or at room temperature.","<strong>Yuba (tofu skin)</strong><br><br>This product is a rubbery, firm, soy-based food product made from coagulated soy milk. It has a rubbery, firm consistency that holds its shape, and are easy to chew. The product is typically consumed warm.","<strong>Cow’s milk</strong><br><br>This product is a liquid, dairy-based food product made from cow’s milk. It has a uniform, liquid consistency and can be poured and drunk. The product is typically consumed cold or at room temperature.","<strong>Yoghurt from cow’s milk</strong><br><br>This product is a creamy, dairy-based food product made from fermented cow’s milk. It has a creamy consistency and can be eaten with a spoon. The product is typically consumed cold.","<strong>Douhua</strong><br><br>This product is a soft, firm, soy-based food product made from coagulated soymilk. It has a soft, firm consistency that holds its shape but can be easily divided with a spoon. The product is typically consumed cold or warm.","https://raw.githubusercontent.com/HjorthenA/SoyDairyProducts/main/"
139,"SOY_LIQ","DAIRY_LIQ","DAIRY_SOLID","SOY_SEMI","SOY_SOLID","DAIRY_SEMI","<strong>Soy milk</strong><br><br>This product is a liquid, soy-based food product made from soybeans. It has a uniform, liquid consistency and can be poured and drunk. The product is typically consumed cold or at room temperature.","<strong>Cow’s milk</strong><br><br>This product is a liquid, dairy-based food product made from cow’s milk. It has a uniform, liquid consistency and can be poured and drunk. The product is typically consumed cold or at room temperature.","<strong>Cheese from cow’s milk</strong><br><br>This product is a firm dairy-based food product made from cow’s milk. Often known as cheese for pizza. When heated it has a smooth, creamy to chewy, elastic consistency. The product is typically consumed warm or at room temperature.","<strong>Douhua</strong><br><br>This product is a soft, firm, soy-based food product made from coagulated soymilk. It has a soft, firm consistency that holds its shape but can be easily divided with a spoon. The product is typically consumed cold or warm.","<strong>Yuba (tofu skin)</strong><br><br>This product is a rubbery, firm, soy-based food product made from coagulated soy milk. It has a rubbery, firm consistency that holds its shape, and are easy to chew. The product is typically consumed warm.","<strong>Yoghurt from cow’s milk</strong><br><br>This product is a creamy, dairy-based food product made from fermented cow’s milk. It has a creamy consistency and can be eaten with a spoon. The product is typically consumed cold.","https://raw.githubusercontent.com/HjorthenA/SoyDairyProducts/main/"
140,"DAIRY_LIQ","SOY_SEMI","SOY_LIQ","DAIRY_SEMI","DAIRY_SOLID","SOY_SOLID","<strong>Cow’s milk</strong><br><br>This product is a liquid, dairy-based food product made from cow’s milk. It has a uniform, liquid consistency and can be poured and drunk. The product is typically consumed cold or at room temperature.","<strong>Douhua</strong><br><br>This product is a soft, firm, soy-based food product made from coagulated soymilk. It has a soft, firm consistency that holds its shape but can be easily divided with a spoon. The product is typically consumed cold or warm.","<strong>Soy milk</strong><br><br>This product is a liquid, soy-based food product made from soybeans. It has a uniform, liquid consistency and can be poured and drunk. The product is typically consumed cold or at room temperature.","<strong>Yoghurt from cow’s milk</strong><br><br>This product is a creamy, dairy-based food product made from fermented cow’s milk. It has a creamy consistency and can be eaten with a spoon. The product is typically consumed cold.","<strong>Cheese from cow’s milk</strong><br><br>This product is a firm dairy-based food product made from cow’s milk. Often known as cheese for pizza. When heated it has a smooth, creamy to chewy, elastic consistency. The product is typically consumed warm or at room temperature.","<strong>Yuba (tofu skin)</strong><br><br>This product is a rubbery, firm, soy-based food product made from coagulated soy milk. It has a rubbery, firm consistency that holds its shape, and are easy to chew. The product is typically consumed warm.","https://raw.githubusercontent.com/HjorthenA/SoyDairyProducts/main/"
141,"SOY_SEMI","DAIRY_SEMI","DAIRY_LIQ","SOY_SOLID","SOY_LIQ","DAIRY_SOLID","<strong>Douhua</strong><br><br>This product is a soft, firm, soy-based food product made from coagulated soymilk. It has a soft, firm consistency that holds its shape but can be easily divided with a spoon. The product is typically consumed cold or warm.","<strong>Yoghurt from cow’s milk</strong><br><br>This product is a creamy, dairy-based food product made from fermented cow’s milk. It has a creamy consistency and can be eaten with a spoon. The product is typically consumed cold.","<strong>Cow’s milk</strong><br><br>This product is a liquid, dairy-based food product made from cow’s milk. It has a uniform, liquid consistency and can be poured and drunk. The product is typically consumed cold or at room temperature.","<strong>Yuba (tofu skin)</strong><br><br>This product is a rubbery, firm, soy-based food product made from coagulated soy milk. It has a rubbery, firm consistency that holds its shape, and are easy to chew. The product is typically consumed warm.","<strong>Soy milk</strong><br><br>This product is a liquid, soy-based food product made from soybeans. It has a uniform, liquid consistency and can be poured and drunk. The product is typically consumed cold or at room temperature.","<strong>Cheese from cow’s milk</strong><br><br>This product is a firm dairy-based food product made from cow’s milk. Often known as cheese for pizza. When heated it has a smooth, creamy to chewy, elastic consistency. The product is typically consumed warm or at room temperature.","https://raw.githubusercontent.com/HjorthenA/SoyDairyProducts/main/"
142,"DAIRY_SEMI","SOY_SOLID","SOY_SEMI","DAIRY_SOLID","DAIRY_LIQ","SOY_LIQ","<strong>Yoghurt from cow’s milk</strong><br><br>This product is a creamy, dairy-based food product made from fermented cow’s milk. It has a creamy consistency and can be eaten with a spoon. The product is typically consumed cold.","<strong>Yuba (tofu skin)</strong><br><br>This product is a rubbery, firm, soy-based food product made from coagulated soy milk. It has a rubbery, firm consistency that holds its shape, and are easy to chew. The product is typically consumed warm.","<strong>Douhua</strong><br><br>This product is a soft, firm, soy-based food product made from coagulated soymilk. It has a soft, firm consistency that holds its shape but can be easily divided with a spoon. The product is typically consumed cold or warm.","<strong>Cheese from cow’s milk</strong><br><br>This product is a firm dairy-based food product made from cow’s milk. Often known as cheese for pizza. When heated it has a smooth, creamy to chewy, elastic consistency. The product is typically consumed warm or at room temperature.","<strong>Cow’s milk</strong><br><br>This product is a liquid, dairy-based food product made from cow’s milk. It has a uniform, liquid consistency and can be poured and drunk. The product is typically consumed cold or at room temperature.","<strong>Soy milk</strong><br><br>This product is a liquid, soy-based food product made from soybeans. It has a uniform, liquid consistency and can be poured and drunk. The product is typically consumed cold or at room temperature.","https://raw.githubusercontent.com/HjorthenA/SoyDairyProducts/main/"
143,"SOY_SOLID","DAIRY_SOLID","DAIRY_SEMI","SOY_LIQ","SOY_SEMI","DAIRY_LIQ","<strong>Yuba (tofu skin)</strong><br><br>This product is a rubbery, firm, soy-based food product made from coagulated soy milk. It has a rubbery, firm consistency that holds its shape, and are easy to chew. The product is typically consumed warm.","<strong>Cheese from cow’s milk</strong><br><br>This product is a firm dairy-based food product made from cow’s milk. Often known as cheese for pizza. When heated it has a smooth, creamy to chewy, elastic consistency. The product is typically consumed warm or at room temperature.","<strong>Yoghurt from cow’s milk</strong><br><br>This product is a creamy, dairy-based food product made from fermented cow’s milk. It has a creamy consistency and can be eaten with a spoon. The product is typically consumed cold.","<strong>Soy milk</strong><br><br>This product is a liquid, soy-based food product made from soybeans. It has a uniform, liquid consistency and can be poured and drunk. The product is typically consumed cold or at room temperature.","<strong>Douhua</strong><br><br>This product is a soft, firm, soy-based food product made from coagulated soymilk. It has a soft, firm consistency that holds its shape but can be easily divided with a spoon. The product is typically consumed cold or warm.","<strong>Cow’s milk</strong><br><br>This product is a liquid, dairy-based food product made from cow’s milk. It has a uniform, liquid consistency and can be poured and drunk. The product is typically consumed cold or at room temperature.","https://raw.githubusercontent.com/HjorthenA/SoyDairyProducts/main/"
144,"DAIRY_SOLID","SOY_LIQ","SOY_SOLID","DAIRY_LIQ","DAIRY_SEMI","SOY_SEMI","<strong>Cheese from cow’s milk</strong><br><br>This product is a firm dairy-based food product made from cow’s milk. Often known as cheese for pizza. When heated it has a smooth, creamy to chewy, elastic consistency. The product is typically consumed warm or at room temperature.","<strong>Soy milk</strong><br><br>This product is a liquid, soy-based food product made from soybeans. It has a uniform, liquid consistency and can be poured and drunk. The product is typically consumed cold or at room temperature.","<strong>Yuba (tofu skin)</strong><br><br>This product is a rubbery, firm, soy-based food product made from coagulated soy milk. It has a rubbery, firm consistency that holds its shape, and are easy to chew. The product is typically consumed warm.","<strong>Cow’s milk</strong><br><br>This product is a liquid, dairy-based food product made from cow’s milk. It has a uniform, liquid consistency and can be poured and drunk. The product is typically consumed cold or at room temperature.","<strong>Yoghurt from cow’s milk</strong><br><br>This product is a creamy, dairy-based food product made from fermented cow’s milk. It has a creamy consistency and can be eaten with a spoon. The product is typically consumed cold.","<strong>Douhua</strong><br><br>This product is a soft, firm, soy-based food product made from coagulated soymilk. It has a soft, firm consistency that holds its shape but can be easily divided with a spoon. The product is typically consumed cold or warm.","https://raw.githubusercontent.com/HjorthenA/SoyDairyProducts/main/"
145,"SOY_LIQ","DAIRY_LIQ","DAIRY_SOLID","SOY_SEMI","SOY_SOLID","DAIRY_SEMI","<strong>Soy milk</strong><br><br>This product is a liquid, soy-based food product made from soybeans. It has a uniform, liquid consistency and can be poured and drunk. The product is typically consumed cold or at room temperature.","<strong>Cow’s milk</strong><br><br>This product is a liquid, dairy-based food product made from cow’s milk. It has a uniform, liquid consistency and can be poured and drunk. The product is typically consumed cold or at room temperature.","<strong>Cheese from cow’s milk</strong><br><br>This product is a firm dairy-based food product made from cow’s milk. Often known as cheese for pizza. When heated it has a smooth, creamy to chewy, elastic consistency. The product is typically consumed warm or at room temperature.","<strong>Douhua</strong><br><br>This product is a soft, firm, soy-based food product made from coagulated soymilk. It has a soft, firm consistency that holds its shape but can be easily divided with a spoon. The product is typically consumed cold or warm.","<strong>Yuba (tofu skin)</strong><br><br>This product is a rubbery, firm, soy-based food product made from coagulated soy milk. It has a rubbery, firm consistency that holds its shape, and are easy to chew. The product is typically consumed warm.","<strong>Yoghurt from cow’s milk</strong><br><br>This product is a creamy, dairy-based food product made from fermented cow’s milk. It has a creamy consistency and can be eaten with a spoon. The product is typically consumed cold.","https://raw.githubusercontent.com/HjorthenA/SoyDairyProducts/main/"
146,"DAIRY_LIQ","SOY_SEMI","SOY_LIQ","DAIRY_SEMI","DAIRY_SOLID","SOY_SOLID","<strong>Cow’s milk</strong><br><br>This product is a liquid, dairy-based food product made from cow’s milk. It has a uniform, liquid consistency and can be poured and drunk. The product is typically consumed cold or at room temperature.","<strong>Douhua</strong><br><br>This product is a soft, firm, soy-based food product made from coagulated soymilk. It has a soft, firm consistency that holds its shape but can be easily divided with a spoon. The product is typically consumed cold or warm.","<strong>Soy milk</strong><br><br>This product is a liquid, soy-based food product made from soybeans. It has a uniform, liquid consistency and can be poured and drunk. The product is typically consumed cold or at room temperature.","<strong>Yoghurt from cow’s milk</strong><br><br>This product is a creamy, dairy-based food product made from fermented cow’s milk. It has a creamy consistency and can be eaten with a spoon. The product is typically consumed cold.","<strong>Cheese from cow’s milk</strong><br><br>This product is a firm dairy-based food product made from cow’s milk. Often known as cheese for pizza. When heated it has a smooth, creamy to chewy, elastic consistency. The product is typically consumed warm or at room temperature.","<strong>Yuba (tofu skin)</strong><br><br>This product is a rubbery, firm, soy-based food product made from coagulated soy milk. It has a rubbery, firm consistency that holds its shape, and are easy to chew. The product is typically consumed warm.","https://raw.githubusercontent.com/HjorthenA/SoyDairyProducts/main/"
147,"SOY_SEMI","DAIRY_SEMI","DAIRY_LIQ","SOY_SOLID","SOY_LIQ","DAIRY_SOLID","<strong>Douhua</strong><br><br>This product is a soft, firm, soy-based food product made from coagulated soymilk. It has a soft, firm consistency that holds its shape but can be easily divided with a spoon. The product is typically consumed cold or warm.","<strong>Yoghurt from cow’s milk</strong><br><br>This product is a creamy, dairy-based food product made from fermented cow’s milk. It has a creamy consistency and can be eaten with a spoon. The product is typically consumed cold.","<strong>Cow’s milk</strong><br><br>This product is a liquid, dairy-based food product made from cow’s milk. It has a uniform, liquid consistency and can be poured and drunk. The product is typically consumed cold or at room temperature.","<strong>Yuba (tofu skin)</strong><br><br>This product is a rubbery, firm, soy-based food product made from coagulated soy milk. It has a rubbery, firm consistency that holds its shape, and are easy to chew. The product is typically consumed warm.","<strong>Soy milk</strong><br><br>This product is a liquid, soy-based food product made from soybeans. It has a uniform, liquid consistency and can be poured and drunk. The product is typically consumed cold or at room temperature.","<strong>Cheese from cow’s milk</strong><br><br>This product is a firm dairy-based food product made from cow’s milk. Often known as cheese for pizza. When heated it has a smooth, creamy to chewy, elastic consistency. The product is typically consumed warm or at room temperature.","https://raw.githubusercontent.com/HjorthenA/SoyDairyProducts/main/"
148,"DAIRY_SEMI","SOY_SOLID","SOY_SEMI","DAIRY_SOLID","DAIRY_LIQ","SOY_LIQ","<strong>Yoghurt from cow’s milk</strong><br><br>This product is a creamy, dairy-based food product made from fermented cow’s milk. It has a creamy consistency and can be eaten with a spoon. The product is typically consumed cold.","<strong>Yuba (tofu skin)</strong><br><br>This product is a rubbery, firm, soy-based food product made from coagulated soy milk. It has a rubbery, firm consistency that holds its shape, and are easy to chew. The product is typically consumed warm.","<strong>Douhua</strong><br><br>This product is a soft, firm, soy-based food product made from coagulated soymilk. It has a soft, firm consistency that holds its shape but can be easily divided with a spoon. The product is typically consumed cold or warm.","<strong>Cheese from cow’s milk</strong><br><br>This product is a firm dairy-based food product made from cow’s milk. Often known as cheese for pizza. When heated it has a smooth, creamy to chewy, elastic consistency. The product is typically consumed warm or at room temperature.","<strong>Cow’s milk</strong><br><br>This product is a liquid, dairy-based food product made from cow’s milk. It has a uniform, liquid consistency and can be poured and drunk. The product is typically consumed cold or at room temperature.","<strong>Soy milk</strong><br><br>This product is a liquid, soy-based food product made from soybeans. It has a uniform, liquid consistency and can be poured and drunk. The product is typically consumed cold or at room temperature.","https://raw.githubusercontent.com/HjorthenA/SoyDairyProducts/main/"
149,"SOY_SOLID","DAIRY_SOLID","DAIRY_SEMI","SOY_LIQ","SOY_SEMI","DAIRY_LIQ","<strong>Yuba (tofu skin)</strong><br><br>This product is a rubbery, firm, soy-based food product made from coagulated soy milk. It has a rubbery, firm consistency that holds its shape, and are easy to chew. The product is typically consumed warm.","<strong>Cheese from cow’s milk</strong><br><br>This product is a firm dairy-based food product made from cow’s milk. Often known as cheese for pizza. When heated it has a smooth, creamy to chewy, elastic consistency. The product is typically consumed warm or at room temperature.","<strong>Yoghurt from cow’s milk</strong><br><br>This product is a creamy, dairy-based food product made from fermented cow’s milk. It has a creamy consistency and can be eaten with a spoon. The product is typically consumed cold.","<strong>Soy milk</strong><br><br>This product is a liquid, soy-based food product made from soybeans. It has a uniform, liquid consistency and can be poured and drunk. The product is typically consumed cold or at room temperature.","<strong>Douhua</strong><br><br>This product is a soft, firm, soy-based food product made from coagulated soymilk. It has a soft, firm consistency that holds its shape but can be easily divided with a spoon. The product is typically consumed cold or warm.","<strong>Cow’s milk</strong><br><br>This product is a liquid, dairy-based food product made from cow’s milk. It has a uniform, liquid consistency and can be poured and drunk. The product is typically consumed cold or at room temperature.","https://raw.githubusercontent.com/HjorthenA/SoyDairyProducts/main/"
150,"DAIRY_SOLID","SOY_LIQ","SOY_SOLID","DAIRY_LIQ","DAIRY_SEMI","SOY_SEMI","<strong>Cheese from cow’s milk</strong><br><br>This product is a firm dairy-based food product made from cow’s milk. Often known as cheese for pizza. When heated it has a smooth, creamy to chewy, elastic consistency. The product is typically consumed warm or at room temperature.","<strong>Soy milk</strong><br><br>This product is a liquid, soy-based food product made from soybeans. It has a uniform, liquid consistency and can be poured and drunk. The product is typically consumed cold or at room temperature.","<strong>Yuba (tofu skin)</strong><br><br>This product is a rubbery, firm, soy-based food product made from coagulated soy milk. It has a rubbery, firm consistency that holds its shape, and are easy to chew. The product is typically consumed warm.","<strong>Cow’s milk</strong><br><br>This product is a liquid, dairy-based food product made from cow’s milk. It has a uniform, liquid consistency and can be poured and drunk. The product is typically consumed cold or at room temperature.","<strong>Yoghurt from cow’s milk</strong><br><br>This product is a creamy, dairy-based food product made from fermented cow’s milk. It has a creamy consistency and can be eaten with a spoon. The product is typically consumed cold.","<strong>Douhua</strong><br><br>This product is a soft, firm, soy-based food product made from coagulated soymilk. It has a soft, firm consistency that holds its shape but can be easily divided with a spoon. The product is typically consumed cold or warm.","https://raw.githubusercontent.com/HjorthenA/SoyDairyProducts/main/"
151,"SOY_LIQ","DAIRY_LIQ","DAIRY_SOLID","SOY_SEMI","SOY_SOLID","DAIRY_SEMI","<strong>Soy milk</strong><br><br>This product is a liquid, soy-based food product made from soybeans. It has a uniform, liquid consistency and can be poured and drunk. The product is typically consumed cold or at room temperature.","<strong>Cow’s milk</strong><br><br>This product is a liquid, dairy-based food product made from cow’s milk. It has a uniform, liquid consistency and can be poured and drunk. The product is typically consumed cold or at room temperature.","<strong>Cheese from cow’s milk</strong><br><br>This product is a firm dairy-based food product made from cow’s milk. Often known as cheese for pizza. When heated it has a smooth, creamy to chewy, elastic consistency. The product is typically consumed warm or at room temperature.","<strong>Douhua</strong><br><br>This product is a soft, firm, soy-based food product made from coagulated soymilk. It has a soft, firm consistency that holds its shape but can be easily divided with a spoon. The product is typically consumed cold or warm.","<strong>Yuba (tofu skin)</strong><br><br>This product is a rubbery, firm, soy-based food product made from coagulated soy milk. It has a rubbery, firm consistency that holds its shape, and are easy to chew. The product is typically consumed warm.","<strong>Yoghurt from cow’s milk</strong><br><br>This product is a creamy, dairy-based food product made from fermented cow’s milk. It has a creamy consistency and can be eaten with a spoon. The product is typically consumed cold.","https://raw.githubusercontent.com/HjorthenA/SoyDairyProducts/main/"
152,"DAIRY_LIQ","SOY_SEMI","SOY_LIQ","DAIRY_SEMI","DAIRY_SOLID","SOY_SOLID","<strong>Cow’s milk</strong><br><br>This product is a liquid, dairy-based food product made from cow’s milk. It has a uniform, liquid consistency and can be poured and drunk. The product is typically consumed cold or at room temperature.","<strong>Douhua</strong><br><br>This product is a soft, firm, soy-based food product made from coagulated soymilk. It has a soft, firm consistency that holds its shape but can be easily divided with a spoon. The product is typically consumed cold or warm.","<strong>Soy milk</strong><br><br>This product is a liquid, soy-based food product made from soybeans. It has a uniform, liquid consistency and can be poured and drunk. The product is typically consumed cold or at room temperature.","<strong>Yoghurt from cow’s milk</strong><br><br>This product is a creamy, dairy-based food product made from fermented cow’s milk. It has a creamy consistency and can be eaten with a spoon. The product is typically consumed cold.","<strong>Cheese from cow’s milk</strong><br><br>This product is a firm dairy-based food product made from cow’s milk. Often known as cheese for pizza. When heated it has a smooth, creamy to chewy, elastic consistency. The product is typically consumed warm or at room temperature.","<strong>Yuba (tofu skin)</strong><br><br>This product is a rubbery, firm, soy-based food product made from coagulated soy milk. It has a rubbery, firm consistency that holds its shape, and are easy to chew. The product is typically consumed warm.","https://raw.githubusercontent.com/HjorthenA/SoyDairyProducts/main/"
153,"SOY_SEMI","DAIRY_SEMI","DAIRY_LIQ","SOY_SOLID","SOY_LIQ","DAIRY_SOLID","<strong>Douhua</strong><br><br>This product is a soft, firm, soy-based food product made from coagulated soymilk. It has a soft, firm consistency that holds its shape but can be easily divided with a spoon. The product is typically consumed cold or warm.","<strong>Yoghurt from cow’s milk</strong><br><br>This product is a creamy, dairy-based food product made from fermented cow’s milk. It has a creamy consistency and can be eaten with a spoon. The product is typically consumed cold.","<strong>Cow’s milk</strong><br><br>This product is a liquid, dairy-based food product made from cow’s milk. It has a uniform, liquid consistency and can be poured and drunk. The product is typically consumed cold or at room temperature.","<strong>Yuba (tofu skin)</strong><br><br>This product is a rubbery, firm, soy-based food product made from coagulated soy milk. It has a rubbery, firm consistency that holds its shape, and are easy to chew. The product is typically consumed warm.","<strong>Soy milk</strong><br><br>This product is a liquid, soy-based food product made from soybeans. It has a uniform, liquid consistency and can be poured and drunk. The product is typically consumed cold or at room temperature.","<strong>Cheese from cow’s milk</strong><br><br>This product is a firm dairy-based food product made from cow’s milk. Often known as cheese for pizza. When heated it has a smooth, creamy to chewy, elastic consistency. The product is typically consumed warm or at room temperature.","https://raw.githubusercontent.com/HjorthenA/SoyDairyProducts/main/"
154,"DAIRY_SEMI","SOY_SOLID","SOY_SEMI","DAIRY_SOLID","DAIRY_LIQ","SOY_LIQ","<strong>Yoghurt from cow’s milk</strong><br><br>This product is a creamy, dairy-based food product made from fermented cow’s milk. It has a creamy consistency and can be eaten with a spoon. The product is typically consumed cold.","<strong>Yuba (tofu skin)</strong><br><br>This product is a rubbery, firm, soy-based food product made from coagulated soy milk. It has a rubbery, firm consistency that holds its shape, and are easy to chew. The product is typically consumed warm.","<strong>Douhua</strong><br><br>This product is a soft, firm, soy-based food product made from coagulated soymilk. It has a soft, firm consistency that holds its shape but can be easily divided with a spoon. The product is typically consumed cold or warm.","<strong>Cheese from cow’s milk</strong><br><br>This product is a firm dairy-based food product made from cow’s milk. Often known as cheese for pizza. When heated it has a smooth, creamy to chewy, elastic consistency. The product is typically consumed warm or at room temperature.","<strong>Cow’s milk</strong><br><br>This product is a liquid, dairy-based food product made from cow’s milk. It has a uniform, liquid consistency and can be poured and drunk. The product is typically consumed cold or at room temperature.","<strong>Soy milk</strong><br><br>This product is a liquid, soy-based food product made from soybeans. It has a uniform, liquid consistency and can be poured and drunk. The product is typically consumed cold or at room temperature.","https://raw.githubusercontent.com/HjorthenA/SoyDairyProducts/main/"
155,"SOY_SOLID","DAIRY_SOLID","DAIRY_SEMI","SOY_LIQ","SOY_SEMI","DAIRY_LIQ","<strong>Yuba (tofu skin)</strong><br><br>This product is a rubbery, firm, soy-based food product made from coagulated soy milk. It has a rubbery, firm consistency that holds its shape, and are easy to chew. The product is typically consumed warm.","<strong>Cheese from cow’s milk</strong><br><br>This product is a firm dairy-based food product made from cow’s milk. Often known as cheese for pizza. When heated it has a smooth, creamy to chewy, elastic consistency. The product is typically consumed warm or at room temperature.","<strong>Yoghurt from cow’s milk</strong><br><br>This product is a creamy, dairy-based food product made from fermented cow’s milk. It has a creamy consistency and can be eaten with a spoon. The product is typically consumed cold.","<strong>Soy milk</strong><br><br>This product is a liquid, soy-based food product made from soybeans. It has a uniform, liquid consistency and can be poured and drunk. The product is typically consumed cold or at room temperature.","<strong>Douhua</strong><br><br>This product is a soft, firm, soy-based food product made from coagulated soymilk. It has a soft, firm consistency that holds its shape but can be easily divided with a spoon. The product is typically consumed cold or warm.","<strong>Cow’s milk</strong><br><br>This product is a liquid, dairy-based food product made from cow’s milk. It has a uniform, liquid consistency and can be poured and drunk. The product is typically consumed cold or at room temperature.","https://raw.githubusercontent.com/HjorthenA/SoyDairyProducts/main/"
156,"DAIRY_SOLID","SOY_LIQ","SOY_SOLID","DAIRY_LIQ","DAIRY_SEMI","SOY_SEMI","<strong>Cheese from cow’s milk</strong><br><br>This product is a firm dairy-based food product made from cow’s milk. Often known as cheese for pizza. When heated it has a smooth, creamy to chewy, elastic consistency. The product is typically consumed warm or at room temperature.","<strong>Soy milk</strong><br><br>This product is a liquid, soy-based food product made from soybeans. It has a uniform, liquid consistency and can be poured and drunk. The product is typically consumed cold or at room temperature.","<strong>Yuba (tofu skin)</strong><br><br>This product is a rubbery, firm, soy-based food product made from coagulated soy milk. It has a rubbery, firm consistency that holds its shape, and are easy to chew. The product is typically consumed warm.","<strong>Cow’s milk</strong><br><br>This product is a liquid, dairy-based food product made from cow’s milk. It has a uniform, liquid consistency and can be poured and drunk. The product is typically consumed cold or at room temperature.","<strong>Yoghurt from cow’s milk</strong><br><br>This product is a creamy, dairy-based food product made from fermented cow’s milk. It has a creamy consistency and can be eaten with a spoon. The product is typically consumed cold.","<strong>Douhua</strong><br><br>This product is a soft, firm, soy-based food product made from coagulated soymilk. It has a soft, firm consistency that holds its shape but can be easily divided with a spoon. The product is typically consumed cold or warm.","https://raw.githubusercontent.com/HjorthenA/SoyDairyProducts/main/"
157,"SOY_LIQ","DAIRY_LIQ","DAIRY_SOLID","SOY_SEMI","SOY_SOLID","DAIRY_SEMI","<strong>Soy milk</strong><br><br>This product is a liquid, soy-based food product made from soybeans. It has a uniform, liquid consistency and can be poured and drunk. The product is typically consumed cold or at room temperature.","<strong>Cow’s milk</strong><br><br>This product is a liquid, dairy-based food product made from cow’s milk. It has a uniform, liquid consistency and can be poured and drunk. The product is typically consumed cold or at room temperature.","<strong>Cheese from cow’s milk</strong><br><br>This product is a firm dairy-based food product made from cow’s milk. Often known as cheese for pizza. When heated it has a smooth, creamy to chewy, elastic consistency. The product is typically consumed warm or at room temperature.","<strong>Douhua</strong><br><br>This product is a soft, firm, soy-based food product made from coagulated soymilk. It has a soft, firm consistency that holds its shape but can be easily divided with a spoon. The product is typically consumed cold or warm.","<strong>Yuba (tofu skin)</strong><br><br>This product is a rubbery, firm, soy-based food product made from coagulated soy milk. It has a rubbery, firm consistency that holds its shape, and are easy to chew. The product is typically consumed warm.","<strong>Yoghurt from cow’s milk</strong><br><br>This product is a creamy, dairy-based food product made from fermented cow’s milk. It has a creamy consistency and can be eaten with a spoon. The product is typically consumed cold.","https://raw.githubusercontent.com/HjorthenA/SoyDairyProducts/main/"
158,"DAIRY_LIQ","SOY_SEMI","SOY_LIQ","DAIRY_SEMI","DAIRY_SOLID","SOY_SOLID","<strong>Cow’s milk</strong><br><br>This product is a liquid, dairy-based food product made from cow’s milk. It has a uniform, liquid consistency and can be poured and drunk. The product is typically consumed cold or at room temperature.","<strong>Douhua</strong><br><br>This product is a soft, firm, soy-based food product made from coagulated soymilk. It has a soft, firm consistency that holds its shape but can be easily divided with a spoon. The product is typically consumed cold or warm.","<strong>Soy milk</strong><br><br>This product is a liquid, soy-based food product made from soybeans. It has a uniform, liquid consistency and can be poured and drunk. The product is typically consumed cold or at room temperature.","<strong>Yoghurt from cow’s milk</strong><br><br>This product is a creamy, dairy-based food product made from fermented cow’s milk. It has a creamy consistency and can be eaten with a spoon. The product is typically consumed cold.","<strong>Cheese from cow’s milk</strong><br><br>This product is a firm dairy-based food product made from cow’s milk. Often known as cheese for pizza. When heated it has a smooth, creamy to chewy, elastic consistency. The product is typically consumed warm or at room temperature.","<strong>Yuba (tofu skin)</strong><br><br>This product is a rubbery, firm, soy-based food product made from coagulated soy milk. It has a rubbery, firm consistency that holds its shape, and are easy to chew. The product is typically consumed warm.","https://raw.githubusercontent.com/HjorthenA/SoyDairyProducts/main/"
159,"SOY_SEMI","DAIRY_SEMI","DAIRY_LIQ","SOY_SOLID","SOY_LIQ","DAIRY_SOLID","<strong>Douhua</strong><br><br>This product is a soft, firm, soy-based food product made from coagulated soymilk. It has a soft, firm consistency that holds its shape but can be easily divided with a spoon. The product is typically consumed cold or warm.","<strong>Yoghurt from cow’s milk</strong><br><br>This product is a creamy, dairy-based food product made from fermented cow’s milk. It has a creamy consistency and can be eaten with a spoon. The product is typically consumed cold.","<strong>Cow’s milk</strong><br><br>This product is a liquid, dairy-based food product made from cow’s milk. It has a uniform, liquid consistency and can be poured and drunk. The product is typically consumed cold or at room temperature.","<strong>Yuba (tofu skin)</strong><br><br>This product is a rubbery, firm, soy-based food product made from coagulated soy milk. It has a rubbery, firm consistency that holds its shape, and are easy to chew. The product is typically consumed warm.","<strong>Soy milk</strong><br><br>This product is a liquid, soy-based food product made from soybeans. It has a uniform, liquid consistency and can be poured and drunk. The product is typically consumed cold or at room temperature.","<strong>Cheese from cow’s milk</strong><br><br>This product is a firm dairy-based food product made from cow’s milk. Often known as cheese for pizza. When heated it has a smooth, creamy to chewy, elastic consistency. The product is typically consumed warm or at room temperature.","https://raw.githubusercontent.com/HjorthenA/SoyDairyProducts/main/"
160,"DAIRY_SEMI","SOY_SOLID","SOY_SEMI","DAIRY_SOLID","DAIRY_LIQ","SOY_LIQ","<strong>Yoghurt from cow’s milk</strong><br><br>This product is a creamy, dairy-based food product made from fermented cow’s milk. It has a creamy consistency and can be eaten with a spoon. The product is typically consumed cold.","<strong>Yuba (tofu skin)</strong><br><br>This product is a rubbery, firm, soy-based food product made from coagulated soy milk. It has a rubbery, firm consistency that holds its shape, and are easy to chew. The product is typically consumed warm.","<strong>Douhua</strong><br><br>This product is a soft, firm, soy-based food product made from coagulated soymilk. It has a soft, firm consistency that holds its shape but can be easily divided with a spoon. The product is typically consumed cold or warm.","<strong>Cheese from cow’s milk</strong><br><br>This product is a firm dairy-based food product made from cow’s milk. Often known as cheese for pizza. When heated it has a smooth, creamy to chewy, elastic consistency. The product is typically consumed warm or at room temperature.","<strong>Cow’s milk</strong><br><br>This product is a liquid, dairy-based food product made from cow’s milk. It has a uniform, liquid consistency and can be poured and drunk. The product is typically consumed cold or at room temperature.","<strong>Soy milk</strong><br><br>This product is a liquid, soy-based food product made from soybeans. It has a uniform, liquid consistency and can be poured and drunk. The product is typically consumed cold or at room temperature.","https://raw.githubusercontent.com/HjorthenA/SoyDairyProducts/main/"
161,"SOY_SOLID","DAIRY_SOLID","DAIRY_SEMI","SOY_LIQ","SOY_SEMI","DAIRY_LIQ","<strong>Yuba (tofu skin)</strong><br><br>This product is a rubbery, firm, soy-based food product made from coagulated soy milk. It has a rubbery, firm consistency that holds its shape, and are easy to chew. The product is typically consumed warm.","<strong>Cheese from cow’s milk</strong><br><br>This product is a firm dairy-based food product made from cow’s milk. Often known as cheese for pizza. When heated it has a smooth, creamy to chewy, elastic consistency. The product is typically consumed warm or at room temperature.","<strong>Yoghurt from cow’s milk</strong><br><br>This product is a creamy, dairy-based food product made from fermented cow’s milk. It has a creamy consistency and can be eaten with a spoon. The product is typically consumed cold.","<strong>Soy milk</strong><br><br>This product is a liquid, soy-based food product made from soybeans. It has a uniform, liquid consistency and can be poured and drunk. The product is typically consumed cold or at room temperature.","<strong>Douhua</strong><br><br>This product is a soft, firm, soy-based food product made from coagulated soymilk. It has a soft, firm consistency that holds its shape but can be easily divided with a spoon. The product is typically consumed cold or warm.","<strong>Cow’s milk</strong><br><br>This product is a liquid, dairy-based food product made from cow’s milk. It has a uniform, liquid consistency and can be poured and drunk. The product is typically consumed cold or at room temperature.","https://raw.githubusercontent.com/HjorthenA/SoyDairyProducts/main/"
162,"DAIRY_SOLID","SOY_LIQ","SOY_SOLID","DAIRY_LIQ","DAIRY_SEMI","SOY_SEMI","<strong>Cheese from cow’s milk</strong><br><br>This product is a firm dairy-based food product made from cow’s milk. Often known as cheese for pizza. When heated it has a smooth, creamy to chewy, elastic consistency. The product is typically consumed warm or at room temperature.","<strong>Soy milk</strong><br><br>This product is a liquid, soy-based food product made from soybeans. It has a uniform, liquid consistency and can be poured and drunk. The product is typically consumed cold or at room temperature.","<strong>Yuba (tofu skin)</strong><br><br>This product is a rubbery, firm, soy-based food product made from coagulated soy milk. It has a rubbery, firm consistency that holds its shape, and are easy to chew. The product is typically consumed warm.","<strong>Cow’s milk</strong><br><br>This product is a liquid, dairy-based food product made from cow’s milk. It has a uniform, liquid consistency and can be poured and drunk. The product is typically consumed cold or at room temperature.","<strong>Yoghurt from cow’s milk</strong><br><br>This product is a creamy, dairy-based food product made from fermented cow’s milk. It has a creamy consistency and can be eaten with a spoon. The product is typically consumed cold.","<strong>Douhua</strong><br><br>This product is a soft, firm, soy-based food product made from coagulated soymilk. It has a soft, firm consistency that holds its shape but can be easily divided with a spoon. The product is typically consumed cold or warm.","https://raw.githubusercontent.com/HjorthenA/SoyDairyProducts/main/"
163,"SOY_LIQ","DAIRY_LIQ","DAIRY_SOLID","SOY_SEMI","SOY_SOLID","DAIRY_SEMI","<strong>Soy milk</strong><br><br>This product is a liquid, soy-based food product made from soybeans. It has a uniform, liquid consistency and can be poured and drunk. The product is typically consumed cold or at room temperature.","<strong>Cow’s milk</strong><br><br>This product is a liquid, dairy-based food product made from cow’s milk. It has a uniform, liquid consistency and can be poured and drunk. The product is typically consumed cold or at room temperature.","<strong>Cheese from cow’s milk</strong><br><br>This product is a firm dairy-based food product made from cow’s milk. Often known as cheese for pizza. When heated it has a smooth, creamy to chewy, elastic consistency. The product is typically consumed warm or at room temperature.","<strong>Douhua</strong><br><br>This product is a soft, firm, soy-based food product made from coagulated soymilk. It has a soft, firm consistency that holds its shape but can be easily divided with a spoon. The product is typically consumed cold or warm.","<strong>Yuba (tofu skin)</strong><br><br>This product is a rubbery, firm, soy-based food product made from coagulated soy milk. It has a rubbery, firm consistency that holds its shape, and are easy to chew. The product is typically consumed warm.","<strong>Yoghurt from cow’s milk</strong><br><br>This product is a creamy, dairy-based food product made from fermented cow’s milk. It has a creamy consistency and can be eaten with a spoon. The product is typically consumed cold.","https://raw.githubusercontent.com/HjorthenA/SoyDairyProducts/main/"
164,"DAIRY_LIQ","SOY_SEMI","SOY_LIQ","DAIRY_SEMI","DAIRY_SOLID","SOY_SOLID","<strong>Cow’s milk</strong><br><br>This product is a liquid, dairy-based food product made from cow’s milk. It has a uniform, liquid consistency and can be poured and drunk. The product is typically consumed cold or at room temperature.","<strong>Douhua</strong><br><br>This product is a soft, firm, soy-based food product made from coagulated soymilk. It has a soft, firm consistency that holds its shape but can be easily divided with a spoon. The product is typically consumed cold or warm.","<strong>Soy milk</strong><br><br>This product is a liquid, soy-based food product made from soybeans. It has a uniform, liquid consistency and can be poured and drunk. The product is typically consumed cold or at room temperature.","<strong>Yoghurt from cow’s milk</strong><br><br>This product is a creamy, dairy-based food product made from fermented cow’s milk. It has a creamy consistency and can be eaten with a spoon. The product is typically consumed cold.","<strong>Cheese from cow’s milk</strong><br><br>This product is a firm dairy-based food product made from cow’s milk. Often known as cheese for pizza. When heated it has a smooth, creamy to chewy, elastic consistency. The product is typically consumed warm or at room temperature.","<strong>Yuba (tofu skin)</strong><br><br>This product is a rubbery, firm, soy-based food product made from coagulated soy milk. It has a rubbery, firm consistency that holds its shape, and are easy to chew. The product is typically consumed warm.","https://raw.githubusercontent.com/HjorthenA/SoyDairyProducts/main/"
165,"SOY_SEMI","DAIRY_SEMI","DAIRY_LIQ","SOY_SOLID","SOY_LIQ","DAIRY_SOLID","<strong>Douhua</strong><br><br>This product is a soft, firm, soy-based food product made from coagulated soymilk. It has a soft, firm consistency that holds its shape but can be easily divided with a spoon. The product is typically consumed cold or warm.","<strong>Yoghurt from cow’s milk</strong><br><br>This product is a creamy, dairy-based food product made from fermented cow’s milk. It has a creamy consistency and can be eaten with a spoon. The product is typically consumed cold.","<strong>Cow’s milk</strong><br><br>This product is a liquid, dairy-based food product made from cow’s milk. It has a uniform, liquid consistency and can be poured and drunk. The product is typically consumed cold or at room temperature.","<strong>Yuba (tofu skin)</strong><br><br>This product is a rubbery, firm, soy-based food product made from coagulated soy milk. It has a rubbery, firm consistency that holds its shape, and are easy to chew. The product is typically consumed warm.","<strong>Soy milk</strong><br><br>This product is a liquid, soy-based food product made from soybeans. It has a uniform, liquid consistency and can be poured and drunk. The product is typically consumed cold or at room temperature.","<strong>Cheese from cow’s milk</strong><br><br>This product is a firm dairy-based food product made from cow’s milk. Often known as cheese for pizza. When heated it has a smooth, creamy to chewy, elastic consistency. The product is typically consumed warm or at room temperature.","https://raw.githubusercontent.com/HjorthenA/SoyDairyProducts/main/"
166,"DAIRY_SEMI","SOY_SOLID","SOY_SEMI","DAIRY_SOLID","DAIRY_LIQ","SOY_LIQ","<strong>Yoghurt from cow’s milk</strong><br><br>This product is a creamy, dairy-based food product made from fermented cow’s milk. It has a creamy consistency and can be eaten with a spoon. The product is typically consumed cold.","<strong>Yuba (tofu skin)</strong><br><br>This product is a rubbery, firm, soy-based food product made from coagulated soy milk. It has a rubbery, firm consistency that holds its shape, and are easy to chew. The product is typically consumed warm.","<strong>Douhua</strong><br><br>This product is a soft, firm, soy-based food product made from coagulated soymilk. It has a soft, firm consistency that holds its shape but can be easily divided with a spoon. The product is typically consumed cold or warm.","<strong>Cheese from cow’s milk</strong><br><br>This product is a firm dairy-based food product made from cow’s milk. Often known as cheese for pizza. When heated it has a smooth, creamy to chewy, elastic consistency. The product is typically consumed warm or at room temperature.","<strong>Cow’s milk</strong><br><br>This product is a liquid, dairy-based food product made from cow’s milk. It has a uniform, liquid consistency and can be poured and drunk. The product is typically consumed cold or at room temperature.","<strong>Soy milk</strong><br><br>This product is a liquid, soy-based food product made from soybeans. It has a uniform, liquid consistency and can be poured and drunk. The product is typically consumed cold or at room temperature.","https://raw.githubusercontent.com/HjorthenA/SoyDairyProducts/main/"
167,"SOY_SOLID","DAIRY_SOLID","DAIRY_SEMI","SOY_LIQ","SOY_SEMI","DAIRY_LIQ","<strong>Yuba (tofu skin)</strong><br><br>This product is a rubbery, firm, soy-based food product made from coagulated soy milk. It has a rubbery, firm consistency that holds its shape, and are easy to chew. The product is typically consumed warm.","<strong>Cheese from cow’s milk</strong><br><br>This product is a firm dairy-based food product made from cow’s milk. Often known as cheese for pizza. When heated it has a smooth, creamy to chewy, elastic consistency. The product is typically consumed warm or at room temperature.","<strong>Yoghurt from cow’s milk</strong><br><br>This product is a creamy, dairy-based food product made from fermented cow’s milk. It has a creamy consistency and can be eaten with a spoon. The product is typically consumed cold.","<strong>Soy milk</strong><br><br>This product is a liquid, soy-based food product made from soybeans. It has a uniform, liquid consistency and can be poured and drunk. The product is typically consumed cold or at room temperature.","<strong>Douhua</strong><br><br>This product is a soft, firm, soy-based food product made from coagulated soymilk. It has a soft, firm consistency that holds its shape but can be easily divided with a spoon. The product is typically consumed cold or warm.","<strong>Cow’s milk</strong><br><br>This product is a liquid, dairy-based food product made from cow’s milk. It has a uniform, liquid consistency and can be poured and drunk. The product is typically consumed cold or at room temperature.","https://raw.githubusercontent.com/HjorthenA/SoyDairyProducts/main/"
168,"DAIRY_SOLID","SOY_LIQ","SOY_SOLID","DAIRY_LIQ","DAIRY_SEMI","SOY_SEMI","<strong>Cheese from cow’s milk</strong><br><br>This product is a firm dairy-based food product made from cow’s milk. Often known as cheese for pizza. When heated it has a smooth, creamy to chewy, elastic consistency. The product is typically consumed warm or at room temperature.","<strong>Soy milk</strong><br><br>This product is a liquid, soy-based food product made from soybeans. It has a uniform, liquid consistency and can be poured and drunk. The product is typically consumed cold or at room temperature.","<strong>Yuba (tofu skin)</strong><br><br>This product is a rubbery, firm, soy-based food product made from coagulated soy milk. It has a rubbery, firm consistency that holds its shape, and are easy to chew. The product is typically consumed warm.","<strong>Cow’s milk</strong><br><br>This product is a liquid, dairy-based food product made from cow’s milk. It has a uniform, liquid consistency and can be poured and drunk. The product is typically consumed cold or at room temperature.","<strong>Yoghurt from cow’s milk</strong><br><br>This product is a creamy, dairy-based food product made from fermented cow’s milk. It has a creamy consistency and can be eaten with a spoon. The product is typically consumed cold.","<strong>Douhua</strong><br><br>This product is a soft, firm, soy-based food product made from coagulated soymilk. It has a soft, firm consistency that holds its shape but can be easily divided with a spoon. The product is typically consumed cold or warm.","https://raw.githubusercontent.com/HjorthenA/SoyDairyProducts/main/"
169,"SOY_LIQ","DAIRY_LIQ","DAIRY_SOLID","SOY_SEMI","SOY_SOLID","DAIRY_SEMI","<strong>Soy milk</strong><br><br>This product is a liquid, soy-based food product made from soybeans. It has a uniform, liquid consistency and can be poured and drunk. The product is typically consumed cold or at room temperature.","<strong>Cow’s milk</strong><br><br>This product is a liquid, dairy-based food product made from cow’s milk. It has a uniform, liquid consistency and can be poured and drunk. The product is typically consumed cold or at room temperature.","<strong>Cheese from cow’s milk</strong><br><br>This product is a firm dairy-based food product made from cow’s milk. Often known as cheese for pizza. When heated it has a smooth, creamy to chewy, elastic consistency. The product is typically consumed warm or at room temperature.","<strong>Douhua</strong><br><br>This product is a soft, firm, soy-based food product made from coagulated soymilk. It has a soft, firm consistency that holds its shape but can be easily divided with a spoon. The product is typically consumed cold or warm.","<strong>Yuba (tofu skin)</strong><br><br>This product is a rubbery, firm, soy-based food product made from coagulated soy milk. It has a rubbery, firm consistency that holds its shape, and are easy to chew. The product is typically consumed warm.","<strong>Yoghurt from cow’s milk</strong><br><br>This product is a creamy, dairy-based food product made from fermented cow’s milk. It has a creamy consistency and can be eaten with a spoon. The product is typically consumed cold.","https://raw.githubusercontent.com/HjorthenA/SoyDairyProducts/main/"
170,"DAIRY_LIQ","SOY_SEMI","SOY_LIQ","DAIRY_SEMI","DAIRY_SOLID","SOY_SOLID","<strong>Cow’s milk</strong><br><br>This product is a liquid, dairy-based food product made from cow’s milk. It has a uniform, liquid consistency and can be poured and drunk. The product is typically consumed cold or at room temperature.","<strong>Douhua</strong><br><br>This product is a soft, firm, soy-based food product made from coagulated soymilk. It has a soft, firm consistency that holds its shape but can be easily divided with a spoon. The product is typically consumed cold or warm.","<strong>Soy milk</strong><br><br>This product is a liquid, soy-based food product made from soybeans. It has a uniform, liquid consistency and can be poured and drunk. The product is typically consumed cold or at room temperature.","<strong>Yoghurt from cow’s milk</strong><br><br>This product is a creamy, dairy-based food product made from fermented cow’s milk. It has a creamy consistency and can be eaten with a spoon. The product is typically consumed cold.","<strong>Cheese from cow’s milk</strong><br><br>This product is a firm dairy-based food product made from cow’s milk. Often known as cheese for pizza. When heated it has a smooth, creamy to chewy, elastic consistency. The product is typically consumed warm or at room temperature.","<strong>Yuba (tofu skin)</strong><br><br>This product is a rubbery, firm, soy-based food product made from coagulated soy milk. It has a rubbery, firm consistency that holds its shape, and are easy to chew. The product is typically consumed warm.","https://raw.githubusercontent.com/HjorthenA/SoyDairyProducts/main/"
171,"SOY_SEMI","DAIRY_SEMI","DAIRY_LIQ","SOY_SOLID","SOY_LIQ","DAIRY_SOLID","<strong>Douhua</strong><br><br>This product is a soft, firm, soy-based food product made from coagulated soymilk. It has a soft, firm consistency that holds its shape but can be easily divided with a spoon. The product is typically consumed cold or warm.","<strong>Yoghurt from cow’s milk</strong><br><br>This product is a creamy, dairy-based food product made from fermented cow’s milk. It has a creamy consistency and can be eaten with a spoon. The product is typically consumed cold.","<strong>Cow’s milk</strong><br><br>This product is a liquid, dairy-based food product made from cow’s milk. It has a uniform, liquid consistency and can be poured and drunk. The product is typically consumed cold or at room temperature.","<strong>Yuba (tofu skin)</strong><br><br>This product is a rubbery, firm, soy-based food product made from coagulated soy milk. It has a rubbery, firm consistency that holds its shape, and are easy to chew. The product is typically consumed warm.","<strong>Soy milk</strong><br><br>This product is a liquid, soy-based food product made from soybeans. It has a uniform, liquid consistency and can be poured and drunk. The product is typically consumed cold or at room temperature.","<strong>Cheese from cow’s milk</strong><br><br>This product is a firm dairy-based food product made from cow’s milk. Often known as cheese for pizza. When heated it has a smooth, creamy to chewy, elastic consistency. The product is typically consumed warm or at room temperature.","https://raw.githubusercontent.com/HjorthenA/SoyDairyProducts/main/"
172,"DAIRY_SEMI","SOY_SOLID","SOY_SEMI","DAIRY_SOLID","DAIRY_LIQ","SOY_LIQ","<strong>Yoghurt from cow’s milk</strong><br><br>This product is a creamy, dairy-based food product made from fermented cow’s milk. It has a creamy consistency and can be eaten with a spoon. The product is typically consumed cold.","<strong>Yuba (tofu skin)</strong><br><br>This product is a rubbery, firm, soy-based food product made from coagulated soy milk. It has a rubbery, firm consistency that holds its shape, and are easy to chew. The product is typically consumed warm.","<strong>Douhua</strong><br><br>This product is a soft, firm, soy-based food product made from coagulated soymilk. It has a soft, firm consistency that holds its shape but can be easily divided with a spoon. The product is typically consumed cold or warm.","<strong>Cheese from cow’s milk</strong><br><br>This product is a firm dairy-based food product made from cow’s milk. Often known as cheese for pizza. When heated it has a smooth, creamy to chewy, elastic consistency. The product is typically consumed warm or at room temperature.","<strong>Cow’s milk</strong><br><br>This product is a liquid, dairy-based food product made from cow’s milk. It has a uniform, liquid consistency and can be poured and drunk. The product is typically consumed cold or at room temperature.","<strong>Soy milk</strong><br><br>This product is a liquid, soy-based food product made from soybeans. It has a uniform, liquid consistency and can be poured and drunk. The product is typically consumed cold or at room temperature.","https://raw.githubusercontent.com/HjorthenA/SoyDairyProducts/main/"
173,"SOY_SOLID","DAIRY_SOLID","DAIRY_SEMI","SOY_LIQ","SOY_SEMI","DAIRY_LIQ","<strong>Yuba (tofu skin)</strong><br><br>This product is a rubbery, firm, soy-based food product made from coagulated soy milk. It has a rubbery, firm consistency that holds its shape, and are easy to chew. The product is typically consumed warm.","<strong>Cheese from cow’s milk</strong><br><br>This product is a firm dairy-based food product made from cow’s milk. Often known as cheese for pizza. When heated it has a smooth, creamy to chewy, elastic consistency. The product is typically consumed warm or at room temperature.","<strong>Yoghurt from cow’s milk</strong><br><br>This product is a creamy, dairy-based food product made from fermented cow’s milk. It has a creamy consistency and can be eaten with a spoon. The product is typically consumed cold.","<strong>Soy milk</strong><br><br>This product is a liquid, soy-based food product made from soybeans. It has a uniform, liquid consistency and can be poured and drunk. The product is typically consumed cold or at room temperature.","<strong>Douhua</strong><br><br>This product is a soft, firm, soy-based food product made from coagulated soymilk. It has a soft, firm consistency that holds its shape but can be easily divided with a spoon. The product is typically consumed cold or warm.","<strong>Cow’s milk</strong><br><br>This product is a liquid, dairy-based food product made from cow’s milk. It has a uniform, liquid consistency and can be poured and drunk. The product is typically consumed cold or at room temperature.","https://raw.githubusercontent.com/HjorthenA/SoyDairyProducts/main/"
174,"DAIRY_SOLID","SOY_LIQ","SOY_SOLID","DAIRY_LIQ","DAIRY_SEMI","SOY_SEMI","<strong>Cheese from cow’s milk</strong><br><br>This product is a firm dairy-based food product made from cow’s milk. Often known as cheese for pizza. When heated it has a smooth, creamy to chewy, elastic consistency. The product is typically consumed warm or at room temperature.","<strong>Soy milk</strong><br><br>This product is a liquid, soy-based food product made from soybeans. It has a uniform, liquid consistency and can be poured and drunk. The product is typically consumed cold or at room temperature.","<strong>Yuba (tofu skin)</strong><br><br>This product is a rubbery, firm, soy-based food product made from coagulated soy milk. It has a rubbery, firm consistency that holds its shape, and are easy to chew. The product is typically consumed warm.","<strong>Cow’s milk</strong><br><br>This product is a liquid, dairy-based food product made from cow’s milk. It has a uniform, liquid consistency and can be poured and drunk. The product is typically consumed cold or at room temperature.","<strong>Yoghurt from cow’s milk</strong><br><br>This product is a creamy, dairy-based food product made from fermented cow’s milk. It has a creamy consistency and can be eaten with a spoon. The product is typically consumed cold.","<strong>Douhua</strong><br><br>This product is a soft, firm, soy-based food product made from coagulated soymilk. It has a soft, firm consistency that holds its shape but can be easily divided with a spoon. The product is typically consumed cold or warm.","https://raw.githubusercontent.com/HjorthenA/SoyDairyProducts/main/"
175,"SOY_LIQ","DAIRY_LIQ","DAIRY_SOLID","SOY_SEMI","SOY_SOLID","DAIRY_SEMI","<strong>Soy milk</strong><br><br>This product is a liquid, soy-based food product made from soybeans. It has a uniform, liquid consistency and can be poured and drunk. The product is typically consumed cold or at room temperature.","<strong>Cow’s milk</strong><br><br>This product is a liquid, dairy-based food product made from cow’s milk. It has a uniform, liquid consistency and can be poured and drunk. The product is typically consumed cold or at room temperature.","<strong>Cheese from cow’s milk</strong><br><br>This product is a firm dairy-based food product made from cow’s milk. Often known as cheese for pizza. When heated it has a smooth, creamy to chewy, elastic consistency. The product is typically consumed warm or at room temperature.","<strong>Douhua</strong><br><br>This product is a soft, firm, soy-based food product made from coagulated soymilk. It has a soft, firm consistency that holds its shape but can be easily divided with a spoon. The product is typically consumed cold or warm.","<strong>Yuba (tofu skin)</strong><br><br>This product is a rubbery, firm, soy-based food product made from coagulated soy milk. It has a rubbery, firm consistency that holds its shape, and are easy to chew. The product is typically consumed warm.","<strong>Yoghurt from cow’s milk</strong><br><br>This product is a creamy, dairy-based food product made from fermented cow’s milk. It has a creamy consistency and can be eaten with a spoon. The product is typically consumed cold.","https://raw.githubusercontent.com/HjorthenA/SoyDairyProducts/main/"
176,"DAIRY_LIQ","SOY_SEMI","SOY_LIQ","DAIRY_SEMI","DAIRY_SOLID","SOY_SOLID","<strong>Cow’s milk</strong><br><br>This product is a liquid, dairy-based food product made from cow’s milk. It has a uniform, liquid consistency and can be poured and drunk. The product is typically consumed cold or at room temperature.","<strong>Douhua</strong><br><br>This product is a soft, firm, soy-based food product made from coagulated soymilk. It has a soft, firm consistency that holds its shape but can be easily divided with a spoon. The product is typically consumed cold or warm.","<strong>Soy milk</strong><br><br>This product is a liquid, soy-based food product made from soybeans. It has a uniform, liquid consistency and can be poured and drunk. The product is typically consumed cold or at room temperature.","<strong>Yoghurt from cow’s milk</strong><br><br>This product is a creamy, dairy-based food product made from fermented cow’s milk. It has a creamy consistency and can be eaten with a spoon. The product is typically consumed cold.","<strong>Cheese from cow’s milk</strong><br><br>This product is a firm dairy-based food product made from cow’s milk. Often known as cheese for pizza. When heated it has a smooth, creamy to chewy, elastic consistency. The product is typically consumed warm or at room temperature.","<strong>Yuba (tofu skin)</strong><br><br>This product is a rubbery, firm, soy-based food product made from coagulated soy milk. It has a rubbery, firm consistency that holds its shape, and are easy to chew. The product is typically consumed warm.","https://raw.githubusercontent.com/HjorthenA/SoyDairyProducts/main/"
177,"SOY_SEMI","DAIRY_SEMI","DAIRY_LIQ","SOY_SOLID","SOY_LIQ","DAIRY_SOLID","<strong>Douhua</strong><br><br>This product is a soft, firm, soy-based food product made from coagulated soymilk. It has a soft, firm consistency that holds its shape but can be easily divided with a spoon. The product is typically consumed cold or warm.","<strong>Yoghurt from cow’s milk</strong><br><br>This product is a creamy, dairy-based food product made from fermented cow’s milk. It has a creamy consistency and can be eaten with a spoon. The product is typically consumed cold.","<strong>Cow’s milk</strong><br><br>This product is a liquid, dairy-based food product made from cow’s milk. It has a uniform, liquid consistency and can be poured and drunk. The product is typically consumed cold or at room temperature.","<strong>Yuba (tofu skin)</strong><br><br>This product is a rubbery, firm, soy-based food product made from coagulated soy milk. It has a rubbery, firm consistency that holds its shape, and are easy to chew. The product is typically consumed warm.","<strong>Soy milk</strong><br><br>This product is a liquid, soy-based food product made from soybeans. It has a uniform, liquid consistency and can be poured and drunk. The product is typically consumed cold or at room temperature.","<strong>Cheese from cow’s milk</strong><br><br>This product is a firm dairy-based food product made from cow’s milk. Often known as cheese for pizza. When heated it has a smooth, creamy to chewy, elastic consistency. The product is typically consumed warm or at room temperature.","https://raw.githubusercontent.com/HjorthenA/SoyDairyProducts/main/"
178,"DAIRY_SEMI","SOY_SOLID","SOY_SEMI","DAIRY_SOLID","DAIRY_LIQ","SOY_LIQ","<strong>Yoghurt from cow’s milk</strong><br><br>This product is a creamy, dairy-based food product made from fermented cow’s milk. It has a creamy consistency and can be eaten with a spoon. The product is typically consumed cold.","<strong>Yuba (tofu skin)</strong><br><br>This product is a rubbery, firm, soy-based food product made from coagulated soy milk. It has a rubbery, firm consistency that holds its shape, and are easy to chew. The product is typically consumed warm.","<strong>Douhua</strong><br><br>This product is a soft, firm, soy-based food product made from coagulated soymilk. It has a soft, firm consistency that holds its shape but can be easily divided with a spoon. The product is typically consumed cold or warm.","<strong>Cheese from cow’s milk</strong><br><br>This product is a firm dairy-based food product made from cow’s milk. Often known as cheese for pizza. When heated it has a smooth, creamy to chewy, elastic consistency. The product is typically consumed warm or at room temperature.","<strong>Cow’s milk</strong><br><br>This product is a liquid, dairy-based food product made from cow’s milk. It has a uniform, liquid consistency and can be poured and drunk. The product is typically consumed cold or at room temperature.","<strong>Soy milk</strong><br><br>This product is a liquid, soy-based food product made from soybeans. It has a uniform, liquid consistency and can be poured and drunk. The product is typically consumed cold or at room temperature.","https://raw.githubusercontent.com/HjorthenA/SoyDairyProducts/main/"
179,"SOY_SOLID","DAIRY_SOLID","DAIRY_SEMI","SOY_LIQ","SOY_SEMI","DAIRY_LIQ","<strong>Yuba (tofu skin)</strong><br><br>This product is a rubbery, firm, soy-based food product made from coagulated soy milk. It has a rubbery, firm consistency that holds its shape, and are easy to chew. The product is typically consumed warm.","<strong>Cheese from cow’s milk</strong><br><br>This product is a firm dairy-based food product made from cow’s milk. Often known as cheese for pizza. When heated it has a smooth, creamy to chewy, elastic consistency. The product is typically consumed warm or at room temperature.","<strong>Yoghurt from cow’s milk</strong><br><br>This product is a creamy, dairy-based food product made from fermented cow’s milk. It has a creamy consistency and can be eaten with a spoon. The product is typically consumed cold.","<strong>Soy milk</strong><br><br>This product is a liquid, soy-based food product made from soybeans. It has a uniform, liquid consistency and can be poured and drunk. The product is typically consumed cold or at room temperature.","<strong>Douhua</strong><br><br>This product is a soft, firm, soy-based food product made from coagulated soymilk. It has a soft, firm consistency that holds its shape but can be easily divided with a spoon. The product is typically consumed cold or warm.","<strong>Cow’s milk</strong><br><br>This product is a liquid, dairy-based food product made from cow’s milk. It has a uniform, liquid consistency and can be poured and drunk. The product is typically consumed cold or at room temperature.","https://raw.githubusercontent.com/HjorthenA/SoyDairyProducts/main/"
180,"DAIRY_SOLID","SOY_LIQ","SOY_SOLID","DAIRY_LIQ","DAIRY_SEMI","SOY_SEMI","<strong>Cheese from cow’s milk</strong><br><br>This product is a firm dairy-based food product made from cow’s milk. Often known as cheese for pizza. When heated it has a smooth, creamy to chewy, elastic consistency. The product is typically consumed warm or at room temperature.","<strong>Soy milk</strong><br><br>This product is a liquid, soy-based food product made from soybeans. It has a uniform, liquid consistency and can be poured and drunk. The product is typically consumed cold or at room temperature.","<strong>Yuba (tofu skin)</strong><br><br>This product is a rubbery, firm, soy-based food product made from coagulated soy milk. It has a rubbery, firm consistency that holds its shape, and are easy to chew. The product is typically consumed warm.","<strong>Cow’s milk</strong><br><br>This product is a liquid, dairy-based food product made from cow’s milk. It has a uniform, liquid consistency and can be poured and drunk. The product is typically consumed cold or at room temperature.","<strong>Yoghurt from cow’s milk</strong><br><br>This product is a creamy, dairy-based food product made from fermented cow’s milk. It has a creamy consistency and can be eaten with a spoon. The product is typically consumed cold.","<strong>Douhua</strong><br><br>This product is a soft, firm, soy-based food product made from coagulated soymilk. It has a soft, firm consistency that holds its shape but can be easily divided with a spoon. The product is typically consumed cold or warm.","https://raw.githubusercontent.com/HjorthenA/SoyDairyProducts/main/"
181,"SOY_LIQ","DAIRY_LIQ","DAIRY_SOLID","SOY_SEMI","SOY_SOLID","DAIRY_SEMI","<strong>Soy milk</strong><br><br>This product is a liquid, soy-based food product made from soybeans. It has a uniform, liquid consistency and can be poured and drunk. The product is typically consumed cold or at room temperature.","<strong>Cow’s milk</strong><br><br>This product is a liquid, dairy-based food product made from cow’s milk. It has a uniform, liquid consistency and can be poured and drunk. The product is typically consumed cold or at room temperature.","<strong>Cheese from cow’s milk</strong><br><br>This product is a firm dairy-based food product made from cow’s milk. Often known as cheese for pizza. When heated it has a smooth, creamy to chewy, elastic consistency. The product is typically consumed warm or at room temperature.","<strong>Douhua</strong><br><br>This product is a soft, firm, soy-based food product made from coagulated soymilk. It has a soft, firm consistency that holds its shape but can be easily divided with a spoon. The product is typically consumed cold or warm.","<strong>Yuba (tofu skin)</strong><br><br>This product is a rubbery, firm, soy-based food product made from coagulated soy milk. It has a rubbery, firm consistency that holds its shape, and are easy to chew. The product is typically consumed warm.","<strong>Yoghurt from cow’s milk</strong><br><br>This product is a creamy, dairy-based food product made from fermented cow’s milk. It has a creamy consistency and can be eaten with a spoon. The product is typically consumed cold.","https://raw.githubusercontent.com/HjorthenA/SoyDairyProducts/main/"
182,"DAIRY_LIQ","SOY_SEMI","SOY_LIQ","DAIRY_SEMI","DAIRY_SOLID","SOY_SOLID","<strong>Cow’s milk</strong><br><br>This product is a liquid, dairy-based food product made from cow’s milk. It has a uniform, liquid consistency and can be poured and drunk. The product is typically consumed cold or at room temperature.","<strong>Douhua</strong><br><br>This product is a soft, firm, soy-based food product made from coagulated soymilk. It has a soft, firm consistency that holds its shape but can be easily divided with a spoon. The product is typically consumed cold or warm.","<strong>Soy milk</strong><br><br>This product is a liquid, soy-based food product made from soybeans. It has a uniform, liquid consistency and can be poured and drunk. The product is typically consumed cold or at room temperature.","<strong>Yoghurt from cow’s milk</strong><br><br>This product is a creamy, dairy-based food product made from fermented cow’s milk. It has a creamy consistency and can be eaten with a spoon. The product is typically consumed cold.","<strong>Cheese from cow’s milk</strong><br><br>This product is a firm dairy-based food product made from cow’s milk. Often known as cheese for pizza. When heated it has a smooth, creamy to chewy, elastic consistency. The product is typically consumed warm or at room temperature.","<strong>Yuba (tofu skin)</strong><br><br>This product is a rubbery, firm, soy-based food product made from coagulated soy milk. It has a rubbery, firm consistency that holds its shape, and are easy to chew. The product is typically consumed warm.","https://raw.githubusercontent.com/HjorthenA/SoyDairyProducts/main/"
183,"SOY_SEMI","DAIRY_SEMI","DAIRY_LIQ","SOY_SOLID","SOY_LIQ","DAIRY_SOLID","<strong>Douhua</strong><br><br>This product is a soft, firm, soy-based food product made from coagulated soymilk. It has a soft, firm consistency that holds its shape but can be easily divided with a spoon. The product is typically consumed cold or warm.","<strong>Yoghurt from cow’s milk</strong><br><br>This product is a creamy, dairy-based food product made from fermented cow’s milk. It has a creamy consistency and can be eaten with a spoon. The product is typically consumed cold.","<strong>Cow’s milk</strong><br><br>This product is a liquid, dairy-based food product made from cow’s milk. It has a uniform, liquid consistency and can be poured and drunk. The product is typically consumed cold or at room temperature.","<strong>Yuba (tofu skin)</strong><br><br>This product is a rubbery, firm, soy-based food product made from coagulated soy milk. It has a rubbery, firm consistency that holds its shape, and are easy to chew. The product is typically consumed warm.","<strong>Soy milk</strong><br><br>This product is a liquid, soy-based food product made from soybeans. It has a uniform, liquid consistency and can be poured and drunk. The product is typically consumed cold or at room temperature.","<strong>Cheese from cow’s milk</strong><br><br>This product is a firm dairy-based food product made from cow’s milk. Often known as cheese for pizza. When heated it has a smooth, creamy to chewy, elastic consistency. The product is typically consumed warm or at room temperature.","https://raw.githubusercontent.com/HjorthenA/SoyDairyProducts/main/"
184,"DAIRY_SEMI","SOY_SOLID","SOY_SEMI","DAIRY_SOLID","DAIRY_LIQ","SOY_LIQ","<strong>Yoghurt from cow’s milk</strong><br><br>This product is a creamy, dairy-based food product made from fermented cow’s milk. It has a creamy consistency and can be eaten with a spoon. The product is typically consumed cold.","<strong>Yuba (tofu skin)</strong><br><br>This product is a rubbery, firm, soy-based food product made from coagulated soy milk. It has a rubbery, firm consistency that holds its shape, and are easy to chew. The product is typically consumed warm.","<strong>Douhua</strong><br><br>This product is a soft, firm, soy-based food product made from coagulated soymilk. It has a soft, firm consistency that holds its shape but can be easily divided with a spoon. The product is typically consumed cold or warm.","<strong>Cheese from cow’s milk</strong><br><br>This product is a firm dairy-based food product made from cow’s milk. Often known as cheese for pizza. When heated it has a smooth, creamy to chewy, elastic consistency. The product is typically consumed warm or at room temperature.","<strong>Cow’s milk</strong><br><br>This product is a liquid, dairy-based food product made from cow’s milk. It has a uniform, liquid consistency and can be poured and drunk. The product is typically consumed cold or at room temperature.","<strong>Soy milk</strong><br><br>This product is a liquid, soy-based food product made from soybeans. It has a uniform, liquid consistency and can be poured and drunk. The product is typically consumed cold or at room temperature.","https://raw.githubusercontent.com/HjorthenA/SoyDairyProducts/main/"
185,"SOY_SOLID","DAIRY_SOLID","DAIRY_SEMI","SOY_LIQ","SOY_SEMI","DAIRY_LIQ","<strong>Yuba (tofu skin)</strong><br><br>This product is a rubbery, firm, soy-based food product made from coagulated soy milk. It has a rubbery, firm consistency that holds its shape, and are easy to chew. The product is typically consumed warm.","<strong>Cheese from cow’s milk</strong><br><br>This product is a firm dairy-based food product made from cow’s milk. Often known as cheese for pizza. When heated it has a smooth, creamy to chewy, elastic consistency. The product is typically consumed warm or at room temperature.","<strong>Yoghurt from cow’s milk</strong><br><br>This product is a creamy, dairy-based food product made from fermented cow’s milk. It has a creamy consistency and can be eaten with a spoon. The product is typically consumed cold.","<strong>Soy milk</strong><br><br>This product is a liquid, soy-based food product made from soybeans. It has a uniform, liquid consistency and can be poured and drunk. The product is typically consumed cold or at room temperature.","<strong>Douhua</strong><br><br>This product is a soft, firm, soy-based food product made from coagulated soymilk. It has a soft, firm consistency that holds its shape but can be easily divided with a spoon. The product is typically consumed cold or warm.","<strong>Cow’s milk</strong><br><br>This product is a liquid, dairy-based food product made from cow’s milk. It has a uniform, liquid consistency and can be poured and drunk. The product is typically consumed cold or at room temperature.","https://raw.githubusercontent.com/HjorthenA/SoyDairyProducts/main/"
186,"DAIRY_SOLID","SOY_LIQ","SOY_SOLID","DAIRY_LIQ","DAIRY_SEMI","SOY_SEMI","<strong>Cheese from cow’s milk</strong><br><br>This product is a firm dairy-based food product made from cow’s milk. Often known as cheese for pizza. When heated it has a smooth, creamy to chewy, elastic consistency. The product is typically consumed warm or at room temperature.","<strong>Soy milk</strong><br><br>This product is a liquid, soy-based food product made from soybeans. It has a uniform, liquid consistency and can be poured and drunk. The product is typically consumed cold or at room temperature.","<strong>Yuba (tofu skin)</strong><br><br>This product is a rubbery, firm, soy-based food product made from coagulated soy milk. It has a rubbery, firm consistency that holds its shape, and are easy to chew. The product is typically consumed warm.","<strong>Cow’s milk</strong><br><br>This product is a liquid, dairy-based food product made from cow’s milk. It has a uniform, liquid consistency and can be poured and drunk. The product is typically consumed cold or at room temperature.","<strong>Yoghurt from cow’s milk</strong><br><br>This product is a creamy, dairy-based food product made from fermented cow’s milk. It has a creamy consistency and can be eaten with a spoon. The product is typically consumed cold.","<strong>Douhua</strong><br><br>This product is a soft, firm, soy-based food product made from coagulated soymilk. It has a soft, firm consistency that holds its shape but can be easily divided with a spoon. The product is typically consumed cold or warm.","https://raw.githubusercontent.com/HjorthenA/SoyDairyProducts/main/"
187,"SOY_LIQ","DAIRY_LIQ","DAIRY_SOLID","SOY_SEMI","SOY_SOLID","DAIRY_SEMI","<strong>Soy milk</strong><br><br>This product is a liquid, soy-based food product made from soybeans. It has a uniform, liquid consistency and can be poured and drunk. The product is typically consumed cold or at room temperature.","<strong>Cow’s milk</strong><br><br>This product is a liquid, dairy-based food product made from cow’s milk. It has a uniform, liquid consistency and can be poured and drunk. The product is typically consumed cold or at room temperature.","<strong>Cheese from cow’s milk</strong><br><br>This product is a firm dairy-based food product made from cow’s milk. Often known as cheese for pizza. When heated it has a smooth, creamy to chewy, elastic consistency. The product is typically consumed warm or at room temperature.","<strong>Douhua</strong><br><br>This product is a soft, firm, soy-based food product made from coagulated soymilk. It has a soft, firm consistency that holds its shape but can be easily divided with a spoon. The product is typically consumed cold or warm.","<strong>Yuba (tofu skin)</strong><br><br>This product is a rubbery, firm, soy-based food product made from coagulated soy milk. It has a rubbery, firm consistency that holds its shape, and are easy to chew. The product is typically consumed warm.","<strong>Yoghurt from cow’s milk</strong><br><br>This product is a creamy, dairy-based food product made from fermented cow’s milk. It has a creamy consistency and can be eaten with a spoon. The product is typically consumed cold.","https://raw.githubusercontent.com/HjorthenA/SoyDairyProducts/main/"
188,"DAIRY_LIQ","SOY_SEMI","SOY_LIQ","DAIRY_SEMI","DAIRY_SOLID","SOY_SOLID","<strong>Cow’s milk</strong><br><br>This product is a liquid, dairy-based food product made from cow’s milk. It has a uniform, liquid consistency and can be poured and drunk. The product is typically consumed cold or at room temperature.","<strong>Douhua</strong><br><br>This product is a soft, firm, soy-based food product made from coagulated soymilk. It has a soft, firm consistency that holds its shape but can be easily divided with a spoon. The product is typically consumed cold or warm.","<strong>Soy milk</strong><br><br>This product is a liquid, soy-based food product made from soybeans. It has a uniform, liquid consistency and can be poured and drunk. The product is typically consumed cold or at room temperature.","<strong>Yoghurt from cow’s milk</strong><br><br>This product is a creamy, dairy-based food product made from fermented cow’s milk. It has a creamy consistency and can be eaten with a spoon. The product is typically consumed cold.","<strong>Cheese from cow’s milk</strong><br><br>This product is a firm dairy-based food product made from cow’s milk. Often known as cheese for pizza. When heated it has a smooth, creamy to chewy, elastic consistency. The product is typically consumed warm or at room temperature.","<strong>Yuba (tofu skin)</strong><br><br>This product is a rubbery, firm, soy-based food product made from coagulated soy milk. It has a rubbery, firm consistency that holds its shape, and are easy to chew. The product is typically consumed warm.","https://raw.githubusercontent.com/HjorthenA/SoyDairyProducts/main/"
189,"SOY_SEMI","DAIRY_SEMI","DAIRY_LIQ","SOY_SOLID","SOY_LIQ","DAIRY_SOLID","<strong>Douhua</strong><br><br>This product is a soft, firm, soy-based food product made from coagulated soymilk. It has a soft, firm consistency that holds its shape but can be easily divided with a spoon. The product is typically consumed cold or warm.","<strong>Yoghurt from cow’s milk</strong><br><br>This product is a creamy, dairy-based food product made from fermented cow’s milk. It has a creamy consistency and can be eaten with a spoon. The product is typically consumed cold.","<strong>Cow’s milk</strong><br><br>This product is a liquid, dairy-based food product made from cow’s milk. It has a uniform, liquid consistency and can be poured and drunk. The product is typically consumed cold or at room temperature.","<strong>Yuba (tofu skin)</strong><br><br>This product is a rubbery, firm, soy-based food product made from coagulated soy milk. It has a rubbery, firm consistency that holds its shape, and are easy to chew. The product is typically consumed warm.","<strong>Soy milk</strong><br><br>This product is a liquid, soy-based food product made from soybeans. It has a uniform, liquid consistency and can be poured and drunk. The product is typically consumed cold or at room temperature.","<strong>Cheese from cow’s milk</strong><br><br>This product is a firm dairy-based food product made from cow’s milk. Often known as cheese for pizza. When heated it has a smooth, creamy to chewy, elastic consistency. The product is typically consumed warm or at room temperature.","https://raw.githubusercontent.com/HjorthenA/SoyDairyProducts/main/"
190,"DAIRY_SEMI","SOY_SOLID","SOY_SEMI","DAIRY_SOLID","DAIRY_LIQ","SOY_LIQ","<strong>Yoghurt from cow’s milk</strong><br><br>This product is a creamy, dairy-based food product made from fermented cow’s milk. It has a creamy consistency and can be eaten with a spoon. The product is typically consumed cold.","<strong>Yuba (tofu skin)</strong><br><br>This product is a rubbery, firm, soy-based food product made from coagulated soy milk. It has a rubbery, firm consistency that holds its shape, and are easy to chew. The product is typically consumed warm.","<strong>Douhua</strong><br><br>This product is a soft, firm, soy-based food product made from coagulated soymilk. It has a soft, firm consistency that holds its shape but can be easily divided with a spoon. The product is typically consumed cold or warm.","<strong>Cheese from cow’s milk</strong><br><br>This product is a firm dairy-based food product made from cow’s milk. Often known as cheese for pizza. When heated it has a smooth, creamy to chewy, elastic consistency. The product is typically consumed warm or at room temperature.","<strong>Cow’s milk</strong><br><br>This product is a liquid, dairy-based food product made from cow’s milk. It has a uniform, liquid consistency and can be poured and drunk. The product is typically consumed cold or at room temperature.","<strong>Soy milk</strong><br><br>This product is a liquid, soy-based food product made from soybeans. It has a uniform, liquid consistency and can be poured and drunk. The product is typically consumed cold or at room temperature.","https://raw.githubusercontent.com/HjorthenA/SoyDairyProducts/main/"
191,"SOY_SOLID","DAIRY_SOLID","DAIRY_SEMI","SOY_LIQ","SOY_SEMI","DAIRY_LIQ","<strong>Yuba (tofu skin)</strong><br><br>This product is a rubbery, firm, soy-based food product made from coagulated soy milk. It has a rubbery, firm consistency that holds its shape, and are easy to chew. The product is typically consumed warm.","<strong>Cheese from cow’s milk</strong><br><br>This product is a firm dairy-based food product made from cow’s milk. Often known as cheese for pizza. When heated it has a smooth, creamy to chewy, elastic consistency. The product is typically consumed warm or at room temperature.","<strong>Yoghurt from cow’s milk</strong><br><br>This product is a creamy, dairy-based food product made from fermented cow’s milk. It has a creamy consistency and can be eaten with a spoon. The product is typically consumed cold.","<strong>Soy milk</strong><br><br>This product is a liquid, soy-based food product made from soybeans. It has a uniform, liquid consistency and can be poured and drunk. The product is typically consumed cold or at room temperature.","<strong>Douhua</strong><br><br>This product is a soft, firm, soy-based food product made from coagulated soymilk. It has a soft, firm consistency that holds its shape but can be easily divided with a spoon. The product is typically consumed cold or warm.","<strong>Cow’s milk</strong><br><br>This product is a liquid, dairy-based food product made from cow’s milk. It has a uniform, liquid consistency and can be poured and drunk. The product is typically consumed cold or at room temperature.","https://raw.githubusercontent.com/HjorthenA/SoyDairyProducts/main/"
192,"DAIRY_SOLID","SOY_LIQ","SOY_SOLID","DAIRY_LIQ","DAIRY_SEMI","SOY_SEMI","<strong>Cheese from cow’s milk</strong><br><br>This product is a firm dairy-based food product made from cow’s milk. Often known as cheese for pizza. When heated it has a smooth, creamy to chewy, elastic consistency. The product is typically consumed warm or at room temperature.","<strong>Soy milk</strong><br><br>This product is a liquid, soy-based food product made from soybeans. It has a uniform, liquid consistency and can be poured and drunk. The product is typically consumed cold or at room temperature.","<strong>Yuba (tofu skin)</strong><br><br>This product is a rubbery, firm, soy-based food product made from coagulated soy milk. It has a rubbery, firm consistency that holds its shape, and are easy to chew. The product is typically consumed warm.","<strong>Cow’s milk</strong><br><br>This product is a liquid, dairy-based food product made from cow’s milk. It has a uniform, liquid consistency and can be poured and drunk. The product is typically consumed cold or at room temperature.","<strong>Yoghurt from cow’s milk</strong><br><br>This product is a creamy, dairy-based food product made from fermented cow’s milk. It has a creamy consistency and can be eaten with a spoon. The product is typically consumed cold.","<strong>Douhua</strong><br><br>This product is a soft, firm, soy-based food product made from coagulated soymilk. It has a soft, firm consistency that holds its shape but can be easily divided with a spoon. The product is typically consumed cold or warm.","https://raw.githubusercontent.com/HjorthenA/SoyDairyProducts/main/"
193,"SOY_LIQ","DAIRY_LIQ","DAIRY_SOLID","SOY_SEMI","SOY_SOLID","DAIRY_SEMI","<strong>Soy milk</strong><br><br>This product is a liquid, soy-based food product made from soybeans. It has a uniform, liquid consistency and can be poured and drunk. The product is typically consumed cold or at room temperature.","<strong>Cow’s milk</strong><br><br>This product is a liquid, dairy-based food product made from cow’s milk. It has a uniform, liquid consistency and can be poured and drunk. The product is typically consumed cold or at room temperature.","<strong>Cheese from cow’s milk</strong><br><br>This product is a firm dairy-based food product made from cow’s milk. Often known as cheese for pizza. When heated it has a smooth, creamy to chewy, elastic consistency. The product is typically consumed warm or at room temperature.","<strong>Douhua</strong><br><br>This product is a soft, firm, soy-based food product made from coagulated soymilk. It has a soft, firm consistency that holds its shape but can be easily divided with a spoon. The product is typically consumed cold or warm.","<strong>Yuba (tofu skin)</strong><br><br>This product is a rubbery, firm, soy-based food product made from coagulated soy milk. It has a rubbery, firm consistency that holds its shape, and are easy to chew. The product is typically consumed warm.","<strong>Yoghurt from cow’s milk</strong><br><br>This product is a creamy, dairy-based food product made from fermented cow’s milk. It has a creamy consistency and can be eaten with a spoon. The product is typically consumed cold.","https://raw.githubusercontent.com/HjorthenA/SoyDairyProducts/main/"
194,"DAIRY_LIQ","SOY_SEMI","SOY_LIQ","DAIRY_SEMI","DAIRY_SOLID","SOY_SOLID","<strong>Cow’s milk</strong><br><br>This product is a liquid, dairy-based food product made from cow’s milk. It has a uniform, liquid consistency and can be poured and drunk. The product is typically consumed cold or at room temperature.","<strong>Douhua</strong><br><br>This product is a soft, firm, soy-based food product made from coagulated soymilk. It has a soft, firm consistency that holds its shape but can be easily divided with a spoon. The product is typically consumed cold or warm.","<strong>Soy milk</strong><br><br>This product is a liquid, soy-based food product made from soybeans. It has a uniform, liquid consistency and can be poured and drunk. The product is typically consumed cold or at room temperature.","<strong>Yoghurt from cow’s milk</strong><br><br>This product is a creamy, dairy-based food product made from fermented cow’s milk. It has a creamy consistency and can be eaten with a spoon. The product is typically consumed cold.","<strong>Cheese from cow’s milk</strong><br><br>This product is a firm dairy-based food product made from cow’s milk. Often known as cheese for pizza. When heated it has a smooth, creamy to chewy, elastic consistency. The product is typically consumed warm or at room temperature.","<strong>Yuba (tofu skin)</strong><br><br>This product is a rubbery, firm, soy-based food product made from coagulated soy milk. It has a rubbery, firm consistency that holds its shape, and are easy to chew. The product is typically consumed warm.","https://raw.githubusercontent.com/HjorthenA/SoyDairyProducts/main/"
195,"SOY_SEMI","DAIRY_SEMI","DAIRY_LIQ","SOY_SOLID","SOY_LIQ","DAIRY_SOLID","<strong>Douhua</strong><br><br>This product is a soft, firm, soy-based food product made from coagulated soymilk. It has a soft, firm consistency that holds its shape but can be easily divided with a spoon. The product is typically consumed cold or warm.","<strong>Yoghurt from cow’s milk</strong><br><br>This product is a creamy, dairy-based food product made from fermented cow’s milk. It has a creamy consistency and can be eaten with a spoon. The product is typically consumed cold.","<strong>Cow’s milk</strong><br><br>This product is a liquid, dairy-based food product made from cow’s milk. It has a uniform, liquid consistency and can be poured and drunk. The product is typically consumed cold or at room temperature.","<strong>Yuba (tofu skin)</strong><br><br>This product is a rubbery, firm, soy-based food product made from coagulated soy milk. It has a rubbery, firm consistency that holds its shape, and are easy to chew. The product is typically consumed warm.","<strong>Soy milk</strong><br><br>This product is a liquid, soy-based food product made from soybeans. It has a uniform, liquid consistency and can be poured and drunk. The product is typically consumed cold or at room temperature.","<strong>Cheese from cow’s milk</strong><br><br>This product is a firm dairy-based food product made from cow’s milk. Often known as cheese for pizza. When heated it has a smooth, creamy to chewy, elastic consistency. The product is typically consumed warm or at room temperature.","https://raw.githubusercontent.com/HjorthenA/SoyDairyProducts/main/"
196,"DAIRY_SEMI","SOY_SOLID","SOY_SEMI","DAIRY_SOLID","DAIRY_LIQ","SOY_LIQ","<strong>Yoghurt from cow’s milk</strong><br><br>This product is a creamy, dairy-based food product made from fermented cow’s milk. It has a creamy consistency and can be eaten with a spoon. The product is typically consumed cold.","<strong>Yuba (tofu skin)</strong><br><br>This product is a rubbery, firm, soy-based food product made from coagulated soy milk. It has a rubbery, firm consistency that holds its shape, and are easy to chew. The product is typically consumed warm.","<strong>Douhua</strong><br><br>This product is a soft, firm, soy-based food product made from coagulated soymilk. It has a soft, firm consistency that holds its shape but can be easily divided with a spoon. The product is typically consumed cold or warm.","<strong>Cheese from cow’s milk</strong><br><br>This product is a firm dairy-based food product made from cow’s milk. Often known as cheese for pizza. When heated it has a smooth, creamy to chewy, elastic consistency. The product is typically consumed warm or at room temperature.","<strong>Cow’s milk</strong><br><br>This product is a liquid, dairy-based food product made from cow’s milk. It has a uniform, liquid consistency and can be poured and drunk. The product is typically consumed cold or at room temperature.","<strong>Soy milk</strong><br><br>This product is a liquid, soy-based food product made from soybeans. It has a uniform, liquid consistency and can be poured and drunk. The product is typically consumed cold or at room temperature.","https://raw.githubusercontent.com/HjorthenA/SoyDairyProducts/main/"
197,"SOY_SOLID","DAIRY_SOLID","DAIRY_SEMI","SOY_LIQ","SOY_SEMI","DAIRY_LIQ","<strong>Yuba (tofu skin)</strong><br><br>This product is a rubbery, firm, soy-based food product made from coagulated soy milk. It has a rubbery, firm consistency that holds its shape, and are easy to chew. The product is typically consumed warm.","<strong>Cheese from cow’s milk</strong><br><br>This product is a firm dairy-based food product made from cow’s milk. Often known as cheese for pizza. When heated it has a smooth, creamy to chewy, elastic consistency. The product is typically consumed warm or at room temperature.","<strong>Yoghurt from cow’s milk</strong><br><br>This product is a creamy, dairy-based food product made from fermented cow’s milk. It has a creamy consistency and can be eaten with a spoon. The product is typically consumed cold.","<strong>Soy milk</strong><br><br>This product is a liquid, soy-based food product made from soybeans. It has a uniform, liquid consistency and can be poured and drunk. The product is typically consumed cold or at room temperature.","<strong>Douhua</strong><br><br>This product is a soft, firm, soy-based food product made from coagulated soymilk. It has a soft, firm consistency that holds its shape but can be easily divided with a spoon. The product is typically consumed cold or warm.","<strong>Cow’s milk</strong><br><br>This product is a liquid, dairy-based food product made from cow’s milk. It has a uniform, liquid consistency and can be poured and drunk. The product is typically consumed cold or at room temperature.","https://raw.githubusercontent.com/HjorthenA/SoyDairyProducts/main/"
198,"DAIRY_SOLID","SOY_LIQ","SOY_SOLID","DAIRY_LIQ","DAIRY_SEMI","SOY_SEMI","<strong>Cheese from cow’s milk</strong><br><br>This product is a firm dairy-based food product made from cow’s milk. Often known as cheese for pizza. When heated it has a smooth, creamy to chewy, elastic consistency. The product is typically consumed warm or at room temperature.","<strong>Soy milk</strong><br><br>This product is a liquid, soy-based food product made from soybeans. It has a uniform, liquid consistency and can be poured and drunk. The product is typically consumed cold or at room temperature.","<strong>Yuba (tofu skin)</strong><br><br>This product is a rubbery, firm, soy-based food product made from coagulated soy milk. It has a rubbery, firm consistency that holds its shape, and are easy to chew. The product is typically consumed warm.","<strong>Cow’s milk</strong><br><br>This product is a liquid, dairy-based food product made from cow’s milk. It has a uniform, liquid consistency and can be poured and drunk. The product is typically consumed cold or at room temperature.","<strong>Yoghurt from cow’s milk</strong><br><br>This product is a creamy, dairy-based food product made from fermented cow’s milk. It has a creamy consistency and can be eaten with a spoon. The product is typically consumed cold.","<strong>Douhua</strong><br><br>This product is a soft, firm, soy-based food product made from coagulated soymilk. It has a soft, firm consistency that holds its shape but can be easily divided with a spoon. The product is typically consumed cold or warm.","https://raw.githubusercontent.com/HjorthenA/SoyDairyProducts/main/"
199,"SOY_LIQ","DAIRY_LIQ","DAIRY_SOLID","SOY_SEMI","SOY_SOLID","DAIRY_SEMI","<strong>Soy milk</strong><br><br>This product is a liquid, soy-based food product made from soybeans. It has a uniform, liquid consistency and can be poured and drunk. The product is typically consumed cold or at room temperature.","<strong>Cow’s milk</strong><br><br>This product is a liquid, dairy-based food product made from cow’s milk. It has a uniform, liquid consistency and can be poured and drunk. The product is typically consumed cold or at room temperature.","<strong>Cheese from cow’s milk</strong><br><br>This product is a firm dairy-based food product made from cow’s milk. Often known as cheese for pizza. When heated it has a smooth, creamy to chewy, elastic consistency. The product is typically consumed warm or at room temperature.","<strong>Douhua</strong><br><br>This product is a soft, firm, soy-based food product made from coagulated soymilk. It has a soft, firm consistency that holds its shape but can be easily divided with a spoon. The product is typically consumed cold or warm.","<strong>Yuba (tofu skin)</strong><br><br>This product is a rubbery, firm, soy-based food product made from coagulated soy milk. It has a rubbery, firm consistency that holds its shape, and are easy to chew. The product is typically consumed warm.","<strong>Yoghurt from cow’s milk</strong><br><br>This product is a creamy, dairy-based food product made from fermented cow’s milk. It has a creamy consistency and can be eaten with a spoon. The product is typically consumed cold.","https://raw.githubusercontent.com/HjorthenA/SoyDairyProducts/main/"
200,"DAIRY_LIQ","SOY_SEMI","SOY_LIQ","DAIRY_SEMI","DAIRY_SOLID","SOY_SOLID","<strong>Cow’s milk</strong><br><br>This product is a liquid, dairy-based food product made from cow’s milk. It has a uniform, liquid consistency and can be poured and drunk. The product is typically consumed cold or at room temperature.","<strong>Douhua</strong><br><br>This product is a soft, firm, soy-based food product made from coagulated soymilk. It has a soft, firm consistency that holds its shape but can be easily divided with a spoon. The product is typically consumed cold or warm.","<strong>Soy milk</strong><br><br>This product is a liquid, soy-based food product made from soybeans. It has a uniform, liquid consistency and can be poured and drunk. The product is typically consumed cold or at room temperature.","<strong>Yoghurt from cow’s milk</strong><br><br>This product is a creamy, dairy-based food product made from fermented cow’s milk. It has a creamy consistency and can be eaten with a spoon. The product is typically consumed cold.","<strong>Cheese from cow’s milk</strong><br><br>This product is a firm dairy-based food product made from cow’s milk. Often known as cheese for pizza. When heated it has a smooth, creamy to chewy, elastic consistency. The product is typically consumed warm or at room temperature.","<strong>Yuba (tofu skin)</strong><br><br>This product is a rubbery, firm, soy-based food product made from coagulated soy milk. It has a rubbery, firm consistency that holds its shape, and are easy to chew. The product is typically consumed warm.","https://raw.githubusercontent.com/HjorthenA/SoyDairyProducts/main/"
201,"SOY_SEMI","DAIRY_SEMI","DAIRY_LIQ","SOY_SOLID","SOY_LIQ","DAIRY_SOLID","<strong>Douhua</strong><br><br>This product is a soft, firm, soy-based food product made from coagulated soymilk. It has a soft, firm consistency that holds its shape but can be easily divided with a spoon. The product is typically consumed cold or warm.","<strong>Yoghurt from cow’s milk</strong><br><br>This product is a creamy, dairy-based food product made from fermented cow’s milk. It has a creamy consistency and can be eaten with a spoon. The product is typically consumed cold.","<strong>Cow’s milk</strong><br><br>This product is a liquid, dairy-based food product made from cow’s milk. It has a uniform, liquid consistency and can be poured and drunk. The product is typically consumed cold or at room temperature.","<strong>Yuba (tofu skin)</strong><br><br>This product is a rubbery, firm, soy-based food product made from coagulated soy milk. It has a rubbery, firm consistency that holds its shape, and are easy to chew. The product is typically consumed warm.","<strong>Soy milk</strong><br><br>This product is a liquid, soy-based food product made from soybeans. It has a uniform, liquid consistency and can be poured and drunk. The product is typically consumed cold or at room temperature.","<strong>Cheese from cow’s milk</strong><br><br>This product is a firm dairy-based food product made from cow’s milk. Often known as cheese for pizza. When heated it has a smooth, creamy to chewy, elastic consistency. The product is typically consumed warm or at room temperature.","https://raw.githubusercontent.com/HjorthenA/SoyDairyProducts/main/"
202,"DAIRY_SEMI","SOY_SOLID","SOY_SEMI","DAIRY_SOLID","DAIRY_LIQ","SOY_LIQ","<strong>Yoghurt from cow’s milk</strong><br><br>This product is a creamy, dairy-based food product made from fermented cow’s milk. It has a creamy consistency and can be eaten with a spoon. The product is typically consumed cold.","<strong>Yuba (tofu skin)</strong><br><br>This product is a rubbery, firm, soy-based food product made from coagulated soy milk. It has a rubbery, firm consistency that holds its shape, and are easy to chew. The product is typically consumed warm.","<strong>Douhua</strong><br><br>This product is a soft, firm, soy-based food product made from coagulated soymilk. It has a soft, firm consistency that holds its shape but can be easily divided with a spoon. The product is typically consumed cold or warm.","<strong>Cheese from cow’s milk</strong><br><br>This product is a firm dairy-based food product made from cow’s milk. Often known as cheese for pizza. When heated it has a smooth, creamy to chewy, elastic consistency. The product is typically consumed warm or at room temperature.","<strong>Cow’s milk</strong><br><br>This product is a liquid, dairy-based food product made from cow’s milk. It has a uniform, liquid consistency and can be poured and drunk. The product is typically consumed cold or at room temperature.","<strong>Soy milk</strong><br><br>This product is a liquid, soy-based food product made from soybeans. It has a uniform, liquid consistency and can be poured and drunk. The product is typically consumed cold or at room temperature.","https://raw.githubusercontent.com/HjorthenA/SoyDairyProducts/main/"
203,"SOY_SOLID","DAIRY_SOLID","DAIRY_SEMI","SOY_LIQ","SOY_SEMI","DAIRY_LIQ","<strong>Yuba (tofu skin)</strong><br><br>This product is a rubbery, firm, soy-based food product made from coagulated soy milk. It has a rubbery, firm consistency that holds its shape, and are easy to chew. The product is typically consumed warm.","<strong>Cheese from cow’s milk</strong><br><br>This product is a firm dairy-based food product made from cow’s milk. Often known as cheese for pizza. When heated it has a smooth, creamy to chewy, elastic consistency. The product is typically consumed warm or at room temperature.","<strong>Yoghurt from cow’s milk</strong><br><br>This product is a creamy, dairy-based food product made from fermented cow’s milk. It has a creamy consistency and can be eaten with a spoon. The product is typically consumed cold.","<strong>Soy milk</strong><br><br>This product is a liquid, soy-based food product made from soybeans. It has a uniform, liquid consistency and can be poured and drunk. The product is typically consumed cold or at room temperature.","<strong>Douhua</strong><br><br>This product is a soft, firm, soy-based food product made from coagulated soymilk. It has a soft, firm consistency that holds its shape but can be easily divided with a spoon. The product is typically consumed cold or warm.","<strong>Cow’s milk</strong><br><br>This product is a liquid, dairy-based food product made from cow’s milk. It has a uniform, liquid consistency and can be poured and drunk. The product is typically consumed cold or at room temperature.","https://raw.githubusercontent.com/HjorthenA/SoyDairyProducts/main/"
204,"DAIRY_SOLID","SOY_LIQ","SOY_SOLID","DAIRY_LIQ","DAIRY_SEMI","SOY_SEMI","<strong>Cheese from cow’s milk</strong><br><br>This product is a firm dairy-based food product made from cow’s milk. Often known as cheese for pizza. When heated it has a smooth, creamy to chewy, elastic consistency. The product is typically consumed warm or at room temperature.","<strong>Soy milk</strong><br><br>This product is a liquid, soy-based food product made from soybeans. It has a uniform, liquid consistency and can be poured and drunk. The product is typically consumed cold or at room temperature.","<strong>Yuba (tofu skin)</strong><br><br>This product is a rubbery, firm, soy-based food product made from coagulated soy milk. It has a rubbery, firm consistency that holds its shape, and are easy to chew. The product is typically consumed warm.","<strong>Cow’s milk</strong><br><br>This product is a liquid, dairy-based food product made from cow’s milk. It has a uniform, liquid consistency and can be poured and drunk. The product is typically consumed cold or at room temperature.","<strong>Yoghurt from cow’s milk</strong><br><br>This product is a creamy, dairy-based food product made from fermented cow’s milk. It has a creamy consistency and can be eaten with a spoon. The product is typically consumed cold.","<strong>Douhua</strong><br><br>This product is a soft, firm, soy-based food product made from coagulated soymilk. It has a soft, firm consistency that holds its shape but can be easily divided with a spoon. The product is typically consumed cold or warm.","https://raw.githubusercontent.com/HjorthenA/SoyDairyProducts/main/"
205,"SOY_LIQ","DAIRY_LIQ","DAIRY_SOLID","SOY_SEMI","SOY_SOLID","DAIRY_SEMI","<strong>Soy milk</strong><br><br>This product is a liquid, soy-based food product made from soybeans. It has a uniform, liquid consistency and can be poured and drunk. The product is typically consumed cold or at room temperature.","<strong>Cow’s milk</strong><br><br>This product is a liquid, dairy-based food product made from cow’s milk. It has a uniform, liquid consistency and can be poured and drunk. The product is typically consumed cold or at room temperature.","<strong>Cheese from cow’s milk</strong><br><br>This product is a firm dairy-based food product made from cow’s milk. Often known as cheese for pizza. When heated it has a smooth, creamy to chewy, elastic consistency. The product is typically consumed warm or at room temperature.","<strong>Douhua</strong><br><br>This product is a soft, firm, soy-based food product made from coagulated soymilk. It has a soft, firm consistency that holds its shape but can be easily divided with a spoon. The product is typically consumed cold or warm.","<strong>Yuba (tofu skin)</strong><br><br>This product is a rubbery, firm, soy-based food product made from coagulated soy milk. It has a rubbery, firm consistency that holds its shape, and are easy to chew. The product is typically consumed warm.","<strong>Yoghurt from cow’s milk</strong><br><br>This product is a creamy, dairy-based food product made from fermented cow’s milk. It has a creamy consistency and can be eaten with a spoon. The product is typically consumed cold.","https://raw.githubusercontent.com/HjorthenA/SoyDairyProducts/main/"
206,"DAIRY_LIQ","SOY_SEMI","SOY_LIQ","DAIRY_SEMI","DAIRY_SOLID","SOY_SOLID","<strong>Cow’s milk</strong><br><br>This product is a liquid, dairy-based food product made from cow’s milk. It has a uniform, liquid consistency and can be poured and drunk. The product is typically consumed cold or at room temperature.","<strong>Douhua</strong><br><br>This product is a soft, firm, soy-based food product made from coagulated soymilk. It has a soft, firm consistency that holds its shape but can be easily divided with a spoon. The product is typically consumed cold or warm.","<strong>Soy milk</strong><br><br>This product is a liquid, soy-based food product made from soybeans. It has a uniform, liquid consistency and can be poured and drunk. The product is typically consumed cold or at room temperature.","<strong>Yoghurt from cow’s milk</strong><br><br>This product is a creamy, dairy-based food product made from fermented cow’s milk. It has a creamy consistency and can be eaten with a spoon. The product is typically consumed cold.","<strong>Cheese from cow’s milk</strong><br><br>This product is a firm dairy-based food product made from cow’s milk. Often known as cheese for pizza. When heated it has a smooth, creamy to chewy, elastic consistency. The product is typically consumed warm or at room temperature.","<strong>Yuba (tofu skin)</strong><br><br>This product is a rubbery, firm, soy-based food product made from coagulated soy milk. It has a rubbery, firm consistency that holds its shape, and are easy to chew. The product is typically consumed warm.","https://raw.githubusercontent.com/HjorthenA/SoyDairyProducts/main/"
207,"SOY_SEMI","DAIRY_SEMI","DAIRY_LIQ","SOY_SOLID","SOY_LIQ","DAIRY_SOLID","<strong>Douhua</strong><br><br>This product is a soft, firm, soy-based food product made from coagulated soymilk. It has a soft, firm consistency that holds its shape but can be easily divided with a spoon. The product is typically consumed cold or warm.","<strong>Yoghurt from cow’s milk</strong><br><br>This product is a creamy, dairy-based food product made from fermented cow’s milk. It has a creamy consistency and can be eaten with a spoon. The product is typically consumed cold.","<strong>Cow’s milk</strong><br><br>This product is a liquid, dairy-based food product made from cow’s milk. It has a uniform, liquid consistency and can be poured and drunk. The product is typically consumed cold or at room temperature.","<strong>Yuba (tofu skin)</strong><br><br>This product is a rubbery, firm, soy-based food product made from coagulated soy milk. It has a rubbery, firm consistency that holds its shape, and are easy to chew. The product is typically consumed warm.","<strong>Soy milk</strong><br><br>This product is a liquid, soy-based food product made from soybeans. It has a uniform, liquid consistency and can be poured and drunk. The product is typically consumed cold or at room temperature.","<strong>Cheese from cow’s milk</strong><br><br>This product is a firm dairy-based food product made from cow’s milk. Often known as cheese for pizza. When heated it has a smooth, creamy to chewy, elastic consistency. The product is typically consumed warm or at room temperature.","https://raw.githubusercontent.com/HjorthenA/SoyDairyProducts/main/"
208,"DAIRY_SEMI","SOY_SOLID","SOY_SEMI","DAIRY_SOLID","DAIRY_LIQ","SOY_LIQ","<strong>Yoghurt from cow’s milk</strong><br><br>This product is a creamy, dairy-based food product made from fermented cow’s milk. It has a creamy consistency and can be eaten with a spoon. The product is typically consumed cold.","<strong>Yuba (tofu skin)</strong><br><br>This product is a rubbery, firm, soy-based food product made from coagulated soy milk. It has a rubbery, firm consistency that holds its shape, and are easy to chew. The product is typically consumed warm.","<strong>Douhua</strong><br><br>This product is a soft, firm, soy-based food product made from coagulated soymilk. It has a soft, firm consistency that holds its shape but can be easily divided with a spoon. The product is typically consumed cold or warm.","<strong>Cheese from cow’s milk</strong><br><br>This product is a firm dairy-based food product made from cow’s milk. Often known as cheese for pizza. When heated it has a smooth, creamy to chewy, elastic consistency. The product is typically consumed warm or at room temperature.","<strong>Cow’s milk</strong><br><br>This product is a liquid, dairy-based food product made from cow’s milk. It has a uniform, liquid consistency and can be poured and drunk. The product is typically consumed cold or at room temperature.","<strong>Soy milk</strong><br><br>This product is a liquid, soy-based food product made from soybeans. It has a uniform, liquid consistency and can be poured and drunk. The product is typically consumed cold or at room temperature.","https://raw.githubusercontent.com/HjorthenA/SoyDairyProducts/main/"
209,"SOY_SOLID","DAIRY_SOLID","DAIRY_SEMI","SOY_LIQ","SOY_SEMI","DAIRY_LIQ","<strong>Yuba (tofu skin)</strong><br><br>This product is a rubbery, firm, soy-based food product made from coagulated soy milk. It has a rubbery, firm consistency that holds its shape, and are easy to chew. The product is typically consumed warm.","<strong>Cheese from cow’s milk</strong><br><br>This product is a firm dairy-based food product made from cow’s milk. Often known as cheese for pizza. When heated it has a smooth, creamy to chewy, elastic consistency. The product is typically consumed warm or at room temperature.","<strong>Yoghurt from cow’s milk</strong><br><br>This product is a creamy, dairy-based food product made from fermented cow’s milk. It has a creamy consistency and can be eaten with a spoon. The product is typically consumed cold.","<strong>Soy milk</strong><br><br>This product is a liquid, soy-based food product made from soybeans. It has a uniform, liquid consistency and can be poured and drunk. The product is typically consumed cold or at room temperature.","<strong>Douhua</strong><br><br>This product is a soft, firm, soy-based food product made from coagulated soymilk. It has a soft, firm consistency that holds its shape but can be easily divided with a spoon. The product is typically consumed cold or warm.","<strong>Cow’s milk</strong><br><br>This product is a liquid, dairy-based food product made from cow’s milk. It has a uniform, liquid consistency and can be poured and drunk. The product is typically consumed cold or at room temperature.","https://raw.githubusercontent.com/HjorthenA/SoyDairyProducts/main/"
210,"DAIRY_SOLID","SOY_LIQ","SOY_SOLID","DAIRY_LIQ","DAIRY_SEMI","SOY_SEMI","<strong>Cheese from cow’s milk</strong><br><br>This product is a firm dairy-based food product made from cow’s milk. Often known as cheese for pizza. When heated it has a smooth, creamy to chewy, elastic consistency. The product is typically consumed warm or at room temperature.","<strong>Soy milk</strong><br><br>This product is a liquid, soy-based food product made from soybeans. It has a uniform, liquid consistency and can be poured and drunk. The product is typically consumed cold or at room temperature.","<strong>Yuba (tofu skin)</strong><br><br>This product is a rubbery, firm, soy-based food product made from coagulated soy milk. It has a rubbery, firm consistency that holds its shape, and are easy to chew. The product is typically consumed warm.","<strong>Cow’s milk</strong><br><br>This product is a liquid, dairy-based food product made from cow’s milk. It has a uniform, liquid consistency and can be poured and drunk. The product is typically consumed cold or at room temperature.","<strong>Yoghurt from cow’s milk</strong><br><br>This product is a creamy, dairy-based food product made from fermented cow’s milk. It has a creamy consistency and can be eaten with a spoon. The product is typically consumed cold.","<strong>Douhua</strong><br><br>This product is a soft, firm, soy-based food product made from coagulated soymilk. It has a soft, firm consistency that holds its shape but can be easily divided with a spoon. The product is typically consumed cold or warm.","https://raw.githubusercontent.com/HjorthenA/SoyDairyProducts/main/"
211,"SOY_LIQ","DAIRY_LIQ","DAIRY_SOLID","SOY_SEMI","SOY_SOLID","DAIRY_SEMI","<strong>Soy milk</strong><br><br>This product is a liquid, soy-based food product made from soybeans. It has a uniform, liquid consistency and can be poured and drunk. The product is typically consumed cold or at room temperature.","<strong>Cow’s milk</strong><br><br>This product is a liquid, dairy-based food product made from cow’s milk. It has a uniform, liquid consistency and can be poured and drunk. The product is typically consumed cold or at room temperature.","<strong>Cheese from cow’s milk</strong><br><br>This product is a firm dairy-based food product made from cow’s milk. Often known as cheese for pizza. When heated it has a smooth, creamy to chewy, elastic consistency. The product is typically consumed warm or at room temperature.","<strong>Douhua</strong><br><br>This product is a soft, firm, soy-based food product made from coagulated soymilk. It has a soft, firm consistency that holds its shape but can be easily divided with a spoon. The product is typically consumed cold or warm.","<strong>Yuba (tofu skin)</strong><br><br>This product is a rubbery, firm, soy-based food product made from coagulated soy milk. It has a rubbery, firm consistency that holds its shape, and are easy to chew. The product is typically consumed warm.","<strong>Yoghurt from cow’s milk</strong><br><br>This product is a creamy, dairy-based food product made from fermented cow’s milk. It has a creamy consistency and can be eaten with a spoon. The product is typically consumed cold.","https://raw.githubusercontent.com/HjorthenA/SoyDairyProducts/main/"
212,"DAIRY_LIQ","SOY_SEMI","SOY_LIQ","DAIRY_SEMI","DAIRY_SOLID","SOY_SOLID","<strong>Cow’s milk</strong><br><br>This product is a liquid, dairy-based food product made from cow’s milk. It has a uniform, liquid consistency and can be poured and drunk. The product is typically consumed cold or at room temperature.","<strong>Douhua</strong><br><br>This product is a soft, firm, soy-based food product made from coagulated soymilk. It has a soft, firm consistency that holds its shape but can be easily divided with a spoon. The product is typically consumed cold or warm.","<strong>Soy milk</strong><br><br>This product is a liquid, soy-based food product made from soybeans. It has a uniform, liquid consistency and can be poured and drunk. The product is typically consumed cold or at room temperature.","<strong>Yoghurt from cow’s milk</strong><br><br>This product is a creamy, dairy-based food product made from fermented cow’s milk. It has a creamy consistency and can be eaten with a spoon. The product is typically consumed cold.","<strong>Cheese from cow’s milk</strong><br><br>This product is a firm dairy-based food product made from cow’s milk. Often known as cheese for pizza. When heated it has a smooth, creamy to chewy, elastic consistency. The product is typically consumed warm or at room temperature.","<strong>Yuba (tofu skin)</strong><br><br>This product is a rubbery, firm, soy-based food product made from coagulated soy milk. It has a rubbery, firm consistency that holds its shape, and are easy to chew. The product is typically consumed warm.","https://raw.githubusercontent.com/HjorthenA/SoyDairyProducts/main/"
213,"SOY_SEMI","DAIRY_SEMI","DAIRY_LIQ","SOY_SOLID","SOY_LIQ","DAIRY_SOLID","<strong>Douhua</strong><br><br>This product is a soft, firm, soy-based food product made from coagulated soymilk. It has a soft, firm consistency that holds its shape but can be easily divided with a spoon. The product is typically consumed cold or warm.","<strong>Yoghurt from cow’s milk</strong><br><br>This product is a creamy, dairy-based food product made from fermented cow’s milk. It has a creamy consistency and can be eaten with a spoon. The product is typically consumed cold.","<strong>Cow’s milk</strong><br><br>This product is a liquid, dairy-based food product made from cow’s milk. It has a uniform, liquid consistency and can be poured and drunk. The product is typically consumed cold or at room temperature.","<strong>Yuba (tofu skin)</strong><br><br>This product is a rubbery, firm, soy-based food product made from coagulated soy milk. It has a rubbery, firm consistency that holds its shape, and are easy to chew. The product is typically consumed warm.","<strong>Soy milk</strong><br><br>This product is a liquid, soy-based food product made from soybeans. It has a uniform, liquid consistency and can be poured and drunk. The product is typically consumed cold or at room temperature.","<strong>Cheese from cow’s milk</strong><br><br>This product is a firm dairy-based food product made from cow’s milk. Often known as cheese for pizza. When heated it has a smooth, creamy to chewy, elastic consistency. The product is typically consumed warm or at room temperature.","https://raw.githubusercontent.com/HjorthenA/SoyDairyProducts/main/"
214,"DAIRY_SEMI","SOY_SOLID","SOY_SEMI","DAIRY_SOLID","DAIRY_LIQ","SOY_LIQ","<strong>Yoghurt from cow’s milk</strong><br><br>This product is a creamy, dairy-based food product made from fermented cow’s milk. It has a creamy consistency and can be eaten with a spoon. The product is typically consumed cold.","<strong>Yuba (tofu skin)</strong><br><br>This product is a rubbery, firm, soy-based food product made from coagulated soy milk. It has a rubbery, firm consistency that holds its shape, and are easy to chew. The product is typically consumed warm.","<strong>Douhua</strong><br><br>This product is a soft, firm, soy-based food product made from coagulated soymilk. It has a soft, firm consistency that holds its shape but can be easily divided with a spoon. The product is typically consumed cold or warm.","<strong>Cheese from cow’s milk</strong><br><br>This product is a firm dairy-based food product made from cow’s milk. Often known as cheese for pizza. When heated it has a smooth, creamy to chewy, elastic consistency. The product is typically consumed warm or at room temperature.","<strong>Cow’s milk</strong><br><br>This product is a liquid, dairy-based food product made from cow’s milk. It has a uniform, liquid consistency and can be poured and drunk. The product is typically consumed cold or at room temperature.","<strong>Soy milk</strong><br><br>This product is a liquid, soy-based food product made from soybeans. It has a uniform, liquid consistency and can be poured and drunk. The product is typically consumed cold or at room temperature.","https://raw.githubusercontent.com/HjorthenA/SoyDairyProducts/main/"
215,"SOY_SOLID","DAIRY_SOLID","DAIRY_SEMI","SOY_LIQ","SOY_SEMI","DAIRY_LIQ","<strong>Yuba (tofu skin)</strong><br><br>This product is a rubbery, firm, soy-based food product made from coagulated soy milk. It has a rubbery, firm consistency that holds its shape, and are easy to chew. The product is typically consumed warm.","<strong>Cheese from cow’s milk</strong><br><br>This product is a firm dairy-based food product made from cow’s milk. Often known as cheese for pizza. When heated it has a smooth, creamy to chewy, elastic consistency. The product is typically consumed warm or at room temperature.","<strong>Yoghurt from cow’s milk</strong><br><br>This product is a creamy, dairy-based food product made from fermented cow’s milk. It has a creamy consistency and can be eaten with a spoon. The product is typically consumed cold.","<strong>Soy milk</strong><br><br>This product is a liquid, soy-based food product made from soybeans. It has a uniform, liquid consistency and can be poured and drunk. The product is typically consumed cold or at room temperature.","<strong>Douhua</strong><br><br>This product is a soft, firm, soy-based food product made from coagulated soymilk. It has a soft, firm consistency that holds its shape but can be easily divided with a spoon. The product is typically consumed cold or warm.","<strong>Cow’s milk</strong><br><br>This product is a liquid, dairy-based food product made from cow’s milk. It has a uniform, liquid consistency and can be poured and drunk. The product is typically consumed cold or at room temperature.","https://raw.githubusercontent.com/HjorthenA/SoyDairyProducts/main/"
216,"DAIRY_SOLID","SOY_LIQ","SOY_SOLID","DAIRY_LIQ","DAIRY_SEMI","SOY_SEMI","<strong>Cheese from cow’s milk</strong><br><br>This product is a firm dairy-based food product made from cow’s milk. Often known as cheese for pizza. When heated it has a smooth, creamy to chewy, elastic consistency. The product is typically consumed warm or at room temperature.","<strong>Soy milk</strong><br><br>This product is a liquid, soy-based food product made from soybeans. It has a uniform, liquid consistency and can be poured and drunk. The product is typically consumed cold or at room temperature.","<strong>Yuba (tofu skin)</strong><br><br>This product is a rubbery, firm, soy-based food product made from coagulated soy milk. It has a rubbery, firm consistency that holds its shape, and are easy to chew. The product is typically consumed warm.","<strong>Cow’s milk</strong><br><br>This product is a liquid, dairy-based food product made from cow’s milk. It has a uniform, liquid consistency and can be poured and drunk. The product is typically consumed cold or at room temperature.","<strong>Yoghurt from cow’s milk</strong><br><br>This product is a creamy, dairy-based food product made from fermented cow’s milk. It has a creamy consistency and can be eaten with a spoon. The product is typically consumed cold.","<strong>Douhua</strong><br><br>This product is a soft, firm, soy-based food product made from coagulated soymilk. It has a soft, firm consistency that holds its shape but can be easily divided with a spoon. The product is typically consumed cold or warm.","https://raw.githubusercontent.com/HjorthenA/SoyDairyProducts/main/"
217,"SOY_LIQ","DAIRY_LIQ","DAIRY_SOLID","SOY_SEMI","SOY_SOLID","DAIRY_SEMI","<strong>Soy milk</strong><br><br>This product is a liquid, soy-based food product made from soybeans. It has a uniform, liquid consistency and can be poured and drunk. The product is typically consumed cold or at room temperature.","<strong>Cow’s milk</strong><br><br>This product is a liquid, dairy-based food product made from cow’s milk. It has a uniform, liquid consistency and can be poured and drunk. The product is typically consumed cold or at room temperature.","<strong>Cheese from cow’s milk</strong><br><br>This product is a firm dairy-based food product made from cow’s milk. Often known as cheese for pizza. When heated it has a smooth, creamy to chewy, elastic consistency. The product is typically consumed warm or at room temperature.","<strong>Douhua</strong><br><br>This product is a soft, firm, soy-based food product made from coagulated soymilk. It has a soft, firm consistency that holds its shape but can be easily divided with a spoon. The product is typically consumed cold or warm.","<strong>Yuba (tofu skin)</strong><br><br>This product is a rubbery, firm, soy-based food product made from coagulated soy milk. It has a rubbery, firm consistency that holds its shape, and are easy to chew. The product is typically consumed warm.","<strong>Yoghurt from cow’s milk</strong><br><br>This product is a creamy, dairy-based food product made from fermented cow’s milk. It has a creamy consistency and can be eaten with a spoon. The product is typically consumed cold.","https://raw.githubusercontent.com/HjorthenA/SoyDairyProducts/main/"
218,"DAIRY_LIQ","SOY_SEMI","SOY_LIQ","DAIRY_SEMI","DAIRY_SOLID","SOY_SOLID","<strong>Cow’s milk</strong><br><br>This product is a liquid, dairy-based food product made from cow’s milk. It has a uniform, liquid consistency and can be poured and drunk. The product is typically consumed cold or at room temperature.","<strong>Douhua</strong><br><br>This product is a soft, firm, soy-based food product made from coagulated soymilk. It has a soft, firm consistency that holds its shape but can be easily divided with a spoon. The product is typically consumed cold or warm.","<strong>Soy milk</strong><br><br>This product is a liquid, soy-based food product made from soybeans. It has a uniform, liquid consistency and can be poured and drunk. The product is typically consumed cold or at room temperature.","<strong>Yoghurt from cow’s milk</strong><br><br>This product is a creamy, dairy-based food product made from fermented cow’s milk. It has a creamy consistency and can be eaten with a spoon. The product is typically consumed cold.","<strong>Cheese from cow’s milk</strong><br><br>This product is a firm dairy-based food product made from cow’s milk. Often known as cheese for pizza. When heated it has a smooth, creamy to chewy, elastic consistency. The product is typically consumed warm or at room temperature.","<strong>Yuba (tofu skin)</strong><br><br>This product is a rubbery, firm, soy-based food product made from coagulated soy milk. It has a rubbery, firm consistency that holds its shape, and are easy to chew. The product is typically consumed warm.","https://raw.githubusercontent.com/HjorthenA/SoyDairyProducts/main/"
219,"SOY_SEMI","DAIRY_SEMI","DAIRY_LIQ","SOY_SOLID","SOY_LIQ","DAIRY_SOLID","<strong>Douhua</strong><br><br>This product is a soft, firm, soy-based food product made from coagulated soymilk. It has a soft, firm consistency that holds its shape but can be easily divided with a spoon. The product is typically consumed cold or warm.","<strong>Yoghurt from cow’s milk</strong><br><br>This product is a creamy, dairy-based food product made from fermented cow’s milk. It has a creamy consistency and can be eaten with a spoon. The product is typically consumed cold.","<strong>Cow’s milk</strong><br><br>This product is a liquid, dairy-based food product made from cow’s milk. It has a uniform, liquid consistency and can be poured and drunk. The product is typically consumed cold or at room temperature.","<strong>Yuba (tofu skin)</strong><br><br>This product is a rubbery, firm, soy-based food product made from coagulated soy milk. It has a rubbery, firm consistency that holds its shape, and are easy to chew. The product is typically consumed warm.","<strong>Soy milk</strong><br><br>This product is a liquid, soy-based food product made from soybeans. It has a uniform, liquid consistency and can be poured and drunk. The product is typically consumed cold or at room temperature.","<strong>Cheese from cow’s milk</strong><br><br>This product is a firm dairy-based food product made from cow’s milk. Often known as cheese for pizza. When heated it has a smooth, creamy to chewy, elastic consistency. The product is typically consumed warm or at room temperature.","https://raw.githubusercontent.com/HjorthenA/SoyDairyProducts/main/"
220,"DAIRY_SEMI","SOY_SOLID","SOY_SEMI","DAIRY_SOLID","DAIRY_LIQ","SOY_LIQ","<strong>Yoghurt from cow’s milk</strong><br><br>This product is a creamy, dairy-based food product made from fermented cow’s milk. It has a creamy consistency and can be eaten with a spoon. The product is typically consumed cold.","<strong>Yuba (tofu skin)</strong><br><br>This product is a rubbery, firm, soy-based food product made from coagulated soy milk. It has a rubbery, firm consistency that holds its shape, and are easy to chew. The product is typically consumed warm.","<strong>Douhua</strong><br><br>This product is a soft, firm, soy-based food product made from coagulated soymilk. It has a soft, firm consistency that holds its shape but can be easily divided with a spoon. The product is typically consumed cold or warm.","<strong>Cheese from cow’s milk</strong><br><br>This product is a firm dairy-based food product made from cow’s milk. Often known as cheese for pizza. When heated it has a smooth, creamy to chewy, elastic consistency. The product is typically consumed warm or at room temperature.","<strong>Cow’s milk</strong><br><br>This product is a liquid, dairy-based food product made from cow’s milk. It has a uniform, liquid consistency and can be poured and drunk. The product is typically consumed cold or at room temperature.","<strong>Soy milk</strong><br><br>This product is a liquid, soy-based food product made from soybeans. It has a uniform, liquid consistency and can be poured and drunk. The product is typically consumed cold or at room temperature.","https://raw.githubusercontent.com/HjorthenA/SoyDairyProducts/main/"
221,"SOY_SOLID","DAIRY_SOLID","DAIRY_SEMI","SOY_LIQ","SOY_SEMI","DAIRY_LIQ","<strong>Yuba (tofu skin)</strong><br><br>This product is a rubbery, firm, soy-based food product made from coagulated soy milk. It has a rubbery, firm consistency that holds its shape, and are easy to chew. The product is typically consumed warm.","<strong>Cheese from cow’s milk</strong><br><br>This product is a firm dairy-based food product made from cow’s milk. Often known as cheese for pizza. When heated it has a smooth, creamy to chewy, elastic consistency. The product is typically consumed warm or at room temperature.","<strong>Yoghurt from cow’s milk</strong><br><br>This product is a creamy, dairy-based food product made from fermented cow’s milk. It has a creamy consistency and can be eaten with a spoon. The product is typically consumed cold.","<strong>Soy milk</strong><br><br>This product is a liquid, soy-based food product made from soybeans. It has a uniform, liquid consistency and can be poured and drunk. The product is typically consumed cold or at room temperature.","<strong>Douhua</strong><br><br>This product is a soft, firm, soy-based food product made from coagulated soymilk. It has a soft, firm consistency that holds its shape but can be easily divided with a spoon. The product is typically consumed cold or warm.","<strong>Cow’s milk</strong><br><br>This product is a liquid, dairy-based food product made from cow’s milk. It has a uniform, liquid consistency and can be poured and drunk. The product is typically consumed cold or at room temperature.","https://raw.githubusercontent.com/HjorthenA/SoyDairyProducts/main/"
222,"DAIRY_SOLID","SOY_LIQ","SOY_SOLID","DAIRY_LIQ","DAIRY_SEMI","SOY_SEMI","<strong>Cheese from cow’s milk</strong><br><br>This product is a firm dairy-based food product made from cow’s milk. Often known as cheese for pizza. When heated it has a smooth, creamy to chewy, elastic consistency. The product is typically consumed warm or at room temperature.","<strong>Soy milk</strong><br><br>This product is a liquid, soy-based food product made from soybeans. It has a uniform, liquid consistency and can be poured and drunk. The product is typically consumed cold or at room temperature.","<strong>Yuba (tofu skin)</strong><br><br>This product is a rubbery, firm, soy-based food product made from coagulated soy milk. It has a rubbery, firm consistency that holds its shape, and are easy to chew. The product is typically consumed warm.","<strong>Cow’s milk</strong><br><br>This product is a liquid, dairy-based food product made from cow’s milk. It has a uniform, liquid consistency and can be poured and drunk. The product is typically consumed cold or at room temperature.","<strong>Yoghurt from cow’s milk</strong><br><br>This product is a creamy, dairy-based food product made from fermented cow’s milk. It has a creamy consistency and can be eaten with a spoon. The product is typically consumed cold.","<strong>Douhua</strong><br><br>This product is a soft, firm, soy-based food product made from coagulated soymilk. It has a soft, firm consistency that holds its shape but can be easily divided with a spoon. The product is typically consumed cold or warm.","https://raw.githubusercontent.com/HjorthenA/SoyDairyProducts/main/"
223,"SOY_LIQ","DAIRY_LIQ","DAIRY_SOLID","SOY_SEMI","SOY_SOLID","DAIRY_SEMI","<strong>Soy milk</strong><br><br>This product is a liquid, soy-based food product made from soybeans. It has a uniform, liquid consistency and can be poured and drunk. The product is typically consumed cold or at room temperature.","<strong>Cow’s milk</strong><br><br>This product is a liquid, dairy-based food product made from cow’s milk. It has a uniform, liquid consistency and can be poured and drunk. The product is typically consumed cold or at room temperature.","<strong>Cheese from cow’s milk</strong><br><br>This product is a firm dairy-based food product made from cow’s milk. Often known as cheese for pizza. When heated it has a smooth, creamy to chewy, elastic consistency. The product is typically consumed warm or at room temperature.","<strong>Douhua</strong><br><br>This product is a soft, firm, soy-based food product made from coagulated soymilk. It has a soft, firm consistency that holds its shape but can be easily divided with a spoon. The product is typically consumed cold or warm.","<strong>Yuba (tofu skin)</strong><br><br>This product is a rubbery, firm, soy-based food product made from coagulated soy milk. It has a rubbery, firm consistency that holds its shape, and are easy to chew. The product is typically consumed warm.","<strong>Yoghurt from cow’s milk</strong><br><br>This product is a creamy, dairy-based food product made from fermented cow’s milk. It has a creamy consistency and can be eaten with a spoon. The product is typically consumed cold.","https://raw.githubusercontent.com/HjorthenA/SoyDairyProducts/main/"
224,"DAIRY_LIQ","SOY_SEMI","SOY_LIQ","DAIRY_SEMI","DAIRY_SOLID","SOY_SOLID","<strong>Cow’s milk</strong><br><br>This product is a liquid, dairy-based food product made from cow’s milk. It has a uniform, liquid consistency and can be poured and drunk. The product is typically consumed cold or at room temperature.","<strong>Douhua</strong><br><br>This product is a soft, firm, soy-based food product made from coagulated soymilk. It has a soft, firm consistency that holds its shape but can be easily divided with a spoon. The product is typically consumed cold or warm.","<strong>Soy milk</strong><br><br>This product is a liquid, soy-based food product made from soybeans. It has a uniform, liquid consistency and can be poured and drunk. The product is typically consumed cold or at room temperature.","<strong>Yoghurt from cow’s milk</strong><br><br>This product is a creamy, dairy-based food product made from fermented cow’s milk. It has a creamy consistency and can be eaten with a spoon. The product is typically consumed cold.","<strong>Cheese from cow’s milk</strong><br><br>This product is a firm dairy-based food product made from cow’s milk. Often known as cheese for pizza. When heated it has a smooth, creamy to chewy, elastic consistency. The product is typically consumed warm or at room temperature.","<strong>Yuba (tofu skin)</strong><br><br>This product is a rubbery, firm, soy-based food product made from coagulated soy milk. It has a rubbery, firm consistency that holds its shape, and are easy to chew. The product is typically consumed warm.","https://raw.githubusercontent.com/HjorthenA/SoyDairyProducts/main/"
225,"SOY_SEMI","DAIRY_SEMI","DAIRY_LIQ","SOY_SOLID","SOY_LIQ","DAIRY_SOLID","<strong>Douhua</strong><br><br>This product is a soft, firm, soy-based food product made from coagulated soymilk. It has a soft, firm consistency that holds its shape but can be easily divided with a spoon. The product is typically consumed cold or warm.","<strong>Yoghurt from cow’s milk</strong><br><br>This product is a creamy, dairy-based food product made from fermented cow’s milk. It has a creamy consistency and can be eaten with a spoon. The product is typically consumed cold.","<strong>Cow’s milk</strong><br><br>This product is a liquid, dairy-based food product made from cow’s milk. It has a uniform, liquid consistency and can be poured and drunk. The product is typically consumed cold or at room temperature.","<strong>Yuba (tofu skin)</strong><br><br>This product is a rubbery, firm, soy-based food product made from coagulated soy milk. It has a rubbery, firm consistency that holds its shape, and are easy to chew. The product is typically consumed warm.","<strong>Soy milk</strong><br><br>This product is a liquid, soy-based food product made from soybeans. It has a uniform, liquid consistency and can be poured and drunk. The product is typically consumed cold or at room temperature.","<strong>Cheese from cow’s milk</strong><br><br>This product is a firm dairy-based food product made from cow’s milk. Often known as cheese for pizza. When heated it has a smooth, creamy to chewy, elastic consistency. The product is typically consumed warm or at room temperature.","https://raw.githubusercontent.com/HjorthenA/SoyDairyProducts/main/"
226,"DAIRY_SEMI","SOY_SOLID","SOY_SEMI","DAIRY_SOLID","DAIRY_LIQ","SOY_LIQ","<strong>Yoghurt from cow’s milk</strong><br><br>This product is a creamy, dairy-based food product made from fermented cow’s milk. It has a creamy consistency and can be eaten with a spoon. The product is typically consumed cold.","<strong>Yuba (tofu skin)</strong><br><br>This product is a rubbery, firm, soy-based food product made from coagulated soy milk. It has a rubbery, firm consistency that holds its shape, and are easy to chew. The product is typically consumed warm.","<strong>Douhua</strong><br><br>This product is a soft, firm, soy-based food product made from coagulated soymilk. It has a soft, firm consistency that holds its shape but can be easily divided with a spoon. The product is typically consumed cold or warm.","<strong>Cheese from cow’s milk</strong><br><br>This product is a firm dairy-based food product made from cow’s milk. Often known as cheese for pizza. When heated it has a smooth, creamy to chewy, elastic consistency. The product is typically consumed warm or at room temperature.","<strong>Cow’s milk</strong><br><br>This product is a liquid, dairy-based food product made from cow’s milk. It has a uniform, liquid consistency and can be poured and drunk. The product is typically consumed cold or at room temperature.","<strong>Soy milk</strong><br><br>This product is a liquid, soy-based food product made from soybeans. It has a uniform, liquid consistency and can be poured and drunk. The product is typically consumed cold or at room temperature.","https://raw.githubusercontent.com/HjorthenA/SoyDairyProducts/main/"
227,"SOY_SOLID","DAIRY_SOLID","DAIRY_SEMI","SOY_LIQ","SOY_SEMI","DAIRY_LIQ","<strong>Yuba (tofu skin)</strong><br><br>This product is a rubbery, firm, soy-based food product made from coagulated soy milk. It has a rubbery, firm consistency that holds its shape, and are easy to chew. The product is typically consumed warm.","<strong>Cheese from cow’s milk</strong><br><br>This product is a firm dairy-based food product made from cow’s milk. Often known as cheese for pizza. When heated it has a smooth, creamy to chewy, elastic consistency. The product is typically consumed warm or at room temperature.","<strong>Yoghurt from cow’s milk</strong><br><br>This product is a creamy, dairy-based food product made from fermented cow’s milk. It has a creamy consistency and can be eaten with a spoon. The product is typically consumed cold.","<strong>Soy milk</strong><br><br>This product is a liquid, soy-based food product made from soybeans. It has a uniform, liquid consistency and can be poured and drunk. The product is typically consumed cold or at room temperature.","<strong>Douhua</strong><br><br>This product is a soft, firm, soy-based food product made from coagulated soymilk. It has a soft, firm consistency that holds its shape but can be easily divided with a spoon. The product is typically consumed cold or warm.","<strong>Cow’s milk</strong><br><br>This product is a liquid, dairy-based food product made from cow’s milk. It has a uniform, liquid consistency and can be poured and drunk. The product is typically consumed cold or at room temperature.","https://raw.githubusercontent.com/HjorthenA/SoyDairyProducts/main/"
228,"DAIRY_SOLID","SOY_LIQ","SOY_SOLID","DAIRY_LIQ","DAIRY_SEMI","SOY_SEMI","<strong>Cheese from cow’s milk</strong><br><br>This product is a firm dairy-based food product made from cow’s milk. Often known as cheese for pizza. When heated it has a smooth, creamy to chewy, elastic consistency. The product is typically consumed warm or at room temperature.","<strong>Soy milk</strong><br><br>This product is a liquid, soy-based food product made from soybeans. It has a uniform, liquid consistency and can be poured and drunk. The product is typically consumed cold or at room temperature.","<strong>Yuba (tofu skin)</strong><br><br>This product is a rubbery, firm, soy-based food product made from coagulated soy milk. It has a rubbery, firm consistency that holds its shape, and are easy to chew. The product is typically consumed warm.","<strong>Cow’s milk</strong><br><br>This product is a liquid, dairy-based food product made from cow’s milk. It has a uniform, liquid consistency and can be poured and drunk. The product is typically consumed cold or at room temperature.","<strong>Yoghurt from cow’s milk</strong><br><br>This product is a creamy, dairy-based food product made from fermented cow’s milk. It has a creamy consistency and can be eaten with a spoon. The product is typically consumed cold.","<strong>Douhua</strong><br><br>This product is a soft, firm, soy-based food product made from coagulated soymilk. It has a soft, firm consistency that holds its shape but can be easily divided with a spoon. The product is typically consumed cold or warm.","https://raw.githubusercontent.com/HjorthenA/SoyDairyProducts/main/"
229,"SOY_LIQ","DAIRY_LIQ","DAIRY_SOLID","SOY_SEMI","SOY_SOLID","DAIRY_SEMI","<strong>Soy milk</strong><br><br>This product is a liquid, soy-based food product made from soybeans. It has a uniform, liquid consistency and can be poured and drunk. The product is typically consumed cold or at room temperature.","<strong>Cow’s milk</strong><br><br>This product is a liquid, dairy-based food product made from cow’s milk. It has a uniform, liquid consistency and can be poured and drunk. The product is typically consumed cold or at room temperature.","<strong>Cheese from cow’s milk</strong><br><br>This product is a firm dairy-based food product made from cow’s milk. Often known as cheese for pizza. When heated it has a smooth, creamy to chewy, elastic consistency. The product is typically consumed warm or at room temperature.","<strong>Douhua</strong><br><br>This product is a soft, firm, soy-based food product made from coagulated soymilk. It has a soft, firm consistency that holds its shape but can be easily divided with a spoon. The product is typically consumed cold or warm.","<strong>Yuba (tofu skin)</strong><br><br>This product is a rubbery, firm, soy-based food product made from coagulated soy milk. It has a rubbery, firm consistency that holds its shape, and are easy to chew. The product is typically consumed warm.","<strong>Yoghurt from cow’s milk</strong><br><br>This product is a creamy, dairy-based food product made from fermented cow’s milk. It has a creamy consistency and can be eaten with a spoon. The product is typically consumed cold.","https://raw.githubusercontent.com/HjorthenA/SoyDairyProducts/main/"
230,"DAIRY_LIQ","SOY_SEMI","SOY_LIQ","DAIRY_SEMI","DAIRY_SOLID","SOY_SOLID","<strong>Cow’s milk</strong><br><br>This product is a liquid, dairy-based food product made from cow’s milk. It has a uniform, liquid consistency and can be poured and drunk. The product is typically consumed cold or at room temperature.","<strong>Douhua</strong><br><br>This product is a soft, firm, soy-based food product made from coagulated soymilk. It has a soft, firm consistency that holds its shape but can be easily divided with a spoon. The product is typically consumed cold or warm.","<strong>Soy milk</strong><br><br>This product is a liquid, soy-based food product made from soybeans. It has a uniform, liquid consistency and can be poured and drunk. The product is typically consumed cold or at room temperature.","<strong>Yoghurt from cow’s milk</strong><br><br>This product is a creamy, dairy-based food product made from fermented cow’s milk. It has a creamy consistency and can be eaten with a spoon. The product is typically consumed cold.","<strong>Cheese from cow’s milk</strong><br><br>This product is a firm dairy-based food product made from cow’s milk. Often known as cheese for pizza. When heated it has a smooth, creamy to chewy, elastic consistency. The product is typically consumed warm or at room temperature.","<strong>Yuba (tofu skin)</strong><br><br>This product is a rubbery, firm, soy-based food product made from coagulated soy milk. It has a rubbery, firm consistency that holds its shape, and are easy to chew. The product is typically consumed warm.","https://raw.githubusercontent.com/HjorthenA/SoyDairyProducts/main/"
231,"SOY_SEMI","DAIRY_SEMI","DAIRY_LIQ","SOY_SOLID","SOY_LIQ","DAIRY_SOLID","<strong>Douhua</strong><br><br>This product is a soft, firm, soy-based food product made from coagulated soymilk. It has a soft, firm consistency that holds its shape but can be easily divided with a spoon. The product is typically consumed cold or warm.","<strong>Yoghurt from cow’s milk</strong><br><br>This product is a creamy, dairy-based food product made from fermented cow’s milk. It has a creamy consistency and can be eaten with a spoon. The product is typically consumed cold.","<strong>Cow’s milk</strong><br><br>This product is a liquid, dairy-based food product made from cow’s milk. It has a uniform, liquid consistency and can be poured and drunk. The product is typically consumed cold or at room temperature.","<strong>Yuba (tofu skin)</strong><br><br>This product is a rubbery, firm, soy-based food product made from coagulated soy milk. It has a rubbery, firm consistency that holds its shape, and are easy to chew. The product is typically consumed warm.","<strong>Soy milk</strong><br><br>This product is a liquid, soy-based food product made from soybeans. It has a uniform, liquid consistency and can be poured and drunk. The product is typically consumed cold or at room temperature.","<strong>Cheese from cow’s milk</strong><br><br>This product is a firm dairy-based food product made from cow’s milk. Often known as cheese for pizza. When heated it has a smooth, creamy to chewy, elastic consistency. The product is typically consumed warm or at room temperature.","https://raw.githubusercontent.com/HjorthenA/SoyDairyProducts/main/"
232,"DAIRY_SEMI","SOY_SOLID","SOY_SEMI","DAIRY_SOLID","DAIRY_LIQ","SOY_LIQ","<strong>Yoghurt from cow’s milk</strong><br><br>This product is a creamy, dairy-based food product made from fermented cow’s milk. It has a creamy consistency and can be eaten with a spoon. The product is typically consumed cold.","<strong>Yuba (tofu skin)</strong><br><br>This product is a rubbery, firm, soy-based food product made from coagulated soy milk. It has a rubbery, firm consistency that holds its shape, and are easy to chew. The product is typically consumed warm.","<strong>Douhua</strong><br><br>This product is a soft, firm, soy-based food product made from coagulated soymilk. It has a soft, firm consistency that holds its shape but can be easily divided with a spoon. The product is typically consumed cold or warm.","<strong>Cheese from cow’s milk</strong><br><br>This product is a firm dairy-based food product made from cow’s milk. Often known as cheese for pizza. When heated it has a smooth, creamy to chewy, elastic consistency. The product is typically consumed warm or at room temperature.","<strong>Cow’s milk</strong><br><br>This product is a liquid, dairy-based food product made from cow’s milk. It has a uniform, liquid consistency and can be poured and drunk. The product is typically consumed cold or at room temperature.","<strong>Soy milk</strong><br><br>This product is a liquid, soy-based food product made from soybeans. It has a uniform, liquid consistency and can be poured and drunk. The product is typically consumed cold or at room temperature.","https://raw.githubusercontent.com/HjorthenA/SoyDairyProducts/main/"
233,"SOY_SOLID","DAIRY_SOLID","DAIRY_SEMI","SOY_LIQ","SOY_SEMI","DAIRY_LIQ","<strong>Yuba (tofu skin)</strong><br><br>This product is a rubbery, firm, soy-based food product made from coagulated soy milk. It has a rubbery, firm consistency that holds its shape, and are easy to chew. The product is typically consumed warm.","<strong>Cheese from cow’s milk</strong><br><br>This product is a firm dairy-based food product made from cow’s milk. Often known as cheese for pizza. When heated it has a smooth, creamy to chewy, elastic consistency. The product is typically consumed warm or at room temperature.","<strong>Yoghurt from cow’s milk</strong><br><br>This product is a creamy, dairy-based food product made from fermented cow’s milk. It has a creamy consistency and can be eaten with a spoon. The product is typically consumed cold.","<strong>Soy milk</strong><br><br>This product is a liquid, soy-based food product made from soybeans. It has a uniform, liquid consistency and can be poured and drunk. The product is typically consumed cold or at room temperature.","<strong>Douhua</strong><br><br>This product is a soft, firm, soy-based food product made from coagulated soymilk. It has a soft, firm consistency that holds its shape but can be easily divided with a spoon. The product is typically consumed cold or warm.","<strong>Cow’s milk</strong><br><br>This product is a liquid, dairy-based food product made from cow’s milk. It has a uniform, liquid consistency and can be poured and drunk. The product is typically consumed cold or at room temperature.","https://raw.githubusercontent.com/HjorthenA/SoyDairyProducts/main/"
234,"DAIRY_SOLID","SOY_LIQ","SOY_SOLID","DAIRY_LIQ","DAIRY_SEMI","SOY_SEMI","<strong>Cheese from cow’s milk</strong><br><br>This product is a firm dairy-based food product made from cow’s milk. Often known as cheese for pizza. When heated it has a smooth, creamy to chewy, elastic consistency. The product is typically consumed warm or at room temperature.","<strong>Soy milk</strong><br><br>This product is a liquid, soy-based food product made from soybeans. It has a uniform, liquid consistency and can be poured and drunk. The product is typically consumed cold or at room temperature.","<strong>Yuba (tofu skin)</strong><br><br>This product is a rubbery, firm, soy-based food product made from coagulated soy milk. It has a rubbery, firm consistency that holds its shape, and are easy to chew. The product is typically consumed warm.","<strong>Cow’s milk</strong><br><br>This product is a liquid, dairy-based food product made from cow’s milk. It has a uniform, liquid consistency and can be poured and drunk. The product is typically consumed cold or at room temperature.","<strong>Yoghurt from cow’s milk</strong><br><br>This product is a creamy, dairy-based food product made from fermented cow’s milk. It has a creamy consistency and can be eaten with a spoon. The product is typically consumed cold.","<strong>Douhua</strong><br><br>This product is a soft, firm, soy-based food product made from coagulated soymilk. It has a soft, firm consistency that holds its shape but can be easily divided with a spoon. The product is typically consumed cold or warm.","https://raw.githubusercontent.com/HjorthenA/SoyDairyProducts/main/"
235,"SOY_LIQ","DAIRY_LIQ","DAIRY_SOLID","SOY_SEMI","SOY_SOLID","DAIRY_SEMI","<strong>Soy milk</strong><br><br>This product is a liquid, soy-based food product made from soybeans. It has a uniform, liquid consistency and can be poured and drunk. The product is typically consumed cold or at room temperature.","<strong>Cow’s milk</strong><br><br>This product is a liquid, dairy-based food product made from cow’s milk. It has a uniform, liquid consistency and can be poured and drunk. The product is typically consumed cold or at room temperature.","<strong>Cheese from cow’s milk</strong><br><br>This product is a firm dairy-based food product made from cow’s milk. Often known as cheese for pizza. When heated it has a smooth, creamy to chewy, elastic consistency. The product is typically consumed warm or at room temperature.","<strong>Douhua</strong><br><br>This product is a soft, firm, soy-based food product made from coagulated soymilk. It has a soft, firm consistency that holds its shape but can be easily divided with a spoon. The product is typically consumed cold or warm.","<strong>Yuba (tofu skin)</strong><br><br>This product is a rubbery, firm, soy-based food product made from coagulated soy milk. It has a rubbery, firm consistency that holds its shape, and are easy to chew. The product is typically consumed warm.","<strong>Yoghurt from cow’s milk</strong><br><br>This product is a creamy, dairy-based food product made from fermented cow’s milk. It has a creamy consistency and can be eaten with a spoon. The product is typically consumed cold.","https://raw.githubusercontent.com/HjorthenA/SoyDairyProducts/main/"
236,"DAIRY_LIQ","SOY_SEMI","SOY_LIQ","DAIRY_SEMI","DAIRY_SOLID","SOY_SOLID","<strong>Cow’s milk</strong><br><br>This product is a liquid, dairy-based food product made from cow’s milk. It has a uniform, liquid consistency and can be poured and drunk. The product is typically consumed cold or at room temperature.","<strong>Douhua</strong><br><br>This product is a soft, firm, soy-based food product made from coagulated soymilk. It has a soft, firm consistency that holds its shape but can be easily divided with a spoon. The product is typically consumed cold or warm.","<strong>Soy milk</strong><br><br>This product is a liquid, soy-based food product made from soybeans. It has a uniform, liquid consistency and can be poured and drunk. The product is typically consumed cold or at room temperature.","<strong>Yoghurt from cow’s milk</strong><br><br>This product is a creamy, dairy-based food product made from fermented cow’s milk. It has a creamy consistency and can be eaten with a spoon. The product is typically consumed cold.","<strong>Cheese from cow’s milk</strong><br><br>This product is a firm dairy-based food product made from cow’s milk. Often known as cheese for pizza. When heated it has a smooth, creamy to chewy, elastic consistency. The product is typically consumed warm or at room temperature.","<strong>Yuba (tofu skin)</strong><br><br>This product is a rubbery, firm, soy-based food product made from coagulated soy milk. It has a rubbery, firm consistency that holds its shape, and are easy to chew. The product is typically consumed warm.","https://raw.githubusercontent.com/HjorthenA/SoyDairyProducts/main/"
237,"SOY_SEMI","DAIRY_SEMI","DAIRY_LIQ","SOY_SOLID","SOY_LIQ","DAIRY_SOLID","<strong>Douhua</strong><br><br>This product is a soft, firm, soy-based food product made from coagulated soymilk. It has a soft, firm consistency that holds its shape but can be easily divided with a spoon. The product is typically consumed cold or warm.","<strong>Yoghurt from cow’s milk</strong><br><br>This product is a creamy, dairy-based food product made from fermented cow’s milk. It has a creamy consistency and can be eaten with a spoon. The product is typically consumed cold.","<strong>Cow’s milk</strong><br><br>This product is a liquid, dairy-based food product made from cow’s milk. It has a uniform, liquid consistency and can be poured and drunk. The product is typically consumed cold or at room temperature.","<strong>Yuba (tofu skin)</strong><br><br>This product is a rubbery, firm, soy-based food product made from coagulated soy milk. It has a rubbery, firm consistency that holds its shape, and are easy to chew. The product is typically consumed warm.","<strong>Soy milk</strong><br><br>This product is a liquid, soy-based food product made from soybeans. It has a uniform, liquid consistency and can be poured and drunk. The product is typically consumed cold or at room temperature.","<strong>Cheese from cow’s milk</strong><br><br>This product is a firm dairy-based food product made from cow’s milk. Often known as cheese for pizza. When heated it has a smooth, creamy to chewy, elastic consistency. The product is typically consumed warm or at room temperature.","https://raw.githubusercontent.com/HjorthenA/SoyDairyProducts/main/"
238,"DAIRY_SEMI","SOY_SOLID","SOY_SEMI","DAIRY_SOLID","DAIRY_LIQ","SOY_LIQ","<strong>Yoghurt from cow’s milk</strong><br><br>This product is a creamy, dairy-based food product made from fermented cow’s milk. It has a creamy consistency and can be eaten with a spoon. The product is typically consumed cold.","<strong>Yuba (tofu skin)</strong><br><br>This product is a rubbery, firm, soy-based food product made from coagulated soy milk. It has a rubbery, firm consistency that holds its shape, and are easy to chew. The product is typically consumed warm.","<strong>Douhua</strong><br><br>This product is a soft, firm, soy-based food product made from coagulated soymilk. It has a soft, firm consistency that holds its shape but can be easily divided with a spoon. The product is typically consumed cold or warm.","<strong>Cheese from cow’s milk</strong><br><br>This product is a firm dairy-based food product made from cow’s milk. Often known as cheese for pizza. When heated it has a smooth, creamy to chewy, elastic consistency. The product is typically consumed warm or at room temperature.","<strong>Cow’s milk</strong><br><br>This product is a liquid, dairy-based food product made from cow’s milk. It has a uniform, liquid consistency and can be poured and drunk. The product is typically consumed cold or at room temperature.","<strong>Soy milk</strong><br><br>This product is a liquid, soy-based food product made from soybeans. It has a uniform, liquid consistency and can be poured and drunk. The product is typically consumed cold or at room temperature.","https://raw.githubusercontent.com/HjorthenA/SoyDairyProducts/main/"
239,"SOY_SOLID","DAIRY_SOLID","DAIRY_SEMI","SOY_LIQ","SOY_SEMI","DAIRY_LIQ","<strong>Yuba (tofu skin)</strong><br><br>This product is a rubbery, firm, soy-based food product made from coagulated soy milk. It has a rubbery, firm consistency that holds its shape, and are easy to chew. The product is typically consumed warm.","<strong>Cheese from cow’s milk</strong><br><br>This product is a firm dairy-based food product made from cow’s milk. Often known as cheese for pizza. When heated it has a smooth, creamy to chewy, elastic consistency. The product is typically consumed warm or at room temperature.","<strong>Yoghurt from cow’s milk</strong><br><br>This product is a creamy, dairy-based food product made from fermented cow’s milk. It has a creamy consistency and can be eaten with a spoon. The product is typically consumed cold.","<strong>Soy milk</strong><br><br>This product is a liquid, soy-based food product made from soybeans. It has a uniform, liquid consistency and can be poured and drunk. The product is typically consumed cold or at room temperature.","<strong>Douhua</strong><br><br>This product is a soft, firm, soy-based food product made from coagulated soymilk. It has a soft, firm consistency that holds its shape but can be easily divided with a spoon. The product is typically consumed cold or warm.","<strong>Cow’s milk</strong><br><br>This product is a liquid, dairy-based food product made from cow’s milk. It has a uniform, liquid consistency and can be poured and drunk. The product is typically consumed cold or at room temperature.","https://raw.githubusercontent.com/HjorthenA/SoyDairyProducts/main/"
240,"DAIRY_SOLID","SOY_LIQ","SOY_SOLID","DAIRY_LIQ","DAIRY_SEMI","SOY_SEMI","<strong>Cheese from cow’s milk</strong><br><br>This product is a firm dairy-based food product made from cow’s milk. Often known as cheese for pizza. When heated it has a smooth, creamy to chewy, elastic consistency. The product is typically consumed warm or at room temperature.","<strong>Soy milk</strong><br><br>This product is a liquid, soy-based food product made from soybeans. It has a uniform, liquid consistency and can be poured and drunk. The product is typically consumed cold or at room temperature.","<strong>Yuba (tofu skin)</strong><br><br>This product is a rubbery, firm, soy-based food product made from coagulated soy milk. It has a rubbery, firm consistency that holds its shape, and are easy to chew. The product is typically consumed warm.","<strong>Cow’s milk</strong><br><br>This product is a liquid, dairy-based food product made from cow’s milk. It has a uniform, liquid consistency and can be poured and drunk. The product is typically consumed cold or at room temperature.","<strong>Yoghurt from cow’s milk</strong><br><br>This product is a creamy, dairy-based food product made from fermented cow’s milk. It has a creamy consistency and can be eaten with a spoon. The product is typically consumed cold.","<strong>Douhua</strong><br><br>This product is a soft, firm, soy-based food product made from coagulated soymilk. It has a soft, firm consistency that holds its shape but can be easily divided with a spoon. The product is typically consumed cold or warm.","https://raw.githubusercontent.com/HjorthenA/SoyDairyProducts/main/"
241,"SOY_LIQ","DAIRY_LIQ","DAIRY_SOLID","SOY_SEMI","SOY_SOLID","DAIRY_SEMI","<strong>Soy milk</strong><br><br>This product is a liquid, soy-based food product made from soybeans. It has a uniform, liquid consistency and can be poured and drunk. The product is typically consumed cold or at room temperature.","<strong>Cow’s milk</strong><br><br>This product is a liquid, dairy-based food product made from cow’s milk. It has a uniform, liquid consistency and can be poured and drunk. The product is typically consumed cold or at room temperature.","<strong>Cheese from cow’s milk</strong><br><br>This product is a firm dairy-based food product made from cow’s milk. Often known as cheese for pizza. When heated it has a smooth, creamy to chewy, elastic consistency. The product is typically consumed warm or at room temperature.","<strong>Douhua</strong><br><br>This product is a soft, firm, soy-based food product made from coagulated soymilk. It has a soft, firm consistency that holds its shape but can be easily divided with a spoon. The product is typically consumed cold or warm.","<strong>Yuba (tofu skin)</strong><br><br>This product is a rubbery, firm, soy-based food product made from coagulated soy milk. It has a rubbery, firm consistency that holds its shape, and are easy to chew. The product is typically consumed warm.","<strong>Yoghurt from cow’s milk</strong><br><br>This product is a creamy, dairy-based food product made from fermented cow’s milk. It has a creamy consistency and can be eaten with a spoon. The product is typically consumed cold.","https://raw.githubusercontent.com/HjorthenA/SoyDairyProducts/main/"
242,"DAIRY_LIQ","SOY_SEMI","SOY_LIQ","DAIRY_SEMI","DAIRY_SOLID","SOY_SOLID","<strong>Cow’s milk</strong><br><br>This product is a liquid, dairy-based food product made from cow’s milk. It has a uniform, liquid consistency and can be poured and drunk. The product is typically consumed cold or at room temperature.","<strong>Douhua</strong><br><br>This product is a soft, firm, soy-based food product made from coagulated soymilk. It has a soft, firm consistency that holds its shape but can be easily divided with a spoon. The product is typically consumed cold or warm.","<strong>Soy milk</strong><br><br>This product is a liquid, soy-based food product made from soybeans. It has a uniform, liquid consistency and can be poured and drunk. The product is typically consumed cold or at room temperature.","<strong>Yoghurt from cow’s milk</strong><br><br>This product is a creamy, dairy-based food product made from fermented cow’s milk. It has a creamy consistency and can be eaten with a spoon. The product is typically consumed cold.","<strong>Cheese from cow’s milk</strong><br><br>This product is a firm dairy-based food product made from cow’s milk. Often known as cheese for pizza. When heated it has a smooth, creamy to chewy, elastic consistency. The product is typically consumed warm or at room temperature.","<strong>Yuba (tofu skin)</strong><br><br>This product is a rubbery, firm, soy-based food product made from coagulated soy milk. It has a rubbery, firm consistency that holds its shape, and are easy to chew. The product is typically consumed warm.","https://raw.githubusercontent.com/HjorthenA/SoyDairyProducts/main/"
243,"SOY_SEMI","DAIRY_SEMI","DAIRY_LIQ","SOY_SOLID","SOY_LIQ","DAIRY_SOLID","<strong>Douhua</strong><br><br>This product is a soft, firm, soy-based food product made from coagulated soymilk. It has a soft, firm consistency that holds its shape but can be easily divided with a spoon. The product is typically consumed cold or warm.","<strong>Yoghurt from cow’s milk</strong><br><br>This product is a creamy, dairy-based food product made from fermented cow’s milk. It has a creamy consistency and can be eaten with a spoon. The product is typically consumed cold.","<strong>Cow’s milk</strong><br><br>This product is a liquid, dairy-based food product made from cow’s milk. It has a uniform, liquid consistency and can be poured and drunk. The product is typically consumed cold or at room temperature.","<strong>Yuba (tofu skin)</strong><br><br>This product is a rubbery, firm, soy-based food product made from coagulated soy milk. It has a rubbery, firm consistency that holds its shape, and are easy to chew. The product is typically consumed warm.","<strong>Soy milk</strong><br><br>This product is a liquid, soy-based food product made from soybeans. It has a uniform, liquid consistency and can be poured and drunk. The product is typically consumed cold or at room temperature.","<strong>Cheese from cow’s milk</strong><br><br>This product is a firm dairy-based food product made from cow’s milk. Often known as cheese for pizza. When heated it has a smooth, creamy to chewy, elastic consistency. The product is typically consumed warm or at room temperature.","https://raw.githubusercontent.com/HjorthenA/SoyDairyProducts/main/"
244,"DAIRY_SEMI","SOY_SOLID","SOY_SEMI","DAIRY_SOLID","DAIRY_LIQ","SOY_LIQ","<strong>Yoghurt from cow’s milk</strong><br><br>This product is a creamy, dairy-based food product made from fermented cow’s milk. It has a creamy consistency and can be eaten with a spoon. The product is typically consumed cold.","<strong>Yuba (tofu skin)</strong><br><br>This product is a rubbery, firm, soy-based food product made from coagulated soy milk. It has a rubbery, firm consistency that holds its shape, and are easy to chew. The product is typically consumed warm.","<strong>Douhua</strong><br><br>This product is a soft, firm, soy-based food product made from coagulated soymilk. It has a soft, firm consistency that holds its shape but can be easily divided with a spoon. The product is typically consumed cold or warm.","<strong>Cheese from cow’s milk</strong><br><br>This product is a firm dairy-based food product made from cow’s milk. Often known as cheese for pizza. When heated it has a smooth, creamy to chewy, elastic consistency. The product is typically consumed warm or at room temperature.","<strong>Cow’s milk</strong><br><br>This product is a liquid, dairy-based food product made from cow’s milk. It has a uniform, liquid consistency and can be poured and drunk. The product is typically consumed cold or at room temperature.","<strong>Soy milk</strong><br><br>This product is a liquid, soy-based food product made from soybeans. It has a uniform, liquid consistency and can be poured and drunk. The product is typically consumed cold or at room temperature.","https://raw.githubusercontent.com/HjorthenA/SoyDairyProducts/main/"
245,"SOY_SOLID","DAIRY_SOLID","DAIRY_SEMI","SOY_LIQ","SOY_SEMI","DAIRY_LIQ","<strong>Yuba (tofu skin)</strong><br><br>This product is a rubbery, firm, soy-based food product made from coagulated soy milk. It has a rubbery, firm consistency that holds its shape, and are easy to chew. The product is typically consumed warm.","<strong>Cheese from cow’s milk</strong><br><br>This product is a firm dairy-based food product made from cow’s milk. Often known as cheese for pizza. When heated it has a smooth, creamy to chewy, elastic consistency. The product is typically consumed warm or at room temperature.","<strong>Yoghurt from cow’s milk</strong><br><br>This product is a creamy, dairy-based food product made from fermented cow’s milk. It has a creamy consistency and can be eaten with a spoon. The product is typically consumed cold.","<strong>Soy milk</strong><br><br>This product is a liquid, soy-based food product made from soybeans. It has a uniform, liquid consistency and can be poured and drunk. The product is typically consumed cold or at room temperature.","<strong>Douhua</strong><br><br>This product is a soft, firm, soy-based food product made from coagulated soymilk. It has a soft, firm consistency that holds its shape but can be easily divided with a spoon. The product is typically consumed cold or warm.","<strong>Cow’s milk</strong><br><br>This product is a liquid, dairy-based food product made from cow’s milk. It has a uniform, liquid consistency and can be poured and drunk. The product is typically consumed cold or at room temperature.","https://raw.githubusercontent.com/HjorthenA/SoyDairyProducts/main/"
246,"DAIRY_SOLID","SOY_LIQ","SOY_SOLID","DAIRY_LIQ","DAIRY_SEMI","SOY_SEMI","<strong>Cheese from cow’s milk</strong><br><br>This product is a firm dairy-based food product made from cow’s milk. Often known as cheese for pizza. When heated it has a smooth, creamy to chewy, elastic consistency. The product is typically consumed warm or at room temperature.","<strong>Soy milk</strong><br><br>This product is a liquid, soy-based food product made from soybeans. It has a uniform, liquid consistency and can be poured and drunk. The product is typically consumed cold or at room temperature.","<strong>Yuba (tofu skin)</strong><br><br>This product is a rubbery, firm, soy-based food product made from coagulated soy milk. It has a rubbery, firm consistency that holds its shape, and are easy to chew. The product is typically consumed warm.","<strong>Cow’s milk</strong><br><br>This product is a liquid, dairy-based food product made from cow’s milk. It has a uniform, liquid consistency and can be poured and drunk. The product is typically consumed cold or at room temperature.","<strong>Yoghurt from cow’s milk</strong><br><br>This product is a creamy, dairy-based food product made from fermented cow’s milk. It has a creamy consistency and can be eaten with a spoon. The product is typically consumed cold.","<strong>Douhua</strong><br><br>This product is a soft, firm, soy-based food product made from coagulated soymilk. It has a soft, firm consistency that holds its shape but can be easily divided with a spoon. The product is typically consumed cold or warm.","https://raw.githubusercontent.com/HjorthenA/SoyDairyProducts/main/"
247,"SOY_LIQ","DAIRY_LIQ","DAIRY_SOLID","SOY_SEMI","SOY_SOLID","DAIRY_SEMI","<strong>Soy milk</strong><br><br>This product is a liquid, soy-based food product made from soybeans. It has a uniform, liquid consistency and can be poured and drunk. The product is typically consumed cold or at room temperature.","<strong>Cow’s milk</strong><br><br>This product is a liquid, dairy-based food product made from cow’s milk. It has a uniform, liquid consistency and can be poured and drunk. The product is typically consumed cold or at room temperature.","<strong>Cheese from cow’s milk</strong><br><br>This product is a firm dairy-based food product made from cow’s milk. Often known as cheese for pizza. When heated it has a smooth, creamy to chewy, elastic consistency. The product is typically consumed warm or at room temperature.","<strong>Douhua</strong><br><br>This product is a soft, firm, soy-based food product made from coagulated soymilk. It has a soft, firm consistency that holds its shape but can be easily divided with a spoon. The product is typically consumed cold or warm.","<strong>Yuba (tofu skin)</strong><br><br>This product is a rubbery, firm, soy-based food product made from coagulated soy milk. It has a rubbery, firm consistency that holds its shape, and are easy to chew. The product is typically consumed warm.","<strong>Yoghurt from cow’s milk</strong><br><br>This product is a creamy, dairy-based food product made from fermented cow’s milk. It has a creamy consistency and can be eaten with a spoon. The product is typically consumed cold.","https://raw.githubusercontent.com/HjorthenA/SoyDairyProducts/main/"
248,"DAIRY_LIQ","SOY_SEMI","SOY_LIQ","DAIRY_SEMI","DAIRY_SOLID","SOY_SOLID","<strong>Cow’s milk</strong><br><br>This product is a liquid, dairy-based food product made from cow’s milk. It has a uniform, liquid consistency and can be poured and drunk. The product is typically consumed cold or at room temperature.","<strong>Douhua</strong><br><br>This product is a soft, firm, soy-based food product made from coagulated soymilk. It has a soft, firm consistency that holds its shape but can be easily divided with a spoon. The product is typically consumed cold or warm.","<strong>Soy milk</strong><br><br>This product is a liquid, soy-based food product made from soybeans. It has a uniform, liquid consistency and can be poured and drunk. The product is typically consumed cold or at room temperature.","<strong>Yoghurt from cow’s milk</strong><br><br>This product is a creamy, dairy-based food product made from fermented cow’s milk. It has a creamy consistency and can be eaten with a spoon. The product is typically consumed cold.","<strong>Cheese from cow’s milk</strong><br><br>This product is a firm dairy-based food product made from cow’s milk. Often known as cheese for pizza. When heated it has a smooth, creamy to chewy, elastic consistency. The product is typically consumed warm or at room temperature.","<strong>Yuba (tofu skin)</strong><br><br>This product is a rubbery, firm, soy-based food product made from coagulated soy milk. It has a rubbery, firm consistency that holds its shape, and are easy to chew. The product is typically consumed warm.","https://raw.githubusercontent.com/HjorthenA/SoyDairyProducts/main/"
249,"SOY_SEMI","DAIRY_SEMI","DAIRY_LIQ","SOY_SOLID","SOY_LIQ","DAIRY_SOLID","<strong>Douhua</strong><br><br>This product is a soft, firm, soy-based food product made from coagulated soymilk. It has a soft, firm consistency that holds its shape but can be easily divided with a spoon. The product is typically consumed cold or warm.","<strong>Yoghurt from cow’s milk</strong><br><br>This product is a creamy, dairy-based food product made from fermented cow’s milk. It has a creamy consistency and can be eaten with a spoon. The product is typically consumed cold.","<strong>Cow’s milk</strong><br><br>This product is a liquid, dairy-based food product made from cow’s milk. It has a uniform, liquid consistency and can be poured and drunk. The product is typically consumed cold or at room temperature.","<strong>Yuba (tofu skin)</strong><br><br>This product is a rubbery, firm, soy-based food product made from coagulated soy milk. It has a rubbery, firm consistency that holds its shape, and are easy to chew. The product is typically consumed warm.","<strong>Soy milk</strong><br><br>This product is a liquid, soy-based food product made from soybeans. It has a uniform, liquid consistency and can be poured and drunk. The product is typically consumed cold or at room temperature.","<strong>Cheese from cow’s milk</strong><br><br>This product is a firm dairy-based food product made from cow’s milk. Often known as cheese for pizza. When heated it has a smooth, creamy to chewy, elastic consistency. The product is typically consumed warm or at room temperature.","https://raw.githubusercontent.com/HjorthenA/SoyDairyProducts/main/"
250,"DAIRY_SEMI","SOY_SOLID","SOY_SEMI","DAIRY_SOLID","DAIRY_LIQ","SOY_LIQ","<strong>Yoghurt from cow’s milk</strong><br><br>This product is a creamy, dairy-based food product made from fermented cow’s milk. It has a creamy consistency and can be eaten with a spoon. The product is typically consumed cold.","<strong>Yuba (tofu skin)</strong><br><br>This product is a rubbery, firm, soy-based food product made from coagulated soy milk. It has a rubbery, firm consistency that holds its shape, and are easy to chew. The product is typically consumed warm.","<strong>Douhua</strong><br><br>This product is a soft, firm, soy-based food product made from coagulated soymilk. It has a soft, firm consistency that holds its shape but can be easily divided with a spoon. The product is typically consumed cold or warm.","<strong>Cheese from cow’s milk</strong><br><br>This product is a firm dairy-based food product made from cow’s milk. Often known as cheese for pizza. When heated it has a smooth, creamy to chewy, elastic consistency. The product is typically consumed warm or at room temperature.","<strong>Cow’s milk</strong><br><br>This product is a liquid, dairy-based food product made from cow’s milk. It has a uniform, liquid consistency and can be poured and drunk. The product is typically consumed cold or at room temperature.","<strong>Soy milk</strong><br><br>This product is a liquid, soy-based food product made from soybeans. It has a uniform, liquid consistency and can be poured and drunk. The product is typically consumed cold or at room temperature.","https://raw.githubusercontent.com/HjorthenA/SoyDairyProducts/main/"
251,"SOY_SOLID","DAIRY_SOLID","DAIRY_SEMI","SOY_LIQ","SOY_SEMI","DAIRY_LIQ","<strong>Yuba (tofu skin)</strong><br><br>This product is a rubbery, firm, soy-based food product made from coagulated soy milk. It has a rubbery, firm consistency that holds its shape, and are easy to chew. The product is typically consumed warm.","<strong>Cheese from cow’s milk</strong><br><br>This product is a firm dairy-based food product made from cow’s milk. Often known as cheese for pizza. When heated it has a smooth, creamy to chewy, elastic consistency. The product is typically consumed warm or at room temperature.","<strong>Yoghurt from cow’s milk</strong><br><br>This product is a creamy, dairy-based food product made from fermented cow’s milk. It has a creamy consistency and can be eaten with a spoon. The product is typically consumed cold.","<strong>Soy milk</strong><br><br>This product is a liquid, soy-based food product made from soybeans. It has a uniform, liquid consistency and can be poured and drunk. The product is typically consumed cold or at room temperature.","<strong>Douhua</strong><br><br>This product is a soft, firm, soy-based food product made from coagulated soymilk. It has a soft, firm consistency that holds its shape but can be easily divided with a spoon. The product is typically consumed cold or warm.","<strong>Cow’s milk</strong><br><br>This product is a liquid, dairy-based food product made from cow’s milk. It has a uniform, liquid consistency and can be poured and drunk. The product is typically consumed cold or at room temperature.","https://raw.githubusercontent.com/HjorthenA/SoyDairyProducts/main/"
252,"DAIRY_SOLID","SOY_LIQ","SOY_SOLID","DAIRY_LIQ","DAIRY_SEMI","SOY_SEMI","<strong>Cheese from cow’s milk</strong><br><br>This product is a firm dairy-based food product made from cow’s milk. Often known as cheese for pizza. When heated it has a smooth, creamy to chewy, elastic consistency. The product is typically consumed warm or at room temperature.","<strong>Soy milk</strong><br><br>This product is a liquid, soy-based food product made from soybeans. It has a uniform, liquid consistency and can be poured and drunk. The product is typically consumed cold or at room temperature.","<strong>Yuba (tofu skin)</strong><br><br>This product is a rubbery, firm, soy-based food product made from coagulated soy milk. It has a rubbery, firm consistency that holds its shape, and are easy to chew. The product is typically consumed warm.","<strong>Cow’s milk</strong><br><br>This product is a liquid, dairy-based food product made from cow’s milk. It has a uniform, liquid consistency and can be poured and drunk. The product is typically consumed cold or at room temperature.","<strong>Yoghurt from cow’s milk</strong><br><br>This product is a creamy, dairy-based food product made from fermented cow’s milk. It has a creamy consistency and can be eaten with a spoon. The product is typically consumed cold.","<strong>Douhua</strong><br><br>This product is a soft, firm, soy-based food product made from coagulated soymilk. It has a soft, firm consistency that holds its shape but can be easily divided with a spoon. The product is typically consumed cold or warm.","https://raw.githubusercontent.com/HjorthenA/SoyDairyProducts/main/"
253,"SOY_LIQ","DAIRY_LIQ","DAIRY_SOLID","SOY_SEMI","SOY_SOLID","DAIRY_SEMI","<strong>Soy milk</strong><br><br>This product is a liquid, soy-based food product made from soybeans. It has a uniform, liquid consistency and can be poured and drunk. The product is typically consumed cold or at room temperature.","<strong>Cow’s milk</strong><br><br>This product is a liquid, dairy-based food product made from cow’s milk. It has a uniform, liquid consistency and can be poured and drunk. The product is typically consumed cold or at room temperature.","<strong>Cheese from cow’s milk</strong><br><br>This product is a firm dairy-based food product made from cow’s milk. Often known as cheese for pizza. When heated it has a smooth, creamy to chewy, elastic consistency. The product is typically consumed warm or at room temperature.","<strong>Douhua</strong><br><br>This product is a soft, firm, soy-based food product made from coagulated soymilk. It has a soft, firm consistency that holds its shape but can be easily divided with a spoon. The product is typically consumed cold or warm.","<strong>Yuba (tofu skin)</strong><br><br>This product is a rubbery, firm, soy-based food product made from coagulated soy milk. It has a rubbery, firm consistency that holds its shape, and are easy to chew. The product is typically consumed warm.","<strong>Yoghurt from cow’s milk</strong><br><br>This product is a creamy, dairy-based food product made from fermented cow’s milk. It has a creamy consistency and can be eaten with a spoon. The product is typically consumed cold.","https://raw.githubusercontent.com/HjorthenA/SoyDairyProducts/main/"
254,"DAIRY_LIQ","SOY_SEMI","SOY_LIQ","DAIRY_SEMI","DAIRY_SOLID","SOY_SOLID","<strong>Cow’s milk</strong><br><br>This product is a liquid, dairy-based food product made from cow’s milk. It has a uniform, liquid consistency and can be poured and drunk. The product is typically consumed cold or at room temperature.","<strong>Douhua</strong><br><br>This product is a soft, firm, soy-based food product made from coagulated soymilk. It has a soft, firm consistency that holds its shape but can be easily divided with a spoon. The product is typically consumed cold or warm.","<strong>Soy milk</strong><br><br>This product is a liquid, soy-based food product made from soybeans. It has a uniform, liquid consistency and can be poured and drunk. The product is typically consumed cold or at room temperature.","<strong>Yoghurt from cow’s milk</strong><br><br>This product is a creamy, dairy-based food product made from fermented cow’s milk. It has a creamy consistency and can be eaten with a spoon. The product is typically consumed cold.","<strong>Cheese from cow’s milk</strong><br><br>This product is a firm dairy-based food product made from cow’s milk. Often known as cheese for pizza. When heated it has a smooth, creamy to chewy, elastic consistency. The product is typically consumed warm or at room temperature.","<strong>Yuba (tofu skin)</strong><br><br>This product is a rubbery, firm, soy-based food product made from coagulated soy milk. It has a rubbery, firm consistency that holds its shape, and are easy to chew. The product is typically consumed warm.","https://raw.githubusercontent.com/HjorthenA/SoyDairyProducts/main/"
255,"SOY_SEMI","DAIRY_SEMI","DAIRY_LIQ","SOY_SOLID","SOY_LIQ","DAIRY_SOLID","<strong>Douhua</strong><br><br>This product is a soft, firm, soy-based food product made from coagulated soymilk. It has a soft, firm consistency that holds its shape but can be easily divided with a spoon. The product is typically consumed cold or warm.","<strong>Yoghurt from cow’s milk</strong><br><br>This product is a creamy, dairy-based food product made from fermented cow’s milk. It has a creamy consistency and can be eaten with a spoon. The product is typically consumed cold.","<strong>Cow’s milk</strong><br><br>This product is a liquid, dairy-based food product made from cow’s milk. It has a uniform, liquid consistency and can be poured and drunk. The product is typically consumed cold or at room temperature.","<strong>Yuba (tofu skin)</strong><br><br>This product is a rubbery, firm, soy-based food product made from coagulated soy milk. It has a rubbery, firm consistency that holds its shape, and are easy to chew. The product is typically consumed warm.","<strong>Soy milk</strong><br><br>This product is a liquid, soy-based food product made from soybeans. It has a uniform, liquid consistency and can be poured and drunk. The product is typically consumed cold or at room temperature.","<strong>Cheese from cow’s milk</strong><br><br>This product is a firm dairy-based food product made from cow’s milk. Often known as cheese for pizza. When heated it has a smooth, creamy to chewy, elastic consistency. The product is typically consumed warm or at room temperature.","https://raw.githubusercontent.com/HjorthenA/SoyDairyProducts/main/"
256,"DAIRY_SEMI","SOY_SOLID","SOY_SEMI","DAIRY_SOLID","DAIRY_LIQ","SOY_LIQ","<strong>Yoghurt from cow’s milk</strong><br><br>This product is a creamy, dairy-based food product made from fermented cow’s milk. It has a creamy consistency and can be eaten with a spoon. The product is typically consumed cold.","<strong>Yuba (tofu skin)</strong><br><br>This product is a rubbery, firm, soy-based food product made from coagulated soy milk. It has a rubbery, firm consistency that holds its shape, and are easy to chew. The product is typically consumed warm.","<strong>Douhua</strong><br><br>This product is a soft, firm, soy-based food product made from coagulated soymilk. It has a soft, firm consistency that holds its shape but can be easily divided with a spoon. The product is typically consumed cold or warm.","<strong>Cheese from cow’s milk</strong><br><br>This product is a firm dairy-based food product made from cow’s milk. Often known as cheese for pizza. When heated it has a smooth, creamy to chewy, elastic consistency. The product is typically consumed warm or at room temperature.","<strong>Cow’s milk</strong><br><br>This product is a liquid, dairy-based food product made from cow’s milk. It has a uniform, liquid consistency and can be poured and drunk. The product is typically consumed cold or at room temperature.","<strong>Soy milk</strong><br><br>This product is a liquid, soy-based food product made from soybeans. It has a uniform, liquid consistency and can be poured and drunk. The product is typically consumed cold or at room temperature.","https://raw.githubusercontent.com/HjorthenA/SoyDairyProducts/main/"
257,"SOY_SOLID","DAIRY_SOLID","DAIRY_SEMI","SOY_LIQ","SOY_SEMI","DAIRY_LIQ","<strong>Yuba (tofu skin)</strong><br><br>This product is a rubbery, firm, soy-based food product made from coagulated soy milk. It has a rubbery, firm consistency that holds its shape, and are easy to chew. The product is typically consumed warm.","<strong>Cheese from cow’s milk</strong><br><br>This product is a firm dairy-based food product made from cow’s milk. Often known as cheese for pizza. When heated it has a smooth, creamy to chewy, elastic consistency. The product is typically consumed warm or at room temperature.","<strong>Yoghurt from cow’s milk</strong><br><br>This product is a creamy, dairy-based food product made from fermented cow’s milk. It has a creamy consistency and can be eaten with a spoon. The product is typically consumed cold.","<strong>Soy milk</strong><br><br>This product is a liquid, soy-based food product made from soybeans. It has a uniform, liquid consistency and can be poured and drunk. The product is typically consumed cold or at room temperature.","<strong>Douhua</strong><br><br>This product is a soft, firm, soy-based food product made from coagulated soymilk. It has a soft, firm consistency that holds its shape but can be easily divided with a spoon. The product is typically consumed cold or warm.","<strong>Cow’s milk</strong><br><br>This product is a liquid, dairy-based food product made from cow’s milk. It has a uniform, liquid consistency and can be poured and drunk. The product is typically consumed cold or at room temperature.","https://raw.githubusercontent.com/HjorthenA/SoyDairyProducts/main/"
258,"DAIRY_SOLID","SOY_LIQ","SOY_SOLID","DAIRY_LIQ","DAIRY_SEMI","SOY_SEMI","<strong>Cheese from cow’s milk</strong><br><br>This product is a firm dairy-based food product made from cow’s milk. Often known as cheese for pizza. When heated it has a smooth, creamy to chewy, elastic consistency. The product is typically consumed warm or at room temperature.","<strong>Soy milk</strong><br><br>This product is a liquid, soy-based food product made from soybeans. It has a uniform, liquid consistency and can be poured and drunk. The product is typically consumed cold or at room temperature.","<strong>Yuba (tofu skin)</strong><br><br>This product is a rubbery, firm, soy-based food product made from coagulated soy milk. It has a rubbery, firm consistency that holds its shape, and are easy to chew. The product is typically consumed warm.","<strong>Cow’s milk</strong><br><br>This product is a liquid, dairy-based food product made from cow’s milk. It has a uniform, liquid consistency and can be poured and drunk. The product is typically consumed cold or at room temperature.","<strong>Yoghurt from cow’s milk</strong><br><br>This product is a creamy, dairy-based food product made from fermented cow’s milk. It has a creamy consistency and can be eaten with a spoon. The product is typically consumed cold.","<strong>Douhua</strong><br><br>This product is a soft, firm, soy-based food product made from coagulated soymilk. It has a soft, firm consistency that holds its shape but can be easily divided with a spoon. The product is typically consumed cold or warm.","https://raw.githubusercontent.com/HjorthenA/SoyDairyProducts/main/"
259,"SOY_LIQ","DAIRY_LIQ","DAIRY_SOLID","SOY_SEMI","SOY_SOLID","DAIRY_SEMI","<strong>Soy milk</strong><br><br>This product is a liquid, soy-based food product made from soybeans. It has a uniform, liquid consistency and can be poured and drunk. The product is typically consumed cold or at room temperature.","<strong>Cow’s milk</strong><br><br>This product is a liquid, dairy-based food product made from cow’s milk. It has a uniform, liquid consistency and can be poured and drunk. The product is typically consumed cold or at room temperature.","<strong>Cheese from cow’s milk</strong><br><br>This product is a firm dairy-based food product made from cow’s milk. Often known as cheese for pizza. When heated it has a smooth, creamy to chewy, elastic consistency. The product is typically consumed warm or at room temperature.","<strong>Douhua</strong><br><br>This product is a soft, firm, soy-based food product made from coagulated soymilk. It has a soft, firm consistency that holds its shape but can be easily divided with a spoon. The product is typically consumed cold or warm.","<strong>Yuba (tofu skin)</strong><br><br>This product is a rubbery, firm, soy-based food product made from coagulated soy milk. It has a rubbery, firm consistency that holds its shape, and are easy to chew. The product is typically consumed warm.","<strong>Yoghurt from cow’s milk</strong><br><br>This product is a creamy, dairy-based food product made from fermented cow’s milk. It has a creamy consistency and can be eaten with a spoon. The product is typically consumed cold.","https://raw.githubusercontent.com/HjorthenA/SoyDairyProducts/main/"
260,"DAIRY_LIQ","SOY_SEMI","SOY_LIQ","DAIRY_SEMI","DAIRY_SOLID","SOY_SOLID","<strong>Cow’s milk</strong><br><br>This product is a liquid, dairy-based food product made from cow’s milk. It has a uniform, liquid consistency and can be poured and drunk. The product is typically consumed cold or at room temperature.","<strong>Douhua</strong><br><br>This product is a soft, firm, soy-based food product made from coagulated soymilk. It has a soft, firm consistency that holds its shape but can be easily divided with a spoon. The product is typically consumed cold or warm.","<strong>Soy milk</strong><br><br>This product is a liquid, soy-based food product made from soybeans. It has a uniform, liquid consistency and can be poured and drunk. The product is typically consumed cold or at room temperature.","<strong>Yoghurt from cow’s milk</strong><br><br>This product is a creamy, dairy-based food product made from fermented cow’s milk. It has a creamy consistency and can be eaten with a spoon. The product is typically consumed cold.","<strong>Cheese from cow’s milk</strong><br><br>This product is a firm dairy-based food product made from cow’s milk. Often known as cheese for pizza. When heated it has a smooth, creamy to chewy, elastic consistency. The product is typically consumed warm or at room temperature.","<strong>Yuba (tofu skin)</strong><br><br>This product is a rubbery, firm, soy-based food product made from coagulated soy milk. It has a rubbery, firm consistency that holds its shape, and are easy to chew. The product is typically consumed warm.","https://raw.githubusercontent.com/HjorthenA/SoyDairyProducts/main/"
261,"SOY_SEMI","DAIRY_SEMI","DAIRY_LIQ","SOY_SOLID","SOY_LIQ","DAIRY_SOLID","<strong>Douhua</strong><br><br>This product is a soft, firm, soy-based food product made from coagulated soymilk. It has a soft, firm consistency that holds its shape but can be easily divided with a spoon. The product is typically consumed cold or warm.","<strong>Yoghurt from cow’s milk</strong><br><br>This product is a creamy, dairy-based food product made from fermented cow’s milk. It has a creamy consistency and can be eaten with a spoon. The product is typically consumed cold.","<strong>Cow’s milk</strong><br><br>This product is a liquid, dairy-based food product made from cow’s milk. It has a uniform, liquid consistency and can be poured and drunk. The product is typically consumed cold or at room temperature.","<strong>Yuba (tofu skin)</strong><br><br>This product is a rubbery, firm, soy-based food product made from coagulated soy milk. It has a rubbery, firm consistency that holds its shape, and are easy to chew. The product is typically consumed warm.","<strong>Soy milk</strong><br><br>This product is a liquid, soy-based food product made from soybeans. It has a uniform, liquid consistency and can be poured and drunk. The product is typically consumed cold or at room temperature.","<strong>Cheese from cow’s milk</strong><br><br>This product is a firm dairy-based food product made from cow’s milk. Often known as cheese for pizza. When heated it has a smooth, creamy to chewy, elastic consistency. The product is typically consumed warm or at room temperature.","https://raw.githubusercontent.com/HjorthenA/SoyDairyProducts/main/"
262,"DAIRY_SEMI","SOY_SOLID","SOY_SEMI","DAIRY_SOLID","DAIRY_LIQ","SOY_LIQ","<strong>Yoghurt from cow’s milk</strong><br><br>This product is a creamy, dairy-based food product made from fermented cow’s milk. It has a creamy consistency and can be eaten with a spoon. The product is typically consumed cold.","<strong>Yuba (tofu skin)</strong><br><br>This product is a rubbery, firm, soy-based food product made from coagulated soy milk. It has a rubbery, firm consistency that holds its shape, and are easy to chew. The product is typically consumed warm.","<strong>Douhua</strong><br><br>This product is a soft, firm, soy-based food product made from coagulated soymilk. It has a soft, firm consistency that holds its shape but can be easily divided with a spoon. The product is typically consumed cold or warm.","<strong>Cheese from cow’s milk</strong><br><br>This product is a firm dairy-based food product made from cow’s milk. Often known as cheese for pizza. When heated it has a smooth, creamy to chewy, elastic consistency. The product is typically consumed warm or at room temperature.","<strong>Cow’s milk</strong><br><br>This product is a liquid, dairy-based food product made from cow’s milk. It has a uniform, liquid consistency and can be poured and drunk. The product is typically consumed cold or at room temperature.","<strong>Soy milk</strong><br><br>This product is a liquid, soy-based food product made from soybeans. It has a uniform, liquid consistency and can be poured and drunk. The product is typically consumed cold or at room temperature.","https://raw.githubusercontent.com/HjorthenA/SoyDairyProducts/main/"
263,"SOY_SOLID","DAIRY_SOLID","DAIRY_SEMI","SOY_LIQ","SOY_SEMI","DAIRY_LIQ","<strong>Yuba (tofu skin)</strong><br><br>This product is a rubbery, firm, soy-based food product made from coagulated soy milk. It has a rubbery, firm consistency that holds its shape, and are easy to chew. The product is typically consumed warm.","<strong>Cheese from cow’s milk</strong><br><br>This product is a firm dairy-based food product made from cow’s milk. Often known as cheese for pizza. When heated it has a smooth, creamy to chewy, elastic consistency. The product is typically consumed warm or at room temperature.","<strong>Yoghurt from cow’s milk</strong><br><br>This product is a creamy, dairy-based food product made from fermented cow’s milk. It has a creamy consistency and can be eaten with a spoon. The product is typically consumed cold.","<strong>Soy milk</strong><br><br>This product is a liquid, soy-based food product made from soybeans. It has a uniform, liquid consistency and can be poured and drunk. The product is typically consumed cold or at room temperature.","<strong>Douhua</strong><br><br>This product is a soft, firm, soy-based food product made from coagulated soymilk. It has a soft, firm consistency that holds its shape but can be easily divided with a spoon. The product is typically consumed cold or warm.","<strong>Cow’s milk</strong><br><br>This product is a liquid, dairy-based food product made from cow’s milk. It has a uniform, liquid consistency and can be poured and drunk. The product is typically consumed cold or at room temperature.","https://raw.githubusercontent.com/HjorthenA/SoyDairyProducts/main/"
264,"DAIRY_SOLID","SOY_LIQ","SOY_SOLID","DAIRY_LIQ","DAIRY_SEMI","SOY_SEMI","<strong>Cheese from cow’s milk</strong><br><br>This product is a firm dairy-based food product made from cow’s milk. Often known as cheese for pizza. When heated it has a smooth, creamy to chewy, elastic consistency. The product is typically consumed warm or at room temperature.","<strong>Soy milk</strong><br><br>This product is a liquid, soy-based food product made from soybeans. It has a uniform, liquid consistency and can be poured and drunk. The product is typically consumed cold or at room temperature.","<strong>Yuba (tofu skin)</strong><br><br>This product is a rubbery, firm, soy-based food product made from coagulated soy milk. It has a rubbery, firm consistency that holds its shape, and are easy to chew. The product is typically consumed warm.","<strong>Cow’s milk</strong><br><br>This product is a liquid, dairy-based food product made from cow’s milk. It has a uniform, liquid consistency and can be poured and drunk. The product is typically consumed cold or at room temperature.","<strong>Yoghurt from cow’s milk</strong><br><br>This product is a creamy, dairy-based food product made from fermented cow’s milk. It has a creamy consistency and can be eaten with a spoon. The product is typically consumed cold.","<strong>Douhua</strong><br><br>This product is a soft, firm, soy-based food product made from coagulated soymilk. It has a soft, firm consistency that holds its shape but can be easily divided with a spoon. The product is typically consumed cold or warm.","https://raw.githubusercontent.com/HjorthenA/SoyDairyProducts/main/"
265,"SOY_LIQ","DAIRY_LIQ","DAIRY_SOLID","SOY_SEMI","SOY_SOLID","DAIRY_SEMI","<strong>Soy milk</strong><br><br>This product is a liquid, soy-based food product made from soybeans. It has a uniform, liquid consistency and can be poured and drunk. The product is typically consumed cold or at room temperature.","<strong>Cow’s milk</strong><br><br>This product is a liquid, dairy-based food product made from cow’s milk. It has a uniform, liquid consistency and can be poured and drunk. The product is typically consumed cold or at room temperature.","<strong>Cheese from cow’s milk</strong><br><br>This product is a firm dairy-based food product made from cow’s milk. Often known as cheese for pizza. When heated it has a smooth, creamy to chewy, elastic consistency. The product is typically consumed warm or at room temperature.","<strong>Douhua</strong><br><br>This product is a soft, firm, soy-based food product made from coagulated soymilk. It has a soft, firm consistency that holds its shape but can be easily divided with a spoon. The product is typically consumed cold or warm.","<strong>Yuba (tofu skin)</strong><br><br>This product is a rubbery, firm, soy-based food product made from coagulated soy milk. It has a rubbery, firm consistency that holds its shape, and are easy to chew. The product is typically consumed warm.","<strong>Yoghurt from cow’s milk</strong><br><br>This product is a creamy, dairy-based food product made from fermented cow’s milk. It has a creamy consistency and can be eaten with a spoon. The product is typically consumed cold.","https://raw.githubusercontent.com/HjorthenA/SoyDairyProducts/main/"
266,"DAIRY_LIQ","SOY_SEMI","SOY_LIQ","DAIRY_SEMI","DAIRY_SOLID","SOY_SOLID","<strong>Cow’s milk</strong><br><br>This product is a liquid, dairy-based food product made from cow’s milk. It has a uniform, liquid consistency and can be poured and drunk. The product is typically consumed cold or at room temperature.","<strong>Douhua</strong><br><br>This product is a soft, firm, soy-based food product made from coagulated soymilk. It has a soft, firm consistency that holds its shape but can be easily divided with a spoon. The product is typically consumed cold or warm.","<strong>Soy milk</strong><br><br>This product is a liquid, soy-based food product made from soybeans. It has a uniform, liquid consistency and can be poured and drunk. The product is typically consumed cold or at room temperature.","<strong>Yoghurt from cow’s milk</strong><br><br>This product is a creamy, dairy-based food product made from fermented cow’s milk. It has a creamy consistency and can be eaten with a spoon. The product is typically consumed cold.","<strong>Cheese from cow’s milk</strong><br><br>This product is a firm dairy-based food product made from cow’s milk. Often known as cheese for pizza. When heated it has a smooth, creamy to chewy, elastic consistency. The product is typically consumed warm or at room temperature.","<strong>Yuba (tofu skin)</strong><br><br>This product is a rubbery, firm, soy-based food product made from coagulated soy milk. It has a rubbery, firm consistency that holds its shape, and are easy to chew. The product is typically consumed warm.","https://raw.githubusercontent.com/HjorthenA/SoyDairyProducts/main/"
267,"SOY_SEMI","DAIRY_SEMI","DAIRY_LIQ","SOY_SOLID","SOY_LIQ","DAIRY_SOLID","<strong>Douhua</strong><br><br>This product is a soft, firm, soy-based food product made from coagulated soymilk. It has a soft, firm consistency that holds its shape but can be easily divided with a spoon. The product is typically consumed cold or warm.","<strong>Yoghurt from cow’s milk</strong><br><br>This product is a creamy, dairy-based food product made from fermented cow’s milk. It has a creamy consistency and can be eaten with a spoon. The product is typically consumed cold.","<strong>Cow’s milk</strong><br><br>This product is a liquid, dairy-based food product made from cow’s milk. It has a uniform, liquid consistency and can be poured and drunk. The product is typically consumed cold or at room temperature.","<strong>Yuba (tofu skin)</strong><br><br>This product is a rubbery, firm, soy-based food product made from coagulated soy milk. It has a rubbery, firm consistency that holds its shape, and are easy to chew. The product is typically consumed warm.","<strong>Soy milk</strong><br><br>This product is a liquid, soy-based food product made from soybeans. It has a uniform, liquid consistency and can be poured and drunk. The product is typically consumed cold or at room temperature.","<strong>Cheese from cow’s milk</strong><br><br>This product is a firm dairy-based food product made from cow’s milk. Often known as cheese for pizza. When heated it has a smooth, creamy to chewy, elastic consistency. The product is typically consumed warm or at room temperature.","https://raw.githubusercontent.com/HjorthenA/SoyDairyProducts/main/"
268,"DAIRY_SEMI","SOY_SOLID","SOY_SEMI","DAIRY_SOLID","DAIRY_LIQ","SOY_LIQ","<strong>Yoghurt from cow’s milk</strong><br><br>This product is a creamy, dairy-based food product made from fermented cow’s milk. It has a creamy consistency and can be eaten with a spoon. The product is typically consumed cold.","<strong>Yuba (tofu skin)</strong><br><br>This product is a rubbery, firm, soy-based food product made from coagulated soy milk. It has a rubbery, firm consistency that holds its shape, and are easy to chew. The product is typically consumed warm.","<strong>Douhua</strong><br><br>This product is a soft, firm, soy-based food product made from coagulated soymilk. It has a soft, firm consistency that holds its shape but can be easily divided with a spoon. The product is typically consumed cold or warm.","<strong>Cheese from cow’s milk</strong><br><br>This product is a firm dairy-based food product made from cow’s milk. Often known as cheese for pizza. When heated it has a smooth, creamy to chewy, elastic consistency. The product is typically consumed warm or at room temperature.","<strong>Cow’s milk</strong><br><br>This product is a liquid, dairy-based food product made from cow’s milk. It has a uniform, liquid consistency and can be poured and drunk. The product is typically consumed cold or at room temperature.","<strong>Soy milk</strong><br><br>This product is a liquid, soy-based food product made from soybeans. It has a uniform, liquid consistency and can be poured and drunk. The product is typically consumed cold or at room temperature.","https://raw.githubusercontent.com/HjorthenA/SoyDairyProducts/main/"
269,"SOY_SOLID","DAIRY_SOLID","DAIRY_SEMI","SOY_LIQ","SOY_SEMI","DAIRY_LIQ","<strong>Yuba (tofu skin)</strong><br><br>This product is a rubbery, firm, soy-based food product made from coagulated soy milk. It has a rubbery, firm consistency that holds its shape, and are easy to chew. The product is typically consumed warm.","<strong>Cheese from cow’s milk</strong><br><br>This product is a firm dairy-based food product made from cow’s milk. Often known as cheese for pizza. When heated it has a smooth, creamy to chewy, elastic consistency. The product is typically consumed warm or at room temperature.","<strong>Yoghurt from cow’s milk</strong><br><br>This product is a creamy, dairy-based food product made from fermented cow’s milk. It has a creamy consistency and can be eaten with a spoon. The product is typically consumed cold.","<strong>Soy milk</strong><br><br>This product is a liquid, soy-based food product made from soybeans. It has a uniform, liquid consistency and can be poured and drunk. The product is typically consumed cold or at room temperature.","<strong>Douhua</strong><br><br>This product is a soft, firm, soy-based food product made from coagulated soymilk. It has a soft, firm consistency that holds its shape but can be easily divided with a spoon. The product is typically consumed cold or warm.","<strong>Cow’s milk</strong><br><br>This product is a liquid, dairy-based food product made from cow’s milk. It has a uniform, liquid consistency and can be poured and drunk. The product is typically consumed cold or at room temperature.","https://raw.githubusercontent.com/HjorthenA/SoyDairyProducts/main/"
270,"DAIRY_SOLID","SOY_LIQ","SOY_SOLID","DAIRY_LIQ","DAIRY_SEMI","SOY_SEMI","<strong>Cheese from cow’s milk</strong><br><br>This product is a firm dairy-based food product made from cow’s milk. Often known as cheese for pizza. When heated it has a smooth, creamy to chewy, elastic consistency. The product is typically consumed warm or at room temperature.","<strong>Soy milk</strong><br><br>This product is a liquid, soy-based food product made from soybeans. It has a uniform, liquid consistency and can be poured and drunk. The product is typically consumed cold or at room temperature.","<strong>Yuba (tofu skin)</strong><br><br>This product is a rubbery, firm, soy-based food product made from coagulated soy milk. It has a rubbery, firm consistency that holds its shape, and are easy to chew. The product is typically consumed warm.","<strong>Cow’s milk</strong><br><br>This product is a liquid, dairy-based food product made from cow’s milk. It has a uniform, liquid consistency and can be poured and drunk. The product is typically consumed cold or at room temperature.","<strong>Yoghurt from cow’s milk</strong><br><br>This product is a creamy, dairy-based food product made from fermented cow’s milk. It has a creamy consistency and can be eaten with a spoon. The product is typically consumed cold.","<strong>Douhua</strong><br><br>This product is a soft, firm, soy-based food product made from coagulated soymilk. It has a soft, firm consistency that holds its shape but can be easily divided with a spoon. The product is typically consumed cold or warm.","https://raw.githubusercontent.com/HjorthenA/SoyDairyProducts/main/"
271,"SOY_LIQ","DAIRY_LIQ","DAIRY_SOLID","SOY_SEMI","SOY_SOLID","DAIRY_SEMI","<strong>Soy milk</strong><br><br>This product is a liquid, soy-based food product made from soybeans. It has a uniform, liquid consistency and can be poured and drunk. The product is typically consumed cold or at room temperature.","<strong>Cow’s milk</strong><br><br>This product is a liquid, dairy-based food product made from cow’s milk. It has a uniform, liquid consistency and can be poured and drunk. The product is typically consumed cold or at room temperature.","<strong>Cheese from cow’s milk</strong><br><br>This product is a firm dairy-based food product made from cow’s milk. Often known as cheese for pizza. When heated it has a smooth, creamy to chewy, elastic consistency. The product is typically consumed warm or at room temperature.","<strong>Douhua</strong><br><br>This product is a soft, firm, soy-based food product made from coagulated soymilk. It has a soft, firm consistency that holds its shape but can be easily divided with a spoon. The product is typically consumed cold or warm.","<strong>Yuba (tofu skin)</strong><br><br>This product is a rubbery, firm, soy-based food product made from coagulated soy milk. It has a rubbery, firm consistency that holds its shape, and are easy to chew. The product is typically consumed warm.","<strong>Yoghurt from cow’s milk</strong><br><br>This product is a creamy, dairy-based food product made from fermented cow’s milk. It has a creamy consistency and can be eaten with a spoon. The product is typically consumed cold.","https://raw.githubusercontent.com/HjorthenA/SoyDairyProducts/main/"
272,"DAIRY_LIQ","SOY_SEMI","SOY_LIQ","DAIRY_SEMI","DAIRY_SOLID","SOY_SOLID","<strong>Cow’s milk</strong><br><br>This product is a liquid, dairy-based food product made from cow’s milk. It has a uniform, liquid consistency and can be poured and drunk. The product is typically consumed cold or at room temperature.","<strong>Douhua</strong><br><br>This product is a soft, firm, soy-based food product made from coagulated soymilk. It has a soft, firm consistency that holds its shape but can be easily divided with a spoon. The product is typically consumed cold or warm.","<strong>Soy milk</strong><br><br>This product is a liquid, soy-based food product made from soybeans. It has a uniform, liquid consistency and can be poured and drunk. The product is typically consumed cold or at room temperature.","<strong>Yoghurt from cow’s milk</strong><br><br>This product is a creamy, dairy-based food product made from fermented cow’s milk. It has a creamy consistency and can be eaten with a spoon. The product is typically consumed cold.","<strong>Cheese from cow’s milk</strong><br><br>This product is a firm dairy-based food product made from cow’s milk. Often known as cheese for pizza. When heated it has a smooth, creamy to chewy, elastic consistency. The product is typically consumed warm or at room temperature.","<strong>Yuba (tofu skin)</strong><br><br>This product is a rubbery, firm, soy-based food product made from coagulated soy milk. It has a rubbery, firm consistency that holds its shape, and are easy to chew. The product is typically consumed warm.","https://raw.githubusercontent.com/HjorthenA/SoyDairyProducts/main/"
273,"SOY_SEMI","DAIRY_SEMI","DAIRY_LIQ","SOY_SOLID","SOY_LIQ","DAIRY_SOLID","<strong>Douhua</strong><br><br>This product is a soft, firm, soy-based food product made from coagulated soymilk. It has a soft, firm consistency that holds its shape but can be easily divided with a spoon. The product is typically consumed cold or warm.","<strong>Yoghurt from cow’s milk</strong><br><br>This product is a creamy, dairy-based food product made from fermented cow’s milk. It has a creamy consistency and can be eaten with a spoon. The product is typically consumed cold.","<strong>Cow’s milk</strong><br><br>This product is a liquid, dairy-based food product made from cow’s milk. It has a uniform, liquid consistency and can be poured and drunk. The product is typically consumed cold or at room temperature.","<strong>Yuba (tofu skin)</strong><br><br>This product is a rubbery, firm, soy-based food product made from coagulated soy milk. It has a rubbery, firm consistency that holds its shape, and are easy to chew. The product is typically consumed warm.","<strong>Soy milk</strong><br><br>This product is a liquid, soy-based food product made from soybeans. It has a uniform, liquid consistency and can be poured and drunk. The product is typically consumed cold or at room temperature.","<strong>Cheese from cow’s milk</strong><br><br>This product is a firm dairy-based food product made from cow’s milk. Often known as cheese for pizza. When heated it has a smooth, creamy to chewy, elastic consistency. The product is typically consumed warm or at room temperature.","https://raw.githubusercontent.com/HjorthenA/SoyDairyProducts/main/"
274,"DAIRY_SEMI","SOY_SOLID","SOY_SEMI","DAIRY_SOLID","DAIRY_LIQ","SOY_LIQ","<strong>Yoghurt from cow’s milk</strong><br><br>This product is a creamy, dairy-based food product made from fermented cow’s milk. It has a creamy consistency and can be eaten with a spoon. The product is typically consumed cold.","<strong>Yuba (tofu skin)</strong><br><br>This product is a rubbery, firm, soy-based food product made from coagulated soy milk. It has a rubbery, firm consistency that holds its shape, and are easy to chew. The product is typically consumed warm.","<strong>Douhua</strong><br><br>This product is a soft, firm, soy-based food product made from coagulated soymilk. It has a soft, firm consistency that holds its shape but can be easily divided with a spoon. The product is typically consumed cold or warm.","<strong>Cheese from cow’s milk</strong><br><br>This product is a firm dairy-based food product made from cow’s milk. Often known as cheese for pizza. When heated it has a smooth, creamy to chewy, elastic consistency. The product is typically consumed warm or at room temperature.","<strong>Cow’s milk</strong><br><br>This product is a liquid, dairy-based food product made from cow’s milk. It has a uniform, liquid consistency and can be poured and drunk. The product is typically consumed cold or at room temperature.","<strong>Soy milk</strong><br><br>This product is a liquid, soy-based food product made from soybeans. It has a uniform, liquid consistency and can be poured and drunk. The product is typically consumed cold or at room temperature.","https://raw.githubusercontent.com/HjorthenA/SoyDairyProducts/main/"
275,"SOY_SOLID","DAIRY_SOLID","DAIRY_SEMI","SOY_LIQ","SOY_SEMI","DAIRY_LIQ","<strong>Yuba (tofu skin)</strong><br><br>This product is a rubbery, firm, soy-based food product made from coagulated soy milk. It has a rubbery, firm consistency that holds its shape, and are easy to chew. The product is typically consumed warm.","<strong>Cheese from cow’s milk</strong><br><br>This product is a firm dairy-based food product made from cow’s milk. Often known as cheese for pizza. When heated it has a smooth, creamy to chewy, elastic consistency. The product is typically consumed warm or at room temperature.","<strong>Yoghurt from cow’s milk</strong><br><br>This product is a creamy, dairy-based food product made from fermented cow’s milk. It has a creamy consistency and can be eaten with a spoon. The product is typically consumed cold.","<strong>Soy milk</strong><br><br>This product is a liquid, soy-based food product made from soybeans. It has a uniform, liquid consistency and can be poured and drunk. The product is typically consumed cold or at room temperature.","<strong>Douhua</strong><br><br>This product is a soft, firm, soy-based food product made from coagulated soymilk. It has a soft, firm consistency that holds its shape but can be easily divided with a spoon. The product is typically consumed cold or warm.","<strong>Cow’s milk</strong><br><br>This product is a liquid, dairy-based food product made from cow’s milk. It has a uniform, liquid consistency and can be poured and drunk. The product is typically consumed cold or at room temperature.","https://raw.githubusercontent.com/HjorthenA/SoyDairyProducts/main/"
276,"DAIRY_SOLID","SOY_LIQ","SOY_SOLID","DAIRY_LIQ","DAIRY_SEMI","SOY_SEMI","<strong>Cheese from cow’s milk</strong><br><br>This product is a firm dairy-based food product made from cow’s milk. Often known as cheese for pizza. When heated it has a smooth, creamy to chewy, elastic consistency. The product is typically consumed warm or at room temperature.","<strong>Soy milk</strong><br><br>This product is a liquid, soy-based food product made from soybeans. It has a uniform, liquid consistency and can be poured and drunk. The product is typically consumed cold or at room temperature.","<strong>Yuba (tofu skin)</strong><br><br>This product is a rubbery, firm, soy-based food product made from coagulated soy milk. It has a rubbery, firm consistency that holds its shape, and are easy to chew. The product is typically consumed warm.","<strong>Cow’s milk</strong><br><br>This product is a liquid, dairy-based food product made from cow’s milk. It has a uniform, liquid consistency and can be poured and drunk. The product is typically consumed cold or at room temperature.","<strong>Yoghurt from cow’s milk</strong><br><br>This product is a creamy, dairy-based food product made from fermented cow’s milk. It has a creamy consistency and can be eaten with a spoon. The product is typically consumed cold.","<strong>Douhua</strong><br><br>This product is a soft, firm, soy-based food product made from coagulated soymilk. It has a soft, firm consistency that holds its shape but can be easily divided with a spoon. The product is typically consumed cold or warm.","https://raw.githubusercontent.com/HjorthenA/SoyDairyProducts/main/"
277,"SOY_LIQ","DAIRY_LIQ","DAIRY_SOLID","SOY_SEMI","SOY_SOLID","DAIRY_SEMI","<strong>Soy milk</strong><br><br>This product is a liquid, soy-based food product made from soybeans. It has a uniform, liquid consistency and can be poured and drunk. The product is typically consumed cold or at room temperature.","<strong>Cow’s milk</strong><br><br>This product is a liquid, dairy-based food product made from cow’s milk. It has a uniform, liquid consistency and can be poured and drunk. The product is typically consumed cold or at room temperature.","<strong>Cheese from cow’s milk</strong><br><br>This product is a firm dairy-based food product made from cow’s milk. Often known as cheese for pizza. When heated it has a smooth, creamy to chewy, elastic consistency. The product is typically consumed warm or at room temperature.","<strong>Douhua</strong><br><br>This product is a soft, firm, soy-based food product made from coagulated soymilk. It has a soft, firm consistency that holds its shape but can be easily divided with a spoon. The product is typically consumed cold or warm.","<strong>Yuba (tofu skin)</strong><br><br>This product is a rubbery, firm, soy-based food product made from coagulated soy milk. It has a rubbery, firm consistency that holds its shape, and are easy to chew. The product is typically consumed warm.","<strong>Yoghurt from cow’s milk</strong><br><br>This product is a creamy, dairy-based food product made from fermented cow’s milk. It has a creamy consistency and can be eaten with a spoon. The product is typically consumed cold.","https://raw.githubusercontent.com/HjorthenA/SoyDairyProducts/main/"
278,"DAIRY_LIQ","SOY_SEMI","SOY_LIQ","DAIRY_SEMI","DAIRY_SOLID","SOY_SOLID","<strong>Cow’s milk</strong><br><br>This product is a liquid, dairy-based food product made from cow’s milk. It has a uniform, liquid consistency and can be poured and drunk. The product is typically consumed cold or at room temperature.","<strong>Douhua</strong><br><br>This product is a soft, firm, soy-based food product made from coagulated soymilk. It has a soft, firm consistency that holds its shape but can be easily divided with a spoon. The product is typically consumed cold or warm.","<strong>Soy milk</strong><br><br>This product is a liquid, soy-based food product made from soybeans. It has a uniform, liquid consistency and can be poured and drunk. The product is typically consumed cold or at room temperature.","<strong>Yoghurt from cow’s milk</strong><br><br>This product is a creamy, dairy-based food product made from fermented cow’s milk. It has a creamy consistency and can be eaten with a spoon. The product is typically consumed cold.","<strong>Cheese from cow’s milk</strong><br><br>This product is a firm dairy-based food product made from cow’s milk. Often known as cheese for pizza. When heated it has a smooth, creamy to chewy, elastic consistency. The product is typically consumed warm or at room temperature.","<strong>Yuba (tofu skin)</strong><br><br>This product is a rubbery, firm, soy-based food product made from coagulated soy milk. It has a rubbery, firm consistency that holds its shape, and are easy to chew. The product is typically consumed warm.","https://raw.githubusercontent.com/HjorthenA/SoyDairyProducts/main/"
279,"SOY_SEMI","DAIRY_SEMI","DAIRY_LIQ","SOY_SOLID","SOY_LIQ","DAIRY_SOLID","<strong>Douhua</strong><br><br>This product is a soft, firm, soy-based food product made from coagulated soymilk. It has a soft, firm consistency that holds its shape but can be easily divided with a spoon. The product is typically consumed cold or warm.","<strong>Yoghurt from cow’s milk</strong><br><br>This product is a creamy, dairy-based food product made from fermented cow’s milk. It has a creamy consistency and can be eaten with a spoon. The product is typically consumed cold.","<strong>Cow’s milk</strong><br><br>This product is a liquid, dairy-based food product made from cow’s milk. It has a uniform, liquid consistency and can be poured and drunk. The product is typically consumed cold or at room temperature.","<strong>Yuba (tofu skin)</strong><br><br>This product is a rubbery, firm, soy-based food product made from coagulated soy milk. It has a rubbery, firm consistency that holds its shape, and are easy to chew. The product is typically consumed warm.","<strong>Soy milk</strong><br><br>This product is a liquid, soy-based food product made from soybeans. It has a uniform, liquid consistency and can be poured and drunk. The product is typically consumed cold or at room temperature.","<strong>Cheese from cow’s milk</strong><br><br>This product is a firm dairy-based food product made from cow’s milk. Often known as cheese for pizza. When heated it has a smooth, creamy to chewy, elastic consistency. The product is typically consumed warm or at room temperature.","https://raw.githubusercontent.com/HjorthenA/SoyDairyProducts/main/"
280,"DAIRY_SEMI","SOY_SOLID","SOY_SEMI","DAIRY_SOLID","DAIRY_LIQ","SOY_LIQ","<strong>Yoghurt from cow’s milk</strong><br><br>This product is a creamy, dairy-based food product made from fermented cow’s milk. It has a creamy consistency and can be eaten with a spoon. The product is typically consumed cold.","<strong>Yuba (tofu skin)</strong><br><br>This product is a rubbery, firm, soy-based food product made from coagulated soy milk. It has a rubbery, firm consistency that holds its shape, and are easy to chew. The product is typically consumed warm.","<strong>Douhua</strong><br><br>This product is a soft, firm, soy-based food product made from coagulated soymilk. It has a soft, firm consistency that holds its shape but can be easily divided with a spoon. The product is typically consumed cold or warm.","<strong>Cheese from cow’s milk</strong><br><br>This product is a firm dairy-based food product made from cow’s milk. Often known as cheese for pizza. When heated it has a smooth, creamy to chewy, elastic consistency. The product is typically consumed warm or at room temperature.","<strong>Cow’s milk</strong><br><br>This product is a liquid, dairy-based food product made from cow’s milk. It has a uniform, liquid consistency and can be poured and drunk. The product is typically consumed cold or at room temperature.","<strong>Soy milk</strong><br><br>This product is a liquid, soy-based food product made from soybeans. It has a uniform, liquid consistency and can be poured and drunk. The product is typically consumed cold or at room temperature.","https://raw.githubusercontent.com/HjorthenA/SoyDairyProducts/main/"
281,"SOY_SOLID","DAIRY_SOLID","DAIRY_SEMI","SOY_LIQ","SOY_SEMI","DAIRY_LIQ","<strong>Yuba (tofu skin)</strong><br><br>This product is a rubbery, firm, soy-based food product made from coagulated soy milk. It has a rubbery, firm consistency that holds its shape, and are easy to chew. The product is typically consumed warm.","<strong>Cheese from cow’s milk</strong><br><br>This product is a firm dairy-based food product made from cow’s milk. Often known as cheese for pizza. When heated it has a smooth, creamy to chewy, elastic consistency. The product is typically consumed warm or at room temperature.","<strong>Yoghurt from cow’s milk</strong><br><br>This product is a creamy, dairy-based food product made from fermented cow’s milk. It has a creamy consistency and can be eaten with a spoon. The product is typically consumed cold.","<strong>Soy milk</strong><br><br>This product is a liquid, soy-based food product made from soybeans. It has a uniform, liquid consistency and can be poured and drunk. The product is typically consumed cold or at room temperature.","<strong>Douhua</strong><br><br>This product is a soft, firm, soy-based food product made from coagulated soymilk. It has a soft, firm consistency that holds its shape but can be easily divided with a spoon. The product is typically consumed cold or warm.","<strong>Cow’s milk</strong><br><br>This product is a liquid, dairy-based food product made from cow’s milk. It has a uniform, liquid consistency and can be poured and drunk. The product is typically consumed cold or at room temperature.","https://raw.githubusercontent.com/HjorthenA/SoyDairyProducts/main/"
282,"DAIRY_SOLID","SOY_LIQ","SOY_SOLID","DAIRY_LIQ","DAIRY_SEMI","SOY_SEMI","<strong>Cheese from cow’s milk</strong><br><br>This product is a firm dairy-based food product made from cow’s milk. Often known as cheese for pizza. When heated it has a smooth, creamy to chewy, elastic consistency. The product is typically consumed warm or at room temperature.","<strong>Soy milk</strong><br><br>This product is a liquid, soy-based food product made from soybeans. It has a uniform, liquid consistency and can be poured and drunk. The product is typically consumed cold or at room temperature.","<strong>Yuba (tofu skin)</strong><br><br>This product is a rubbery, firm, soy-based food product made from coagulated soy milk. It has a rubbery, firm consistency that holds its shape, and are easy to chew. The product is typically consumed warm.","<strong>Cow’s milk</strong><br><br>This product is a liquid, dairy-based food product made from cow’s milk. It has a uniform, liquid consistency and can be poured and drunk. The product is typically consumed cold or at room temperature.","<strong>Yoghurt from cow’s milk</strong><br><br>This product is a creamy, dairy-based food product made from fermented cow’s milk. It has a creamy consistency and can be eaten with a spoon. The product is typically consumed cold.","<strong>Douhua</strong><br><br>This product is a soft, firm, soy-based food product made from coagulated soymilk. It has a soft, firm consistency that holds its shape but can be easily divided with a spoon. The product is typically consumed cold or warm.","https://raw.githubusercontent.com/HjorthenA/SoyDairyProducts/main/"
283,"SOY_LIQ","DAIRY_LIQ","DAIRY_SOLID","SOY_SEMI","SOY_SOLID","DAIRY_SEMI","<strong>Soy milk</strong><br><br>This product is a liquid, soy-based food product made from soybeans. It has a uniform, liquid consistency and can be poured and drunk. The product is typically consumed cold or at room temperature.","<strong>Cow’s milk</strong><br><br>This product is a liquid, dairy-based food product made from cow’s milk. It has a uniform, liquid consistency and can be poured and drunk. The product is typically consumed cold or at room temperature.","<strong>Cheese from cow’s milk</strong><br><br>This product is a firm dairy-based food product made from cow’s milk. Often known as cheese for pizza. When heated it has a smooth, creamy to chewy, elastic consistency. The product is typically consumed warm or at room temperature.","<strong>Douhua</strong><br><br>This product is a soft, firm, soy-based food product made from coagulated soymilk. It has a soft, firm consistency that holds its shape but can be easily divided with a spoon. The product is typically consumed cold or warm.","<strong>Yuba (tofu skin)</strong><br><br>This product is a rubbery, firm, soy-based food product made from coagulated soy milk. It has a rubbery, firm consistency that holds its shape, and are easy to chew. The product is typically consumed warm.","<strong>Yoghurt from cow’s milk</strong><br><br>This product is a creamy, dairy-based food product made from fermented cow’s milk. It has a creamy consistency and can be eaten with a spoon. The product is typically consumed cold.","https://raw.githubusercontent.com/HjorthenA/SoyDairyProducts/main/"
284,"DAIRY_LIQ","SOY_SEMI","SOY_LIQ","DAIRY_SEMI","DAIRY_SOLID","SOY_SOLID","<strong>Cow’s milk</strong><br><br>This product is a liquid, dairy-based food product made from cow’s milk. It has a uniform, liquid consistency and can be poured and drunk. The product is typically consumed cold or at room temperature.","<strong>Douhua</strong><br><br>This product is a soft, firm, soy-based food product made from coagulated soymilk. It has a soft, firm consistency that holds its shape but can be easily divided with a spoon. The product is typically consumed cold or warm.","<strong>Soy milk</strong><br><br>This product is a liquid, soy-based food product made from soybeans. It has a uniform, liquid consistency and can be poured and drunk. The product is typically consumed cold or at room temperature.","<strong>Yoghurt from cow’s milk</strong><br><br>This product is a creamy, dairy-based food product made from fermented cow’s milk. It has a creamy consistency and can be eaten with a spoon. The product is typically consumed cold.","<strong>Cheese from cow’s milk</strong><br><br>This product is a firm dairy-based food product made from cow’s milk. Often known as cheese for pizza. When heated it has a smooth, creamy to chewy, elastic consistency. The product is typically consumed warm or at room temperature.","<strong>Yuba (tofu skin)</strong><br><br>This product is a rubbery, firm, soy-based food product made from coagulated soy milk. It has a rubbery, firm consistency that holds its shape, and are easy to chew. The product is typically consumed warm.","https://raw.githubusercontent.com/HjorthenA/SoyDairyProducts/main/"
285,"SOY_SEMI","DAIRY_SEMI","DAIRY_LIQ","SOY_SOLID","SOY_LIQ","DAIRY_SOLID","<strong>Douhua</strong><br><br>This product is a soft, firm, soy-based food product made from coagulated soymilk. It has a soft, firm consistency that holds its shape but can be easily divided with a spoon. The product is typically consumed cold or warm.","<strong>Yoghurt from cow’s milk</strong><br><br>This product is a creamy, dairy-based food product made from fermented cow’s milk. It has a creamy consistency and can be eaten with a spoon. The product is typically consumed cold.","<strong>Cow’s milk</strong><br><br>This product is a liquid, dairy-based food product made from cow’s milk. It has a uniform, liquid consistency and can be poured and drunk. The product is typically consumed cold or at room temperature.","<strong>Yuba (tofu skin)</strong><br><br>This product is a rubbery, firm, soy-based food product made from coagulated soy milk. It has a rubbery, firm consistency that holds its shape, and are easy to chew. The product is typically consumed warm.","<strong>Soy milk</strong><br><br>This product is a liquid, soy-based food product made from soybeans. It has a uniform, liquid consistency and can be poured and drunk. The product is typically consumed cold or at room temperature.","<strong>Cheese from cow’s milk</strong><br><br>This product is a firm dairy-based food product made from cow’s milk. Often known as cheese for pizza. When heated it has a smooth, creamy to chewy, elastic consistency. The product is typically consumed warm or at room temperature.","https://raw.githubusercontent.com/HjorthenA/SoyDairyProducts/main/"
286,"DAIRY_SEMI","SOY_SOLID","SOY_SEMI","DAIRY_SOLID","DAIRY_LIQ","SOY_LIQ","<strong>Yoghurt from cow’s milk</strong><br><br>This product is a creamy, dairy-based food product made from fermented cow’s milk. It has a creamy consistency and can be eaten with a spoon. The product is typically consumed cold.","<strong>Yuba (tofu skin)</strong><br><br>This product is a rubbery, firm, soy-based food product made from coagulated soy milk. It has a rubbery, firm consistency that holds its shape, and are easy to chew. The product is typically consumed warm.","<strong>Douhua</strong><br><br>This product is a soft, firm, soy-based food product made from coagulated soymilk. It has a soft, firm consistency that holds its shape but can be easily divided with a spoon. The product is typically consumed cold or warm.","<strong>Cheese from cow’s milk</strong><br><br>This product is a firm dairy-based food product made from cow’s milk. Often known as cheese for pizza. When heated it has a smooth, creamy to chewy, elastic consistency. The product is typically consumed warm or at room temperature.","<strong>Cow’s milk</strong><br><br>This product is a liquid, dairy-based food product made from cow’s milk. It has a uniform, liquid consistency and can be poured and drunk. The product is typically consumed cold or at room temperature.","<strong>Soy milk</strong><br><br>This product is a liquid, soy-based food product made from soybeans. It has a uniform, liquid consistency and can be poured and drunk. The product is typically consumed cold or at room temperature.","https://raw.githubusercontent.com/HjorthenA/SoyDairyProducts/main/"
287,"SOY_SOLID","DAIRY_SOLID","DAIRY_SEMI","SOY_LIQ","SOY_SEMI","DAIRY_LIQ","<strong>Yuba (tofu skin)</strong><br><br>This product is a rubbery, firm, soy-based food product made from coagulated soy milk. It has a rubbery, firm consistency that holds its shape, and are easy to chew. The product is typically consumed warm.","<strong>Cheese from cow’s milk</strong><br><br>This product is a firm dairy-based food product made from cow’s milk. Often known as cheese for pizza. When heated it has a smooth, creamy to chewy, elastic consistency. The product is typically consumed warm or at room temperature.","<strong>Yoghurt from cow’s milk</strong><br><br>This product is a creamy, dairy-based food product made from fermented cow’s milk. It has a creamy consistency and can be eaten with a spoon. The product is typically consumed cold.","<strong>Soy milk</strong><br><br>This product is a liquid, soy-based food product made from soybeans. It has a uniform, liquid consistency and can be poured and drunk. The product is typically consumed cold or at room temperature.","<strong>Douhua</strong><br><br>This product is a soft, firm, soy-based food product made from coagulated soymilk. It has a soft, firm consistency that holds its shape but can be easily divided with a spoon. The product is typically consumed cold or warm.","<strong>Cow’s milk</strong><br><br>This product is a liquid, dairy-based food product made from cow’s milk. It has a uniform, liquid consistency and can be poured and drunk. The product is typically consumed cold or at room temperature.","https://raw.githubusercontent.com/HjorthenA/SoyDairyProducts/main/"
288,"DAIRY_SOLID","SOY_LIQ","SOY_SOLID","DAIRY_LIQ","DAIRY_SEMI","SOY_SEMI","<strong>Cheese from cow’s milk</strong><br><br>This product is a firm dairy-based food product made from cow’s milk. Often known as cheese for pizza. When heated it has a smooth, creamy to chewy, elastic consistency. The product is typically consumed warm or at room temperature.","<strong>Soy milk</strong><br><br>This product is a liquid, soy-based food product made from soybeans. It has a uniform, liquid consistency and can be poured and drunk. The product is typically consumed cold or at room temperature.","<strong>Yuba (tofu skin)</strong><br><br>This product is a rubbery, firm, soy-based food product made from coagulated soy milk. It has a rubbery, firm consistency that holds its shape, and are easy to chew. The product is typically consumed warm.","<strong>Cow’s milk</strong><br><br>This product is a liquid, dairy-based food product made from cow’s milk. It has a uniform, liquid consistency and can be poured and drunk. The product is typically consumed cold or at room temperature.","<strong>Yoghurt from cow’s milk</strong><br><br>This product is a creamy, dairy-based food product made from fermented cow’s milk. It has a creamy consistency and can be eaten with a spoon. The product is typically consumed cold.","<strong>Douhua</strong><br><br>This product is a soft, firm, soy-based food product made from coagulated soymilk. It has a soft, firm consistency that holds its shape but can be easily divided with a spoon. The product is typically consumed cold or warm.","https://raw.githubusercontent.com/HjorthenA/SoyDairyProducts/main/"
289,"SOY_LIQ","DAIRY_LIQ","DAIRY_SOLID","SOY_SEMI","SOY_SOLID","DAIRY_SEMI","<strong>Soy milk</strong><br><br>This product is a liquid, soy-based food product made from soybeans. It has a uniform, liquid consistency and can be poured and drunk. The product is typically consumed cold or at room temperature.","<strong>Cow’s milk</strong><br><br>This product is a liquid, dairy-based food product made from cow’s milk. It has a uniform, liquid consistency and can be poured and drunk. The product is typically consumed cold or at room temperature.","<strong>Cheese from cow’s milk</strong><br><br>This product is a firm dairy-based food product made from cow’s milk. Often known as cheese for pizza. When heated it has a smooth, creamy to chewy, elastic consistency. The product is typically consumed warm or at room temperature.","<strong>Douhua</strong><br><br>This product is a soft, firm, soy-based food product made from coagulated soymilk. It has a soft, firm consistency that holds its shape but can be easily divided with a spoon. The product is typically consumed cold or warm.","<strong>Yuba (tofu skin)</strong><br><br>This product is a rubbery, firm, soy-based food product made from coagulated soy milk. It has a rubbery, firm consistency that holds its shape, and are easy to chew. The product is typically consumed warm.","<strong>Yoghurt from cow’s milk</strong><br><br>This product is a creamy, dairy-based food product made from fermented cow’s milk. It has a creamy consistency and can be eaten with a spoon. The product is typically consumed cold.","https://raw.githubusercontent.com/HjorthenA/SoyDairyProducts/main/"
290,"DAIRY_LIQ","SOY_SEMI","SOY_LIQ","DAIRY_SEMI","DAIRY_SOLID","SOY_SOLID","<strong>Cow’s milk</strong><br><br>This product is a liquid, dairy-based food product made from cow’s milk. It has a uniform, liquid consistency and can be poured and drunk. The product is typically consumed cold or at room temperature.","<strong>Douhua</strong><br><br>This product is a soft, firm, soy-based food product made from coagulated soymilk. It has a soft, firm consistency that holds its shape but can be easily divided with a spoon. The product is typically consumed cold or warm.","<strong>Soy milk</strong><br><br>This product is a liquid, soy-based food product made from soybeans. It has a uniform, liquid consistency and can be poured and drunk. The product is typically consumed cold or at room temperature.","<strong>Yoghurt from cow’s milk</strong><br><br>This product is a creamy, dairy-based food product made from fermented cow’s milk. It has a creamy consistency and can be eaten with a spoon. The product is typically consumed cold.","<strong>Cheese from cow’s milk</strong><br><br>This product is a firm dairy-based food product made from cow’s milk. Often known as cheese for pizza. When heated it has a smooth, creamy to chewy, elastic consistency. The product is typically consumed warm or at room temperature.","<strong>Yuba (tofu skin)</strong><br><br>This product is a rubbery, firm, soy-based food product made from coagulated soy milk. It has a rubbery, firm consistency that holds its shape, and are easy to chew. The product is typically consumed warm.","https://raw.githubusercontent.com/HjorthenA/SoyDairyProducts/main/"
291,"SOY_SEMI","DAIRY_SEMI","DAIRY_LIQ","SOY_SOLID","SOY_LIQ","DAIRY_SOLID","<strong>Douhua</strong><br><br>This product is a soft, firm, soy-based food product made from coagulated soymilk. It has a soft, firm consistency that holds its shape but can be easily divided with a spoon. The product is typically consumed cold or warm.","<strong>Yoghurt from cow’s milk</strong><br><br>This product is a creamy, dairy-based food product made from fermented cow’s milk. It has a creamy consistency and can be eaten with a spoon. The product is typically consumed cold.","<strong>Cow’s milk</strong><br><br>This product is a liquid, dairy-based food product made from cow’s milk. It has a uniform, liquid consistency and can be poured and drunk. The product is typically consumed cold or at room temperature.","<strong>Yuba (tofu skin)</strong><br><br>This product is a rubbery, firm, soy-based food product made from coagulated soy milk. It has a rubbery, firm consistency that holds its shape, and are easy to chew. The product is typically consumed warm.","<strong>Soy milk</strong><br><br>This product is a liquid, soy-based food product made from soybeans. It has a uniform, liquid consistency and can be poured and drunk. The product is typically consumed cold or at room temperature.","<strong>Cheese from cow’s milk</strong><br><br>This product is a firm dairy-based food product made from cow’s milk. Often known as cheese for pizza. When heated it has a smooth, creamy to chewy, elastic consistency. The product is typically consumed warm or at room temperature.","https://raw.githubusercontent.com/HjorthenA/SoyDairyProducts/main/"
292,"DAIRY_SEMI","SOY_SOLID","SOY_SEMI","DAIRY_SOLID","DAIRY_LIQ","SOY_LIQ","<strong>Yoghurt from cow’s milk</strong><br><br>This product is a creamy, dairy-based food product made from fermented cow’s milk. It has a creamy consistency and can be eaten with a spoon. The product is typically consumed cold.","<strong>Yuba (tofu skin)</strong><br><br>This product is a rubbery, firm, soy-based food product made from coagulated soy milk. It has a rubbery, firm consistency that holds its shape, and are easy to chew. The product is typically consumed warm.","<strong>Douhua</strong><br><br>This product is a soft, firm, soy-based food product made from coagulated soymilk. It has a soft, firm consistency that holds its shape but can be easily divided with a spoon. The product is typically consumed cold or warm.","<strong>Cheese from cow’s milk</strong><br><br>This product is a firm dairy-based food product made from cow’s milk. Often known as cheese for pizza. When heated it has a smooth, creamy to chewy, elastic consistency. The product is typically consumed warm or at room temperature.","<strong>Cow’s milk</strong><br><br>This product is a liquid, dairy-based food product made from cow’s milk. It has a uniform, liquid consistency and can be poured and drunk. The product is typically consumed cold or at room temperature.","<strong>Soy milk</strong><br><br>This product is a liquid, soy-based food product made from soybeans. It has a uniform, liquid consistency and can be poured and drunk. The product is typically consumed cold or at room temperature.","https://raw.githubusercontent.com/HjorthenA/SoyDairyProducts/main/"
293,"SOY_SOLID","DAIRY_SOLID","DAIRY_SEMI","SOY_LIQ","SOY_SEMI","DAIRY_LIQ","<strong>Yuba (tofu skin)</strong><br><br>This product is a rubbery, firm, soy-based food product made from coagulated soy milk. It has a rubbery, firm consistency that holds its shape, and are easy to chew. The product is typically consumed warm.","<strong>Cheese from cow’s milk</strong><br><br>This product is a firm dairy-based food product made from cow’s milk. Often known as cheese for pizza. When heated it has a smooth, creamy to chewy, elastic consistency. The product is typically consumed warm or at room temperature.","<strong>Yoghurt from cow’s milk</strong><br><br>This product is a creamy, dairy-based food product made from fermented cow’s milk. It has a creamy consistency and can be eaten with a spoon. The product is typically consumed cold.","<strong>Soy milk</strong><br><br>This product is a liquid, soy-based food product made from soybeans. It has a uniform, liquid consistency and can be poured and drunk. The product is typically consumed cold or at room temperature.","<strong>Douhua</strong><br><br>This product is a soft, firm, soy-based food product made from coagulated soymilk. It has a soft, firm consistency that holds its shape but can be easily divided with a spoon. The product is typically consumed cold or warm.","<strong>Cow’s milk</strong><br><br>This product is a liquid, dairy-based food product made from cow’s milk. It has a uniform, liquid consistency and can be poured and drunk. The product is typically consumed cold or at room temperature.","https://raw.githubusercontent.com/HjorthenA/SoyDairyProducts/main/"
294,"DAIRY_SOLID","SOY_LIQ","SOY_SOLID","DAIRY_LIQ","DAIRY_SEMI","SOY_SEMI","<strong>Cheese from cow’s milk</strong><br><br>This product is a firm dairy-based food product made from cow’s milk. Often known as cheese for pizza. When heated it has a smooth, creamy to chewy, elastic consistency. The product is typically consumed warm or at room temperature.","<strong>Soy milk</strong><br><br>This product is a liquid, soy-based food product made from soybeans. It has a uniform, liquid consistency and can be poured and drunk. The product is typically consumed cold or at room temperature.","<strong>Yuba (tofu skin)</strong><br><br>This product is a rubbery, firm, soy-based food product made from coagulated soy milk. It has a rubbery, firm consistency that holds its shape, and are easy to chew. The product is typically consumed warm.","<strong>Cow’s milk</strong><br><br>This product is a liquid, dairy-based food product made from cow’s milk. It has a uniform, liquid consistency and can be poured and drunk. The product is typically consumed cold or at room temperature.","<strong>Yoghurt from cow’s milk</strong><br><br>This product is a creamy, dairy-based food product made from fermented cow’s milk. It has a creamy consistency and can be eaten with a spoon. The product is typically consumed cold.","<strong>Douhua</strong><br><br>This product is a soft, firm, soy-based food product made from coagulated soymilk. It has a soft, firm consistency that holds its shape but can be easily divided with a spoon. The product is typically consumed cold or warm.","https://raw.githubusercontent.com/HjorthenA/SoyDairyProducts/main/"
295,"SOY_LIQ","DAIRY_LIQ","DAIRY_SOLID","SOY_SEMI","SOY_SOLID","DAIRY_SEMI","<strong>Soy milk</strong><br><br>This product is a liquid, soy-based food product made from soybeans. It has a uniform, liquid consistency and can be poured and drunk. The product is typically consumed cold or at room temperature.","<strong>Cow’s milk</strong><br><br>This product is a liquid, dairy-based food product made from cow’s milk. It has a uniform, liquid consistency and can be poured and drunk. The product is typically consumed cold or at room temperature.","<strong>Cheese from cow’s milk</strong><br><br>This product is a firm dairy-based food product made from cow’s milk. Often known as cheese for pizza. When heated it has a smooth, creamy to chewy, elastic consistency. The product is typically consumed warm or at room temperature.","<strong>Douhua</strong><br><br>This product is a soft, firm, soy-based food product made from coagulated soymilk. It has a soft, firm consistency that holds its shape but can be easily divided with a spoon. The product is typically consumed cold or warm.","<strong>Yuba (tofu skin)</strong><br><br>This product is a rubbery, firm, soy-based food product made from coagulated soy milk. It has a rubbery, firm consistency that holds its shape, and are easy to chew. The product is typically consumed warm.","<strong>Yoghurt from cow’s milk</strong><br><br>This product is a creamy, dairy-based food product made from fermented cow’s milk. It has a creamy consistency and can be eaten with a spoon. The product is typically consumed cold.","https://raw.githubusercontent.com/HjorthenA/SoyDairyProducts/main/"
296,"DAIRY_LIQ","SOY_SEMI","SOY_LIQ","DAIRY_SEMI","DAIRY_SOLID","SOY_SOLID","<strong>Cow’s milk</strong><br><br>This product is a liquid, dairy-based food product made from cow’s milk. It has a uniform, liquid consistency and can be poured and drunk. The product is typically consumed cold or at room temperature.","<strong>Douhua</strong><br><br>This product is a soft, firm, soy-based food product made from coagulated soymilk. It has a soft, firm consistency that holds its shape but can be easily divided with a spoon. The product is typically consumed cold or warm.","<strong>Soy milk</strong><br><br>This product is a liquid, soy-based food product made from soybeans. It has a uniform, liquid consistency and can be poured and drunk. The product is typically consumed cold or at room temperature.","<strong>Yoghurt from cow’s milk</strong><br><br>This product is a creamy, dairy-based food product made from fermented cow’s milk. It has a creamy consistency and can be eaten with a spoon. The product is typically consumed cold.","<strong>Cheese from cow’s milk</strong><br><br>This product is a firm dairy-based food product made from cow’s milk. Often known as cheese for pizza. When heated it has a smooth, creamy to chewy, elastic consistency. The product is typically consumed warm or at room temperature.","<strong>Yuba (tofu skin)</strong><br><br>This product is a rubbery, firm, soy-based food product made from coagulated soy milk. It has a rubbery, firm consistency that holds its shape, and are easy to chew. The product is typically consumed warm.","https://raw.githubusercontent.com/HjorthenA/SoyDairyProducts/main/"
297,"SOY_SEMI","DAIRY_SEMI","DAIRY_LIQ","SOY_SOLID","SOY_LIQ","DAIRY_SOLID","<strong>Douhua</strong><br><br>This product is a soft, firm, soy-based food product made from coagulated soymilk. It has a soft, firm consistency that holds its shape but can be easily divided with a spoon. The product is typically consumed cold or warm.","<strong>Yoghurt from cow’s milk</strong><br><br>This product is a creamy, dairy-based food product made from fermented cow’s milk. It has a creamy consistency and can be eaten with a spoon. The product is typically consumed cold.","<strong>Cow’s milk</strong><br><br>This product is a liquid, dairy-based food product made from cow’s milk. It has a uniform, liquid consistency and can be poured and drunk. The product is typically consumed cold or at room temperature.","<strong>Yuba (tofu skin)</strong><br><br>This product is a rubbery, firm, soy-based food product made from coagulated soy milk. It has a rubbery, firm consistency that holds its shape, and are easy to chew. The product is typically consumed warm.","<strong>Soy milk</strong><br><br>This product is a liquid, soy-based food product made from soybeans. It has a uniform, liquid consistency and can be poured and drunk. The product is typically consumed cold or at room temperature.","<strong>Cheese from cow’s milk</strong><br><br>This product is a firm dairy-based food product made from cow’s milk. Often known as cheese for pizza. When heated it has a smooth, creamy to chewy, elastic consistency. The product is typically consumed warm or at room temperature.","https://raw.githubusercontent.com/HjorthenA/SoyDairyProducts/main/"
298,"DAIRY_SEMI","SOY_SOLID","SOY_SEMI","DAIRY_SOLID","DAIRY_LIQ","SOY_LIQ","<strong>Yoghurt from cow’s milk</strong><br><br>This product is a creamy, dairy-based food product made from fermented cow’s milk. It has a creamy consistency and can be eaten with a spoon. The product is typically consumed cold.","<strong>Yuba (tofu skin)</strong><br><br>This product is a rubbery, firm, soy-based food product made from coagulated soy milk. It has a rubbery, firm consistency that holds its shape, and are easy to chew. The product is typically consumed warm.","<strong>Douhua</strong><br><br>This product is a soft, firm, soy-based food product made from coagulated soymilk. It has a soft, firm consistency that holds its shape but can be easily divided with a spoon. The product is typically consumed cold or warm.","<strong>Cheese from cow’s milk</strong><br><br>This product is a firm dairy-based food product made from cow’s milk. Often known as cheese for pizza. When heated it has a smooth, creamy to chewy, elastic consistency. The product is typically consumed warm or at room temperature.","<strong>Cow’s milk</strong><br><br>This product is a liquid, dairy-based food product made from cow’s milk. It has a uniform, liquid consistency and can be poured and drunk. The product is typically consumed cold or at room temperature.","<strong>Soy milk</strong><br><br>This product is a liquid, soy-based food product made from soybeans. It has a uniform, liquid consistency and can be poured and drunk. The product is typically consumed cold or at room temperature.","https://raw.githubusercontent.com/HjorthenA/SoyDairyProducts/main/"
299,"SOY_SOLID","DAIRY_SOLID","DAIRY_SEMI","SOY_LIQ","SOY_SEMI","DAIRY_LIQ","<strong>Yuba (tofu skin)</strong><br><br>This product is a rubbery, firm, soy-based food product made from coagulated soy milk. It has a rubbery, firm consistency that holds its shape, and are easy to chew. The product is typically consumed warm.","<strong>Cheese from cow’s milk</strong><br><br>This product is a firm dairy-based food product made from cow’s milk. Often known as cheese for pizza. When heated it has a smooth, creamy to chewy, elastic consistency. The product is typically consumed warm or at room temperature.","<strong>Yoghurt from cow’s milk</strong><br><br>This product is a creamy, dairy-based food product made from fermented cow’s milk. It has a creamy consistency and can be eaten with a spoon. The product is typically consumed cold.","<strong>Soy milk</strong><br><br>This product is a liquid, soy-based food product made from soybeans. It has a uniform, liquid consistency and can be poured and drunk. The product is typically consumed cold or at room temperature.","<strong>Douhua</strong><br><br>This product is a soft, firm, soy-based food product made from coagulated soymilk. It has a soft, firm consistency that holds its shape but can be easily divided with a spoon. The product is typically consumed cold or warm.","<strong>Cow’s milk</strong><br><br>This product is a liquid, dairy-based food product made from cow’s milk. It has a uniform, liquid consistency and can be poured and drunk. The product is typically consumed cold or at room temperature.","https://raw.githubusercontent.com/HjorthenA/SoyDairyProducts/main/"
300,"DAIRY_SOLID","SOY_LIQ","SOY_SOLID","DAIRY_LIQ","DAIRY_SEMI","SOY_SEMI","<strong>Cheese from cow’s milk</strong><br><br>This product is a firm dairy-based food product made from cow’s milk. Often known as cheese for pizza. When heated it has a smooth, creamy to chewy, elastic consistency. The product is typically consumed warm or at room temperature.","<strong>Soy milk</strong><br><br>This product is a liquid, soy-based food product made from soybeans. It has a uniform, liquid consistency and can be poured and drunk. The product is typically consumed cold or at room temperature.","<strong>Yuba (tofu skin)</strong><br><br>This product is a rubbery, firm, soy-based food product made from coagulated soy milk. It has a rubbery, firm consistency that holds its shape, and are easy to chew. The product is typically consumed warm.","<strong>Cow’s milk</strong><br><br>This product is a liquid, dairy-based food product made from cow’s milk. It has a uniform, liquid consistency and can be poured and drunk. The product is typically consumed cold or at room temperature.","<strong>Yoghurt from cow’s milk</strong><br><br>This product is a creamy, dairy-based food product made from fermented cow’s milk. It has a creamy consistency and can be eaten with a spoon. The product is typically consumed cold.","<strong>Douhua</strong><br><br>This product is a soft, firm, soy-based food product made from coagulated soymilk. It has a soft, firm consistency that holds its shape but can be easily divided with a spoon. The product is typically consumed cold or warm.","https://raw.githubusercontent.com/HjorthenA/SoyDairyProducts/main/"
301,"SOY_LIQ","DAIRY_LIQ","DAIRY_SOLID","SOY_SEMI","SOY_SOLID","DAIRY_SEMI","<strong>Soy milk</strong><br><br>This product is a liquid, soy-based food product made from soybeans. It has a uniform, liquid consistency and can be poured and drunk. The product is typically consumed cold or at room temperature.","<strong>Cow’s milk</strong><br><br>This product is a liquid, dairy-based food product made from cow’s milk. It has a uniform, liquid consistency and can be poured and drunk. The product is typically consumed cold or at room temperature.","<strong>Cheese from cow’s milk</strong><br><br>This product is a firm dairy-based food product made from cow’s milk. Often known as cheese for pizza. When heated it has a smooth, creamy to chewy, elastic consistency. The product is typically consumed warm or at room temperature.","<strong>Douhua</strong><br><br>This product is a soft, firm, soy-based food product made from coagulated soymilk. It has a soft, firm consistency that holds its shape but can be easily divided with a spoon. The product is typically consumed cold or warm.","<strong>Yuba (tofu skin)</strong><br><br>This product is a rubbery, firm, soy-based food product made from coagulated soy milk. It has a rubbery, firm consistency that holds its shape, and are easy to chew. The product is typically consumed warm.","<strong>Yoghurt from cow’s milk</strong><br><br>This product is a creamy, dairy-based food product made from fermented cow’s milk. It has a creamy consistency and can be eaten with a spoon. The product is typically consumed cold.","https://raw.githubusercontent.com/HjorthenA/SoyDairyProducts/main/"
302,"DAIRY_LIQ","SOY_SEMI","SOY_LIQ","DAIRY_SEMI","DAIRY_SOLID","SOY_SOLID","<strong>Cow’s milk</strong><br><br>This product is a liquid, dairy-based food product made from cow’s milk. It has a uniform, liquid consistency and can be poured and drunk. The product is typically consumed cold or at room temperature.","<strong>Douhua</strong><br><br>This product is a soft, firm, soy-based food product made from coagulated soymilk. It has a soft, firm consistency that holds its shape but can be easily divided with a spoon. The product is typically consumed cold or warm.","<strong>Soy milk</strong><br><br>This product is a liquid, soy-based food product made from soybeans. It has a uniform, liquid consistency and can be poured and drunk. The product is typically consumed cold or at room temperature.","<strong>Yoghurt from cow’s milk</strong><br><br>This product is a creamy, dairy-based food product made from fermented cow’s milk. It has a creamy consistency and can be eaten with a spoon. The product is typically consumed cold.","<strong>Cheese from cow’s milk</strong><br><br>This product is a firm dairy-based food product made from cow’s milk. Often known as cheese for pizza. When heated it has a smooth, creamy to chewy, elastic consistency. The product is typically consumed warm or at room temperature.","<strong>Yuba (tofu skin)</strong><br><br>This product is a rubbery, firm, soy-based food product made from coagulated soy milk. It has a rubbery, firm consistency that holds its shape, and are easy to chew. The product is typically consumed warm.","https://raw.githubusercontent.com/HjorthenA/SoyDairyProducts/main/"
303,"SOY_SEMI","DAIRY_SEMI","DAIRY_LIQ","SOY_SOLID","SOY_LIQ","DAIRY_SOLID","<strong>Douhua</strong><br><br>This product is a soft, firm, soy-based food product made from coagulated soymilk. It has a soft, firm consistency that holds its shape but can be easily divided with a spoon. The product is typically consumed cold or warm.","<strong>Yoghurt from cow’s milk</strong><br><br>This product is a creamy, dairy-based food product made from fermented cow’s milk. It has a creamy consistency and can be eaten with a spoon. The product is typically consumed cold.","<strong>Cow’s milk</strong><br><br>This product is a liquid, dairy-based food product made from cow’s milk. It has a uniform, liquid consistency and can be poured and drunk. The product is typically consumed cold or at room temperature.","<strong>Yuba (tofu skin)</strong><br><br>This product is a rubbery, firm, soy-based food product made from coagulated soy milk. It has a rubbery, firm consistency that holds its shape, and are easy to chew. The product is typically consumed warm.","<strong>Soy milk</strong><br><br>This product is a liquid, soy-based food product made from soybeans. It has a uniform, liquid consistency and can be poured and drunk. The product is typically consumed cold or at room temperature.","<strong>Cheese from cow’s milk</strong><br><br>This product is a firm dairy-based food product made from cow’s milk. Often known as cheese for pizza. When heated it has a smooth, creamy to chewy, elastic consistency. The product is typically consumed warm or at room temperature.","https://raw.githubusercontent.com/HjorthenA/SoyDairyProducts/main/"
304,"DAIRY_SEMI","SOY_SOLID","SOY_SEMI","DAIRY_SOLID","DAIRY_LIQ","SOY_LIQ","<strong>Yoghurt from cow’s milk</strong><br><br>This product is a creamy, dairy-based food product made from fermented cow’s milk. It has a creamy consistency and can be eaten with a spoon. The product is typically consumed cold.","<strong>Yuba (tofu skin)</strong><br><br>This product is a rubbery, firm, soy-based food product made from coagulated soy milk. It has a rubbery, firm consistency that holds its shape, and are easy to chew. The product is typically consumed warm.","<strong>Douhua</strong><br><br>This product is a soft, firm, soy-based food product made from coagulated soymilk. It has a soft, firm consistency that holds its shape but can be easily divided with a spoon. The product is typically consumed cold or warm.","<strong>Cheese from cow’s milk</strong><br><br>This product is a firm dairy-based food product made from cow’s milk. Often known as cheese for pizza. When heated it has a smooth, creamy to chewy, elastic consistency. The product is typically consumed warm or at room temperature.","<strong>Cow’s milk</strong><br><br>This product is a liquid, dairy-based food product made from cow’s milk. It has a uniform, liquid consistency and can be poured and drunk. The product is typically consumed cold or at room temperature.","<strong>Soy milk</strong><br><br>This product is a liquid, soy-based food product made from soybeans. It has a uniform, liquid consistency and can be poured and drunk. The product is typically consumed cold or at room temperature.","https://raw.githubusercontent.com/HjorthenA/SoyDairyProducts/main/"
305,"SOY_SOLID","DAIRY_SOLID","DAIRY_SEMI","SOY_LIQ","SOY_SEMI","DAIRY_LIQ","<strong>Yuba (tofu skin)</strong><br><br>This product is a rubbery, firm, soy-based food product made from coagulated soy milk. It has a rubbery, firm consistency that holds its shape, and are easy to chew. The product is typically consumed warm.","<strong>Cheese from cow’s milk</strong><br><br>This product is a firm dairy-based food product made from cow’s milk. Often known as cheese for pizza. When heated it has a smooth, creamy to chewy, elastic consistency. The product is typically consumed warm or at room temperature.","<strong>Yoghurt from cow’s milk</strong><br><br>This product is a creamy, dairy-based food product made from fermented cow’s milk. It has a creamy consistency and can be eaten with a spoon. The product is typically consumed cold.","<strong>Soy milk</strong><br><br>This product is a liquid, soy-based food product made from soybeans. It has a uniform, liquid consistency and can be poured and drunk. The product is typically consumed cold or at room temperature.","<strong>Douhua</strong><br><br>This product is a soft, firm, soy-based food product made from coagulated soymilk. It has a soft, firm consistency that holds its shape but can be easily divided with a spoon. The product is typically consumed cold or warm.","<strong>Cow’s milk</strong><br><br>This product is a liquid, dairy-based food product made from cow’s milk. It has a uniform, liquid consistency and can be poured and drunk. The product is typically consumed cold or at room temperature.","https://raw.githubusercontent.com/HjorthenA/SoyDairyProducts/main/"
306,"DAIRY_SOLID","SOY_LIQ","SOY_SOLID","DAIRY_LIQ","DAIRY_SEMI","SOY_SEMI","<strong>Cheese from cow’s milk</strong><br><br>This product is a firm dairy-based food product made from cow’s milk. Often known as cheese for pizza. When heated it has a smooth, creamy to chewy, elastic consistency. The product is typically consumed warm or at room temperature.","<strong>Soy milk</strong><br><br>This product is a liquid, soy-based food product made from soybeans. It has a uniform, liquid consistency and can be poured and drunk. The product is typically consumed cold or at room temperature.","<strong>Yuba (tofu skin)</strong><br><br>This product is a rubbery, firm, soy-based food product made from coagulated soy milk. It has a rubbery, firm consistency that holds its shape, and are easy to chew. The product is typically consumed warm.","<strong>Cow’s milk</strong><br><br>This product is a liquid, dairy-based food product made from cow’s milk. It has a uniform, liquid consistency and can be poured and drunk. The product is typically consumed cold or at room temperature.","<strong>Yoghurt from cow’s milk</strong><br><br>This product is a creamy, dairy-based food product made from fermented cow’s milk. It has a creamy consistency and can be eaten with a spoon. The product is typically consumed cold.","<strong>Douhua</strong><br><br>This product is a soft, firm, soy-based food product made from coagulated soymilk. It has a soft, firm consistency that holds its shape but can be easily divided with a spoon. The product is typically consumed cold or warm.","https://raw.githubusercontent.com/HjorthenA/SoyDairyProducts/main/"
307,"SOY_LIQ","DAIRY_LIQ","DAIRY_SOLID","SOY_SEMI","SOY_SOLID","DAIRY_SEMI","<strong>Soy milk</strong><br><br>This product is a liquid, soy-based food product made from soybeans. It has a uniform, liquid consistency and can be poured and drunk. The product is typically consumed cold or at room temperature.","<strong>Cow’s milk</strong><br><br>This product is a liquid, dairy-based food product made from cow’s milk. It has a uniform, liquid consistency and can be poured and drunk. The product is typically consumed cold or at room temperature.","<strong>Cheese from cow’s milk</strong><br><br>This product is a firm dairy-based food product made from cow’s milk. Often known as cheese for pizza. When heated it has a smooth, creamy to chewy, elastic consistency. The product is typically consumed warm or at room temperature.","<strong>Douhua</strong><br><br>This product is a soft, firm, soy-based food product made from coagulated soymilk. It has a soft, firm consistency that holds its shape but can be easily divided with a spoon. The product is typically consumed cold or warm.","<strong>Yuba (tofu skin)</strong><br><br>This product is a rubbery, firm, soy-based food product made from coagulated soy milk. It has a rubbery, firm consistency that holds its shape, and are easy to chew. The product is typically consumed warm.","<strong>Yoghurt from cow’s milk</strong><br><br>This product is a creamy, dairy-based food product made from fermented cow’s milk. It has a creamy consistency and can be eaten with a spoon. The product is typically consumed cold.","https://raw.githubusercontent.com/HjorthenA/SoyDairyProducts/main/"
308,"DAIRY_LIQ","SOY_SEMI","SOY_LIQ","DAIRY_SEMI","DAIRY_SOLID","SOY_SOLID","<strong>Cow’s milk</strong><br><br>This product is a liquid, dairy-based food product made from cow’s milk. It has a uniform, liquid consistency and can be poured and drunk. The product is typically consumed cold or at room temperature.","<strong>Douhua</strong><br><br>This product is a soft, firm, soy-based food product made from coagulated soymilk. It has a soft, firm consistency that holds its shape but can be easily divided with a spoon. The product is typically consumed cold or warm.","<strong>Soy milk</strong><br><br>This product is a liquid, soy-based food product made from soybeans. It has a uniform, liquid consistency and can be poured and drunk. The product is typically consumed cold or at room temperature.","<strong>Yoghurt from cow’s milk</strong><br><br>This product is a creamy, dairy-based food product made from fermented cow’s milk. It has a creamy consistency and can be eaten with a spoon. The product is typically consumed cold.","<strong>Cheese from cow’s milk</strong><br><br>This product is a firm dairy-based food product made from cow’s milk. Often known as cheese for pizza. When heated it has a smooth, creamy to chewy, elastic consistency. The product is typically consumed warm or at room temperature.","<strong>Yuba (tofu skin)</strong><br><br>This product is a rubbery, firm, soy-based food product made from coagulated soy milk. It has a rubbery, firm consistency that holds its shape, and are easy to chew. The product is typically consumed warm.","https://raw.githubusercontent.com/HjorthenA/SoyDairyProducts/main/"
309,"SOY_SEMI","DAIRY_SEMI","DAIRY_LIQ","SOY_SOLID","SOY_LIQ","DAIRY_SOLID","<strong>Douhua</strong><br><br>This product is a soft, firm, soy-based food product made from coagulated soymilk. It has a soft, firm consistency that holds its shape but can be easily divided with a spoon. The product is typically consumed cold or warm.","<strong>Yoghurt from cow’s milk</strong><br><br>This product is a creamy, dairy-based food product made from fermented cow’s milk. It has a creamy consistency and can be eaten with a spoon. The product is typically consumed cold.","<strong>Cow’s milk</strong><br><br>This product is a liquid, dairy-based food product made from cow’s milk. It has a uniform, liquid consistency and can be poured and drunk. The product is typically consumed cold or at room temperature.","<strong>Yuba (tofu skin)</strong><br><br>This product is a rubbery, firm, soy-based food product made from coagulated soy milk. It has a rubbery, firm consistency that holds its shape, and are easy to chew. The product is typically consumed warm.","<strong>Soy milk</strong><br><br>This product is a liquid, soy-based food product made from soybeans. It has a uniform, liquid consistency and can be poured and drunk. The product is typically consumed cold or at room temperature.","<strong>Cheese from cow’s milk</strong><br><br>This product is a firm dairy-based food product made from cow’s milk. Often known as cheese for pizza. When heated it has a smooth, creamy to chewy, elastic consistency. The product is typically consumed warm or at room temperature.","https://raw.githubusercontent.com/HjorthenA/SoyDairyProducts/main/"
310,"DAIRY_SEMI","SOY_SOLID","SOY_SEMI","DAIRY_SOLID","DAIRY_LIQ","SOY_LIQ","<strong>Yoghurt from cow’s milk</strong><br><br>This product is a creamy, dairy-based food product made from fermented cow’s milk. It has a creamy consistency and can be eaten with a spoon. The product is typically consumed cold.","<strong>Yuba (tofu skin)</strong><br><br>This product is a rubbery, firm, soy-based food product made from coagulated soy milk. It has a rubbery, firm consistency that holds its shape, and are easy to chew. The product is typically consumed warm.","<strong>Douhua</strong><br><br>This product is a soft, firm, soy-based food product made from coagulated soymilk. It has a soft, firm consistency that holds its shape but can be easily divided with a spoon. The product is typically consumed cold or warm.","<strong>Cheese from cow’s milk</strong><br><br>This product is a firm dairy-based food product made from cow’s milk. Often known as cheese for pizza. When heated it has a smooth, creamy to chewy, elastic consistency. The product is typically consumed warm or at room temperature.","<strong>Cow’s milk</strong><br><br>This product is a liquid, dairy-based food product made from cow’s milk. It has a uniform, liquid consistency and can be poured and drunk. The product is typically consumed cold or at room temperature.","<strong>Soy milk</strong><br><br>This product is a liquid, soy-based food product made from soybeans. It has a uniform, liquid consistency and can be poured and drunk. The product is typically consumed cold or at room temperature.","https://raw.githubusercontent.com/HjorthenA/SoyDairyProducts/main/"
311,"SOY_SOLID","DAIRY_SOLID","DAIRY_SEMI","SOY_LIQ","SOY_SEMI","DAIRY_LIQ","<strong>Yuba (tofu skin)</strong><br><br>This product is a rubbery, firm, soy-based food product made from coagulated soy milk. It has a rubbery, firm consistency that holds its shape, and are easy to chew. The product is typically consumed warm.","<strong>Cheese from cow’s milk</strong><br><br>This product is a firm dairy-based food product made from cow’s milk. Often known as cheese for pizza. When heated it has a smooth, creamy to chewy, elastic consistency. The product is typically consumed warm or at room temperature.","<strong>Yoghurt from cow’s milk</strong><br><br>This product is a creamy, dairy-based food product made from fermented cow’s milk. It has a creamy consistency and can be eaten with a spoon. The product is typically consumed cold.","<strong>Soy milk</strong><br><br>This product is a liquid, soy-based food product made from soybeans. It has a uniform, liquid consistency and can be poured and drunk. The product is typically consumed cold or at room temperature.","<strong>Douhua</strong><br><br>This product is a soft, firm, soy-based food product made from coagulated soymilk. It has a soft, firm consistency that holds its shape but can be easily divided with a spoon. The product is typically consumed cold or warm.","<strong>Cow’s milk</strong><br><br>This product is a liquid, dairy-based food product made from cow’s milk. It has a uniform, liquid consistency and can be poured and drunk. The product is typically consumed cold or at room temperature.","https://raw.githubusercontent.com/HjorthenA/SoyDairyProducts/main/"
312,"DAIRY_SOLID","SOY_LIQ","SOY_SOLID","DAIRY_LIQ","DAIRY_SEMI","SOY_SEMI","<strong>Cheese from cow’s milk</strong><br><br>This product is a firm dairy-based food product made from cow’s milk. Often known as cheese for pizza. When heated it has a smooth, creamy to chewy, elastic consistency. The product is typically consumed warm or at room temperature.","<strong>Soy milk</strong><br><br>This product is a liquid, soy-based food product made from soybeans. It has a uniform, liquid consistency and can be poured and drunk. The product is typically consumed cold or at room temperature.","<strong>Yuba (tofu skin)</strong><br><br>This product is a rubbery, firm, soy-based food product made from coagulated soy milk. It has a rubbery, firm consistency that holds its shape, and are easy to chew. The product is typically consumed warm.","<strong>Cow’s milk</strong><br><br>This product is a liquid, dairy-based food product made from cow’s milk. It has a uniform, liquid consistency and can be poured and drunk. The product is typically consumed cold or at room temperature.","<strong>Yoghurt from cow’s milk</strong><br><br>This product is a creamy, dairy-based food product made from fermented cow’s milk. It has a creamy consistency and can be eaten with a spoon. The product is typically consumed cold.","<strong>Douhua</strong><br><br>This product is a soft, firm, soy-based food product made from coagulated soymilk. It has a soft, firm consistency that holds its shape but can be easily divided with a spoon. The product is typically consumed cold or warm.","https://raw.githubusercontent.com/HjorthenA/SoyDairyProducts/main/"
313,"SOY_LIQ","DAIRY_LIQ","DAIRY_SOLID","SOY_SEMI","SOY_SOLID","DAIRY_SEMI","<strong>Soy milk</strong><br><br>This product is a liquid, soy-based food product made from soybeans. It has a uniform, liquid consistency and can be poured and drunk. The product is typically consumed cold or at room temperature.","<strong>Cow’s milk</strong><br><br>This product is a liquid, dairy-based food product made from cow’s milk. It has a uniform, liquid consistency and can be poured and drunk. The product is typically consumed cold or at room temperature.","<strong>Cheese from cow’s milk</strong><br><br>This product is a firm dairy-based food product made from cow’s milk. Often known as cheese for pizza. When heated it has a smooth, creamy to chewy, elastic consistency. The product is typically consumed warm or at room temperature.","<strong>Douhua</strong><br><br>This product is a soft, firm, soy-based food product made from coagulated soymilk. It has a soft, firm consistency that holds its shape but can be easily divided with a spoon. The product is typically consumed cold or warm.","<strong>Yuba (tofu skin)</strong><br><br>This product is a rubbery, firm, soy-based food product made from coagulated soy milk. It has a rubbery, firm consistency that holds its shape, and are easy to chew. The product is typically consumed warm.","<strong>Yoghurt from cow’s milk</strong><br><br>This product is a creamy, dairy-based food product made from fermented cow’s milk. It has a creamy consistency and can be eaten with a spoon. The product is typically consumed cold.","https://raw.githubusercontent.com/HjorthenA/SoyDairyProducts/main/"
314,"DAIRY_LIQ","SOY_SEMI","SOY_LIQ","DAIRY_SEMI","DAIRY_SOLID","SOY_SOLID","<strong>Cow’s milk</strong><br><br>This product is a liquid, dairy-based food product made from cow’s milk. It has a uniform, liquid consistency and can be poured and drunk. The product is typically consumed cold or at room temperature.","<strong>Douhua</strong><br><br>This product is a soft, firm, soy-based food product made from coagulated soymilk. It has a soft, firm consistency that holds its shape but can be easily divided with a spoon. The product is typically consumed cold or warm.","<strong>Soy milk</strong><br><br>This product is a liquid, soy-based food product made from soybeans. It has a uniform, liquid consistency and can be poured and drunk. The product is typically consumed cold or at room temperature.","<strong>Yoghurt from cow’s milk</strong><br><br>This product is a creamy, dairy-based food product made from fermented cow’s milk. It has a creamy consistency and can be eaten with a spoon. The product is typically consumed cold.","<strong>Cheese from cow’s milk</strong><br><br>This product is a firm dairy-based food product made from cow’s milk. Often known as cheese for pizza. When heated it has a smooth, creamy to chewy, elastic consistency. The product is typically consumed warm or at room temperature.","<strong>Yuba (tofu skin)</strong><br><br>This product is a rubbery, firm, soy-based food product made from coagulated soy milk. It has a rubbery, firm consistency that holds its shape, and are easy to chew. The product is typically consumed warm.","https://raw.githubusercontent.com/HjorthenA/SoyDairyProducts/main/"
315,"SOY_SEMI","DAIRY_SEMI","DAIRY_LIQ","SOY_SOLID","SOY_LIQ","DAIRY_SOLID","<strong>Douhua</strong><br><br>This product is a soft, firm, soy-based food product made from coagulated soymilk. It has a soft, firm consistency that holds its shape but can be easily divided with a spoon. The product is typically consumed cold or warm.","<strong>Yoghurt from cow’s milk</strong><br><br>This product is a creamy, dairy-based food product made from fermented cow’s milk. It has a creamy consistency and can be eaten with a spoon. The product is typically consumed cold.","<strong>Cow’s milk</strong><br><br>This product is a liquid, dairy-based food product made from cow’s milk. It has a uniform, liquid consistency and can be poured and drunk. The product is typically consumed cold or at room temperature.","<strong>Yuba (tofu skin)</strong><br><br>This product is a rubbery, firm, soy-based food product made from coagulated soy milk. It has a rubbery, firm consistency that holds its shape, and are easy to chew. The product is typically consumed warm.","<strong>Soy milk</strong><br><br>This product is a liquid, soy-based food product made from soybeans. It has a uniform, liquid consistency and can be poured and drunk. The product is typically consumed cold or at room temperature.","<strong>Cheese from cow’s milk</strong><br><br>This product is a firm dairy-based food product made from cow’s milk. Often known as cheese for pizza. When heated it has a smooth, creamy to chewy, elastic consistency. The product is typically consumed warm or at room temperature.","https://raw.githubusercontent.com/HjorthenA/SoyDairyProducts/main/"
316,"DAIRY_SEMI","SOY_SOLID","SOY_SEMI","DAIRY_SOLID","DAIRY_LIQ","SOY_LIQ","<strong>Yoghurt from cow’s milk</strong><br><br>This product is a creamy, dairy-based food product made from fermented cow’s milk. It has a creamy consistency and can be eaten with a spoon. The product is typically consumed cold.","<strong>Yuba (tofu skin)</strong><br><br>This product is a rubbery, firm, soy-based food product made from coagulated soy milk. It has a rubbery, firm consistency that holds its shape, and are easy to chew. The product is typically consumed warm.","<strong>Douhua</strong><br><br>This product is a soft, firm, soy-based food product made from coagulated soymilk. It has a soft, firm consistency that holds its shape but can be easily divided with a spoon. The product is typically consumed cold or warm.","<strong>Cheese from cow’s milk</strong><br><br>This product is a firm dairy-based food product made from cow’s milk. Often known as cheese for pizza. When heated it has a smooth, creamy to chewy, elastic consistency. The product is typically consumed warm or at room temperature.","<strong>Cow’s milk</strong><br><br>This product is a liquid, dairy-based food product made from cow’s milk. It has a uniform, liquid consistency and can be poured and drunk. The product is typically consumed cold or at room temperature.","<strong>Soy milk</strong><br><br>This product is a liquid, soy-based food product made from soybeans. It has a uniform, liquid consistency and can be poured and drunk. The product is typically consumed cold or at room temperature.","https://raw.githubusercontent.com/HjorthenA/SoyDairyProducts/main/"
317,"SOY_SOLID","DAIRY_SOLID","DAIRY_SEMI","SOY_LIQ","SOY_SEMI","DAIRY_LIQ","<strong>Yuba (tofu skin)</strong><br><br>This product is a rubbery, firm, soy-based food product made from coagulated soy milk. It has a rubbery, firm consistency that holds its shape, and are easy to chew. The product is typically consumed warm.","<strong>Cheese from cow’s milk</strong><br><br>This product is a firm dairy-based food product made from cow’s milk. Often known as cheese for pizza. When heated it has a smooth, creamy to chewy, elastic consistency. The product is typically consumed warm or at room temperature.","<strong>Yoghurt from cow’s milk</strong><br><br>This product is a creamy, dairy-based food product made from fermented cow’s milk. It has a creamy consistency and can be eaten with a spoon. The product is typically consumed cold.","<strong>Soy milk</strong><br><br>This product is a liquid, soy-based food product made from soybeans. It has a uniform, liquid consistency and can be poured and drunk. The product is typically consumed cold or at room temperature.","<strong>Douhua</strong><br><br>This product is a soft, firm, soy-based food product made from coagulated soymilk. It has a soft, firm consistency that holds its shape but can be easily divided with a spoon. The product is typically consumed cold or warm.","<strong>Cow’s milk</strong><br><br>This product is a liquid, dairy-based food product made from cow’s milk. It has a uniform, liquid consistency and can be poured and drunk. The product is typically consumed cold or at room temperature.","https://raw.githubusercontent.com/HjorthenA/SoyDairyProducts/main/"
318,"DAIRY_SOLID","SOY_LIQ","SOY_SOLID","DAIRY_LIQ","DAIRY_SEMI","SOY_SEMI","<strong>Cheese from cow’s milk</strong><br><br>This product is a firm dairy-based food product made from cow’s milk. Often known as cheese for pizza. When heated it has a smooth, creamy to chewy, elastic consistency. The product is typically consumed warm or at room temperature.","<strong>Soy milk</strong><br><br>This product is a liquid, soy-based food product made from soybeans. It has a uniform, liquid consistency and can be poured and drunk. The product is typically consumed cold or at room temperature.","<strong>Yuba (tofu skin)</strong><br><br>This product is a rubbery, firm, soy-based food product made from coagulated soy milk. It has a rubbery, firm consistency that holds its shape, and are easy to chew. The product is typically consumed warm.","<strong>Cow’s milk</strong><br><br>This product is a liquid, dairy-based food product made from cow’s milk. It has a uniform, liquid consistency and can be poured and drunk. The product is typically consumed cold or at room temperature.","<strong>Yoghurt from cow’s milk</strong><br><br>This product is a creamy, dairy-based food product made from fermented cow’s milk. It has a creamy consistency and can be eaten with a spoon. The product is typically consumed cold.","<strong>Douhua</strong><br><br>This product is a soft, firm, soy-based food product made from coagulated soymilk. It has a soft, firm consistency that holds its shape but can be easily divided with a spoon. The product is typically consumed cold or warm.","https://raw.githubusercontent.com/HjorthenA/SoyDairyProducts/main/"
319,"SOY_LIQ","DAIRY_LIQ","DAIRY_SOLID","SOY_SEMI","SOY_SOLID","DAIRY_SEMI","<strong>Soy milk</strong><br><br>This product is a liquid, soy-based food product made from soybeans. It has a uniform, liquid consistency and can be poured and drunk. The product is typically consumed cold or at room temperature.","<strong>Cow’s milk</strong><br><br>This product is a liquid, dairy-based food product made from cow’s milk. It has a uniform, liquid consistency and can be poured and drunk. The product is typically consumed cold or at room temperature.","<strong>Cheese from cow’s milk</strong><br><br>This product is a firm dairy-based food product made from cow’s milk. Often known as cheese for pizza. When heated it has a smooth, creamy to chewy, elastic consistency. The product is typically consumed warm or at room temperature.","<strong>Douhua</strong><br><br>This product is a soft, firm, soy-based food product made from coagulated soymilk. It has a soft, firm consistency that holds its shape but can be easily divided with a spoon. The product is typically consumed cold or warm.","<strong>Yuba (tofu skin)</strong><br><br>This product is a rubbery, firm, soy-based food product made from coagulated soy milk. It has a rubbery, firm consistency that holds its shape, and are easy to chew. The product is typically consumed warm.","<strong>Yoghurt from cow’s milk</strong><br><br>This product is a creamy, dairy-based food product made from fermented cow’s milk. It has a creamy consistency and can be eaten with a spoon. The product is typically consumed cold.","https://raw.githubusercontent.com/HjorthenA/SoyDairyProducts/main/"
320,"DAIRY_LIQ","SOY_SEMI","SOY_LIQ","DAIRY_SEMI","DAIRY_SOLID","SOY_SOLID","<strong>Cow’s milk</strong><br><br>This product is a liquid, dairy-based food product made from cow’s milk. It has a uniform, liquid consistency and can be poured and drunk. The product is typically consumed cold or at room temperature.","<strong>Douhua</strong><br><br>This product is a soft, firm, soy-based food product made from coagulated soymilk. It has a soft, firm consistency that holds its shape but can be easily divided with a spoon. The product is typically consumed cold or warm.","<strong>Soy milk</strong><br><br>This product is a liquid, soy-based food product made from soybeans. It has a uniform, liquid consistency and can be poured and drunk. The product is typically consumed cold or at room temperature.","<strong>Yoghurt from cow’s milk</strong><br><br>This product is a creamy, dairy-based food product made from fermented cow’s milk. It has a creamy consistency and can be eaten with a spoon. The product is typically consumed cold.","<strong>Cheese from cow’s milk</strong><br><br>This product is a firm dairy-based food product made from cow’s milk. Often known as cheese for pizza. When heated it has a smooth, creamy to chewy, elastic consistency. The product is typically consumed warm or at room temperature.","<strong>Yuba (tofu skin)</strong><br><br>This product is a rubbery, firm, soy-based food product made from coagulated soy milk. It has a rubbery, firm consistency that holds its shape, and are easy to chew. The product is typically consumed warm.","https://raw.githubusercontent.com/HjorthenA/SoyDairyProducts/main/"
321,"SOY_SEMI","DAIRY_SEMI","DAIRY_LIQ","SOY_SOLID","SOY_LIQ","DAIRY_SOLID","<strong>Douhua</strong><br><br>This product is a soft, firm, soy-based food product made from coagulated soymilk. It has a soft, firm consistency that holds its shape but can be easily divided with a spoon. The product is typically consumed cold or warm.","<strong>Yoghurt from cow’s milk</strong><br><br>This product is a creamy, dairy-based food product made from fermented cow’s milk. It has a creamy consistency and can be eaten with a spoon. The product is typically consumed cold.","<strong>Cow’s milk</strong><br><br>This product is a liquid, dairy-based food product made from cow’s milk. It has a uniform, liquid consistency and can be poured and drunk. The product is typically consumed cold or at room temperature.","<strong>Yuba (tofu skin)</strong><br><br>This product is a rubbery, firm, soy-based food product made from coagulated soy milk. It has a rubbery, firm consistency that holds its shape, and are easy to chew. The product is typically consumed warm.","<strong>Soy milk</strong><br><br>This product is a liquid, soy-based food product made from soybeans. It has a uniform, liquid consistency and can be poured and drunk. The product is typically consumed cold or at room temperature.","<strong>Cheese from cow’s milk</strong><br><br>This product is a firm dairy-based food product made from cow’s milk. Often known as cheese for pizza. When heated it has a smooth, creamy to chewy, elastic consistency. The product is typically consumed warm or at room temperature.","https://raw.githubusercontent.com/HjorthenA/SoyDairyProducts/main/"
322,"DAIRY_SEMI","SOY_SOLID","SOY_SEMI","DAIRY_SOLID","DAIRY_LIQ","SOY_LIQ","<strong>Yoghurt from cow’s milk</strong><br><br>This product is a creamy, dairy-based food product made from fermented cow’s milk. It has a creamy consistency and can be eaten with a spoon. The product is typically consumed cold.","<strong>Yuba (tofu skin)</strong><br><br>This product is a rubbery, firm, soy-based food product made from coagulated soy milk. It has a rubbery, firm consistency that holds its shape, and are easy to chew. The product is typically consumed warm.","<strong>Douhua</strong><br><br>This product is a soft, firm, soy-based food product made from coagulated soymilk. It has a soft, firm consistency that holds its shape but can be easily divided with a spoon. The product is typically consumed cold or warm.","<strong>Cheese from cow’s milk</strong><br><br>This product is a firm dairy-based food product made from cow’s milk. Often known as cheese for pizza. When heated it has a smooth, creamy to chewy, elastic consistency. The product is typically consumed warm or at room temperature.","<strong>Cow’s milk</strong><br><br>This product is a liquid, dairy-based food product made from cow’s milk. It has a uniform, liquid consistency and can be poured and drunk. The product is typically consumed cold or at room temperature.","<strong>Soy milk</strong><br><br>This product is a liquid, soy-based food product made from soybeans. It has a uniform, liquid consistency and can be poured and drunk. The product is typically consumed cold or at room temperature.","https://raw.githubusercontent.com/HjorthenA/SoyDairyProducts/main/"
323,"SOY_SOLID","DAIRY_SOLID","DAIRY_SEMI","SOY_LIQ","SOY_SEMI","DAIRY_LIQ","<strong>Yuba (tofu skin)</strong><br><br>This product is a rubbery, firm, soy-based food product made from coagulated soy milk. It has a rubbery, firm consistency that holds its shape, and are easy to chew. The product is typically consumed warm.","<strong>Cheese from cow’s milk</strong><br><br>This product is a firm dairy-based food product made from cow’s milk. Often known as cheese for pizza. When heated it has a smooth, creamy to chewy, elastic consistency. The product is typically consumed warm or at room temperature.","<strong>Yoghurt from cow’s milk</strong><br><br>This product is a creamy, dairy-based food product made from fermented cow’s milk. It has a creamy consistency and can be eaten with a spoon. The product is typically consumed cold.","<strong>Soy milk</strong><br><br>This product is a liquid, soy-based food product made from soybeans. It has a uniform, liquid consistency and can be poured and drunk. The product is typically consumed cold or at room temperature.","<strong>Douhua</strong><br><br>This product is a soft, firm, soy-based food product made from coagulated soymilk. It has a soft, firm consistency that holds its shape but can be easily divided with a spoon. The product is typically consumed cold or warm.","<strong>Cow’s milk</strong><br><br>This product is a liquid, dairy-based food product made from cow’s milk. It has a uniform, liquid consistency and can be poured and drunk. The product is typically consumed cold or at room temperature.","https://raw.githubusercontent.com/HjorthenA/SoyDairyProducts/main/"
324,"DAIRY_SOLID","SOY_LIQ","SOY_SOLID","DAIRY_LIQ","DAIRY_SEMI","SOY_SEMI","<strong>Cheese from cow’s milk</strong><br><br>This product is a firm dairy-based food product made from cow’s milk. Often known as cheese for pizza. When heated it has a smooth, creamy to chewy, elastic consistency. The product is typically consumed warm or at room temperature.","<strong>Soy milk</strong><br><br>This product is a liquid, soy-based food product made from soybeans. It has a uniform, liquid consistency and can be poured and drunk. The product is typically consumed cold or at room temperature.","<strong>Yuba (tofu skin)</strong><br><br>This product is a rubbery, firm, soy-based food product made from coagulated soy milk. It has a rubbery, firm consistency that holds its shape, and are easy to chew. The product is typically consumed warm.","<strong>Cow’s milk</strong><br><br>This product is a liquid, dairy-based food product made from cow’s milk. It has a uniform, liquid consistency and can be poured and drunk. The product is typically consumed cold or at room temperature.","<strong>Yoghurt from cow’s milk</strong><br><br>This product is a creamy, dairy-based food product made from fermented cow’s milk. It has a creamy consistency and can be eaten with a spoon. The product is typically consumed cold.","<strong>Douhua</strong><br><br>This product is a soft, firm, soy-based food product made from coagulated soymilk. It has a soft, firm consistency that holds its shape but can be easily divided with a spoon. The product is typically consumed cold or warm.","https://raw.githubusercontent.com/HjorthenA/SoyDairyProducts/main/"
325,"SOY_LIQ","DAIRY_LIQ","DAIRY_SOLID","SOY_SEMI","SOY_SOLID","DAIRY_SEMI","<strong>Soy milk</strong><br><br>This product is a liquid, soy-based food product made from soybeans. It has a uniform, liquid consistency and can be poured and drunk. The product is typically consumed cold or at room temperature.","<strong>Cow’s milk</strong><br><br>This product is a liquid, dairy-based food product made from cow’s milk. It has a uniform, liquid consistency and can be poured and drunk. The product is typically consumed cold or at room temperature.","<strong>Cheese from cow’s milk</strong><br><br>This product is a firm dairy-based food product made from cow’s milk. Often known as cheese for pizza. When heated it has a smooth, creamy to chewy, elastic consistency. The product is typically consumed warm or at room temperature.","<strong>Douhua</strong><br><br>This product is a soft, firm, soy-based food product made from coagulated soymilk. It has a soft, firm consistency that holds its shape but can be easily divided with a spoon. The product is typically consumed cold or warm.","<strong>Yuba (tofu skin)</strong><br><br>This product is a rubbery, firm, soy-based food product made from coagulated soy milk. It has a rubbery, firm consistency that holds its shape, and are easy to chew. The product is typically consumed warm.","<strong>Yoghurt from cow’s milk</strong><br><br>This product is a creamy, dairy-based food product made from fermented cow’s milk. It has a creamy consistency and can be eaten with a spoon. The product is typically consumed cold.","https://raw.githubusercontent.com/HjorthenA/SoyDairyProducts/main/"
326,"DAIRY_LIQ","SOY_SEMI","SOY_LIQ","DAIRY_SEMI","DAIRY_SOLID","SOY_SOLID","<strong>Cow’s milk</strong><br><br>This product is a liquid, dairy-based food product made from cow’s milk. It has a uniform, liquid consistency and can be poured and drunk. The product is typically consumed cold or at room temperature.","<strong>Douhua</strong><br><br>This product is a soft, firm, soy-based food product made from coagulated soymilk. It has a soft, firm consistency that holds its shape but can be easily divided with a spoon. The product is typically consumed cold or warm.","<strong>Soy milk</strong><br><br>This product is a liquid, soy-based food product made from soybeans. It has a uniform, liquid consistency and can be poured and drunk. The product is typically consumed cold or at room temperature.","<strong>Yoghurt from cow’s milk</strong><br><br>This product is a creamy, dairy-based food product made from fermented cow’s milk. It has a creamy consistency and can be eaten with a spoon. The product is typically consumed cold.","<strong>Cheese from cow’s milk</strong><br><br>This product is a firm dairy-based food product made from cow’s milk. Often known as cheese for pizza. When heated it has a smooth, creamy to chewy, elastic consistency. The product is typically consumed warm or at room temperature.","<strong>Yuba (tofu skin)</strong><br><br>This product is a rubbery, firm, soy-based food product made from coagulated soy milk. It has a rubbery, firm consistency that holds its shape, and are easy to chew. The product is typically consumed warm.","https://raw.githubusercontent.com/HjorthenA/SoyDairyProducts/main/"
327,"SOY_SEMI","DAIRY_SEMI","DAIRY_LIQ","SOY_SOLID","SOY_LIQ","DAIRY_SOLID","<strong>Douhua</strong><br><br>This product is a soft, firm, soy-based food product made from coagulated soymilk. It has a soft, firm consistency that holds its shape but can be easily divided with a spoon. The product is typically consumed cold or warm.","<strong>Yoghurt from cow’s milk</strong><br><br>This product is a creamy, dairy-based food product made from fermented cow’s milk. It has a creamy consistency and can be eaten with a spoon. The product is typically consumed cold.","<strong>Cow’s milk</strong><br><br>This product is a liquid, dairy-based food product made from cow’s milk. It has a uniform, liquid consistency and can be poured and drunk. The product is typically consumed cold or at room temperature.","<strong>Yuba (tofu skin)</strong><br><br>This product is a rubbery, firm, soy-based food product made from coagulated soy milk. It has a rubbery, firm consistency that holds its shape, and are easy to chew. The product is typically consumed warm.","<strong>Soy milk</strong><br><br>This product is a liquid, soy-based food product made from soybeans. It has a uniform, liquid consistency and can be poured and drunk. The product is typically consumed cold or at room temperature.","<strong>Cheese from cow’s milk</strong><br><br>This product is a firm dairy-based food product made from cow’s milk. Often known as cheese for pizza. When heated it has a smooth, creamy to chewy, elastic consistency. The product is typically consumed warm or at room temperature.","https://raw.githubusercontent.com/HjorthenA/SoyDairyProducts/main/"
328,"DAIRY_SEMI","SOY_SOLID","SOY_SEMI","DAIRY_SOLID","DAIRY_LIQ","SOY_LIQ","<strong>Yoghurt from cow’s milk</strong><br><br>This product is a creamy, dairy-based food product made from fermented cow’s milk. It has a creamy consistency and can be eaten with a spoon. The product is typically consumed cold.","<strong>Yuba (tofu skin)</strong><br><br>This product is a rubbery, firm, soy-based food product made from coagulated soy milk. It has a rubbery, firm consistency that holds its shape, and are easy to chew. The product is typically consumed warm.","<strong>Douhua</strong><br><br>This product is a soft, firm, soy-based food product made from coagulated soymilk. It has a soft, firm consistency that holds its shape but can be easily divided with a spoon. The product is typically consumed cold or warm.","<strong>Cheese from cow’s milk</strong><br><br>This product is a firm dairy-based food product made from cow’s milk. Often known as cheese for pizza. When heated it has a smooth, creamy to chewy, elastic consistency. The product is typically consumed warm or at room temperature.","<strong>Cow’s milk</strong><br><br>This product is a liquid, dairy-based food product made from cow’s milk. It has a uniform, liquid consistency and can be poured and drunk. The product is typically consumed cold or at room temperature.","<strong>Soy milk</strong><br><br>This product is a liquid, soy-based food product made from soybeans. It has a uniform, liquid consistency and can be poured and drunk. The product is typically consumed cold or at room temperature.","https://raw.githubusercontent.com/HjorthenA/SoyDairyProducts/main/"
329,"SOY_SOLID","DAIRY_SOLID","DAIRY_SEMI","SOY_LIQ","SOY_SEMI","DAIRY_LIQ","<strong>Yuba (tofu skin)</strong><br><br>This product is a rubbery, firm, soy-based food product made from coagulated soy milk. It has a rubbery, firm consistency that holds its shape, and are easy to chew. The product is typically consumed warm.","<strong>Cheese from cow’s milk</strong><br><br>This product is a firm dairy-based food product made from cow’s milk. Often known as cheese for pizza. When heated it has a smooth, creamy to chewy, elastic consistency. The product is typically consumed warm or at room temperature.","<strong>Yoghurt from cow’s milk</strong><br><br>This product is a creamy, dairy-based food product made from fermented cow’s milk. It has a creamy consistency and can be eaten with a spoon. The product is typically consumed cold.","<strong>Soy milk</strong><br><br>This product is a liquid, soy-based food product made from soybeans. It has a uniform, liquid consistency and can be poured and drunk. The product is typically consumed cold or at room temperature.","<strong>Douhua</strong><br><br>This product is a soft, firm, soy-based food product made from coagulated soymilk. It has a soft, firm consistency that holds its shape but can be easily divided with a spoon. The product is typically consumed cold or warm.","<strong>Cow’s milk</strong><br><br>This product is a liquid, dairy-based food product made from cow’s milk. It has a uniform, liquid consistency and can be poured and drunk. The product is typically consumed cold or at room temperature.","https://raw.githubusercontent.com/HjorthenA/SoyDairyProducts/main/"
330,"DAIRY_SOLID","SOY_LIQ","SOY_SOLID","DAIRY_LIQ","DAIRY_SEMI","SOY_SEMI","<strong>Cheese from cow’s milk</strong><br><br>This product is a firm dairy-based food product made from cow’s milk. Often known as cheese for pizza. When heated it has a smooth, creamy to chewy, elastic consistency. The product is typically consumed warm or at room temperature.","<strong>Soy milk</strong><br><br>This product is a liquid, soy-based food product made from soybeans. It has a uniform, liquid consistency and can be poured and drunk. The product is typically consumed cold or at room temperature.","<strong>Yuba (tofu skin)</strong><br><br>This product is a rubbery, firm, soy-based food product made from coagulated soy milk. It has a rubbery, firm consistency that holds its shape, and are easy to chew. The product is typically consumed warm.","<strong>Cow’s milk</strong><br><br>This product is a liquid, dairy-based food product made from cow’s milk. It has a uniform, liquid consistency and can be poured and drunk. The product is typically consumed cold or at room temperature.","<strong>Yoghurt from cow’s milk</strong><br><br>This product is a creamy, dairy-based food product made from fermented cow’s milk. It has a creamy consistency and can be eaten with a spoon. The product is typically consumed cold.","<strong>Douhua</strong><br><br>This product is a soft, firm, soy-based food product made from coagulated soymilk. It has a soft, firm consistency that holds its shape but can be easily divided with a spoon. The product is typically consumed cold or warm.","https://raw.githubusercontent.com/HjorthenA/SoyDairyProducts/main/"
331,"SOY_LIQ","DAIRY_LIQ","DAIRY_SOLID","SOY_SEMI","SOY_SOLID","DAIRY_SEMI","<strong>Soy milk</strong><br><br>This product is a liquid, soy-based food product made from soybeans. It has a uniform, liquid consistency and can be poured and drunk. The product is typically consumed cold or at room temperature.","<strong>Cow’s milk</strong><br><br>This product is a liquid, dairy-based food product made from cow’s milk. It has a uniform, liquid consistency and can be poured and drunk. The product is typically consumed cold or at room temperature.","<strong>Cheese from cow’s milk</strong><br><br>This product is a firm dairy-based food product made from cow’s milk. Often known as cheese for pizza. When heated it has a smooth, creamy to chewy, elastic consistency. The product is typically consumed warm or at room temperature.","<strong>Douhua</strong><br><br>This product is a soft, firm, soy-based food product made from coagulated soymilk. It has a soft, firm consistency that holds its shape but can be easily divided with a spoon. The product is typically consumed cold or warm.","<strong>Yuba (tofu skin)</strong><br><br>This product is a rubbery, firm, soy-based food product made from coagulated soy milk. It has a rubbery, firm consistency that holds its shape, and are easy to chew. The product is typically consumed warm.","<strong>Yoghurt from cow’s milk</strong><br><br>This product is a creamy, dairy-based food product made from fermented cow’s milk. It has a creamy consistency and can be eaten with a spoon. The product is typically consumed cold.","https://raw.githubusercontent.com/HjorthenA/SoyDairyProducts/main/"
332,"DAIRY_LIQ","SOY_SEMI","SOY_LIQ","DAIRY_SEMI","DAIRY_SOLID","SOY_SOLID","<strong>Cow’s milk</strong><br><br>This product is a liquid, dairy-based food product made from cow’s milk. It has a uniform, liquid consistency and can be poured and drunk. The product is typically consumed cold or at room temperature.","<strong>Douhua</strong><br><br>This product is a soft, firm, soy-based food product made from coagulated soymilk. It has a soft, firm consistency that holds its shape but can be easily divided with a spoon. The product is typically consumed cold or warm.","<strong>Soy milk</strong><br><br>This product is a liquid, soy-based food product made from soybeans. It has a uniform, liquid consistency and can be poured and drunk. The product is typically consumed cold or at room temperature.","<strong>Yoghurt from cow’s milk</strong><br><br>This product is a creamy, dairy-based food product made from fermented cow’s milk. It has a creamy consistency and can be eaten with a spoon. The product is typically consumed cold.","<strong>Cheese from cow’s milk</strong><br><br>This product is a firm dairy-based food product made from cow’s milk. Often known as cheese for pizza. When heated it has a smooth, creamy to chewy, elastic consistency. The product is typically consumed warm or at room temperature.","<strong>Yuba (tofu skin)</strong><br><br>This product is a rubbery, firm, soy-based food product made from coagulated soy milk. It has a rubbery, firm consistency that holds its shape, and are easy to chew. The product is typically consumed warm.","https://raw.githubusercontent.com/HjorthenA/SoyDairyProducts/main/"
333,"SOY_SEMI","DAIRY_SEMI","DAIRY_LIQ","SOY_SOLID","SOY_LIQ","DAIRY_SOLID","<strong>Douhua</strong><br><br>This product is a soft, firm, soy-based food product made from coagulated soymilk. It has a soft, firm consistency that holds its shape but can be easily divided with a spoon. The product is typically consumed cold or warm.","<strong>Yoghurt from cow’s milk</strong><br><br>This product is a creamy, dairy-based food product made from fermented cow’s milk. It has a creamy consistency and can be eaten with a spoon. The product is typically consumed cold.","<strong>Cow’s milk</strong><br><br>This product is a liquid, dairy-based food product made from cow’s milk. It has a uniform, liquid consistency and can be poured and drunk. The product is typically consumed cold or at room temperature.","<strong>Yuba (tofu skin)</strong><br><br>This product is a rubbery, firm, soy-based food product made from coagulated soy milk. It has a rubbery, firm consistency that holds its shape, and are easy to chew. The product is typically consumed warm.","<strong>Soy milk</strong><br><br>This product is a liquid, soy-based food product made from soybeans. It has a uniform, liquid consistency and can be poured and drunk. The product is typically consumed cold or at room temperature.","<strong>Cheese from cow’s milk</strong><br><br>This product is a firm dairy-based food product made from cow’s milk. Often known as cheese for pizza. When heated it has a smooth, creamy to chewy, elastic consistency. The product is typically consumed warm or at room temperature.","https://raw.githubusercontent.com/HjorthenA/SoyDairyProducts/main/"
334,"DAIRY_SEMI","SOY_SOLID","SOY_SEMI","DAIRY_SOLID","DAIRY_LIQ","SOY_LIQ","<strong>Yoghurt from cow’s milk</strong><br><br>This product is a creamy, dairy-based food product made from fermented cow’s milk. It has a creamy consistency and can be eaten with a spoon. The product is typically consumed cold.","<strong>Yuba (tofu skin)</strong><br><br>This product is a rubbery, firm, soy-based food product made from coagulated soy milk. It has a rubbery, firm consistency that holds its shape, and are easy to chew. The product is typically consumed warm.","<strong>Douhua</strong><br><br>This product is a soft, firm, soy-based food product made from coagulated soymilk. It has a soft, firm consistency that holds its shape but can be easily divided with a spoon. The product is typically consumed cold or warm.","<strong>Cheese from cow’s milk</strong><br><br>This product is a firm dairy-based food product made from cow’s milk. Often known as cheese for pizza. When heated it has a smooth, creamy to chewy, elastic consistency. The product is typically consumed warm or at room temperature.","<strong>Cow’s milk</strong><br><br>This product is a liquid, dairy-based food product made from cow’s milk. It has a uniform, liquid consistency and can be poured and drunk. The product is typically consumed cold or at room temperature.","<strong>Soy milk</strong><br><br>This product is a liquid, soy-based food product made from soybeans. It has a uniform, liquid consistency and can be poured and drunk. The product is typically consumed cold or at room temperature.","https://raw.githubusercontent.com/HjorthenA/SoyDairyProducts/main/"
335,"SOY_SOLID","DAIRY_SOLID","DAIRY_SEMI","SOY_LIQ","SOY_SEMI","DAIRY_LIQ","<strong>Yuba (tofu skin)</strong><br><br>This product is a rubbery, firm, soy-based food product made from coagulated soy milk. It has a rubbery, firm consistency that holds its shape, and are easy to chew. The product is typically consumed warm.","<strong>Cheese from cow’s milk</strong><br><br>This product is a firm dairy-based food product made from cow’s milk. Often known as cheese for pizza. When heated it has a smooth, creamy to chewy, elastic consistency. The product is typically consumed warm or at room temperature.","<strong>Yoghurt from cow’s milk</strong><br><br>This product is a creamy, dairy-based food product made from fermented cow’s milk. It has a creamy consistency and can be eaten with a spoon. The product is typically consumed cold.","<strong>Soy milk</strong><br><br>This product is a liquid, soy-based food product made from soybeans. It has a uniform, liquid consistency and can be poured and drunk. The product is typically consumed cold or at room temperature.","<strong>Douhua</strong><br><br>This product is a soft, firm, soy-based food product made from coagulated soymilk. It has a soft, firm consistency that holds its shape but can be easily divided with a spoon. The product is typically consumed cold or warm.","<strong>Cow’s milk</strong><br><br>This product is a liquid, dairy-based food product made from cow’s milk. It has a uniform, liquid consistency and can be poured and drunk. The product is typically consumed cold or at room temperature.","https://raw.githubusercontent.com/HjorthenA/SoyDairyProducts/main/"
336,"DAIRY_SOLID","SOY_LIQ","SOY_SOLID","DAIRY_LIQ","DAIRY_SEMI","SOY_SEMI","<strong>Cheese from cow’s milk</strong><br><br>This product is a firm dairy-based food product made from cow’s milk. Often known as cheese for pizza. When heated it has a smooth, creamy to chewy, elastic consistency. The product is typically consumed warm or at room temperature.","<strong>Soy milk</strong><br><br>This product is a liquid, soy-based food product made from soybeans. It has a uniform, liquid consistency and can be poured and drunk. The product is typically consumed cold or at room temperature.","<strong>Yuba (tofu skin)</strong><br><br>This product is a rubbery, firm, soy-based food product made from coagulated soy milk. It has a rubbery, firm consistency that holds its shape, and are easy to chew. The product is typically consumed warm.","<strong>Cow’s milk</strong><br><br>This product is a liquid, dairy-based food product made from cow’s milk. It has a uniform, liquid consistency and can be poured and drunk. The product is typically consumed cold or at room temperature.","<strong>Yoghurt from cow’s milk</strong><br><br>This product is a creamy, dairy-based food product made from fermented cow’s milk. It has a creamy consistency and can be eaten with a spoon. The product is typically consumed cold.","<strong>Douhua</strong><br><br>This product is a soft, firm, soy-based food product made from coagulated soymilk. It has a soft, firm consistency that holds its shape but can be easily divided with a spoon. The product is typically consumed cold or warm.","https://raw.githubusercontent.com/HjorthenA/SoyDairyProducts/main/"
337,"SOY_LIQ","DAIRY_LIQ","DAIRY_SOLID","SOY_SEMI","SOY_SOLID","DAIRY_SEMI","<strong>Soy milk</strong><br><br>This product is a liquid, soy-based food product made from soybeans. It has a uniform, liquid consistency and can be poured and drunk. The product is typically consumed cold or at room temperature.","<strong>Cow’s milk</strong><br><br>This product is a liquid, dairy-based food product made from cow’s milk. It has a uniform, liquid consistency and can be poured and drunk. The product is typically consumed cold or at room temperature.","<strong>Cheese from cow’s milk</strong><br><br>This product is a firm dairy-based food product made from cow’s milk. Often known as cheese for pizza. When heated it has a smooth, creamy to chewy, elastic consistency. The product is typically consumed warm or at room temperature.","<strong>Douhua</strong><br><br>This product is a soft, firm, soy-based food product made from coagulated soymilk. It has a soft, firm consistency that holds its shape but can be easily divided with a spoon. The product is typically consumed cold or warm.","<strong>Yuba (tofu skin)</strong><br><br>This product is a rubbery, firm, soy-based food product made from coagulated soy milk. It has a rubbery, firm consistency that holds its shape, and are easy to chew. The product is typically consumed warm.","<strong>Yoghurt from cow’s milk</strong><br><br>This product is a creamy, dairy-based food product made from fermented cow’s milk. It has a creamy consistency and can be eaten with a spoon. The product is typically consumed cold.","https://raw.githubusercontent.com/HjorthenA/SoyDairyProducts/main/"
338,"DAIRY_LIQ","SOY_SEMI","SOY_LIQ","DAIRY_SEMI","DAIRY_SOLID","SOY_SOLID","<strong>Cow’s milk</strong><br><br>This product is a liquid, dairy-based food product made from cow’s milk. It has a uniform, liquid consistency and can be poured and drunk. The product is typically consumed cold or at room temperature.","<strong>Douhua</strong><br><br>This product is a soft, firm, soy-based food product made from coagulated soymilk. It has a soft, firm consistency that holds its shape but can be easily divided with a spoon. The product is typically consumed cold or warm.","<strong>Soy milk</strong><br><br>This product is a liquid, soy-based food product made from soybeans. It has a uniform, liquid consistency and can be poured and drunk. The product is typically consumed cold or at room temperature.","<strong>Yoghurt from cow’s milk</strong><br><br>This product is a creamy, dairy-based food product made from fermented cow’s milk. It has a creamy consistency and can be eaten with a spoon. The product is typically consumed cold.","<strong>Cheese from cow’s milk</strong><br><br>This product is a firm dairy-based food product made from cow’s milk. Often known as cheese for pizza. When heated it has a smooth, creamy to chewy, elastic consistency. The product is typically consumed warm or at room temperature.","<strong>Yuba (tofu skin)</strong><br><br>This product is a rubbery, firm, soy-based food product made from coagulated soy milk. It has a rubbery, firm consistency that holds its shape, and are easy to chew. The product is typically consumed warm.","https://raw.githubusercontent.com/HjorthenA/SoyDairyProducts/main/"
339,"SOY_SEMI","DAIRY_SEMI","DAIRY_LIQ","SOY_SOLID","SOY_LIQ","DAIRY_SOLID","<strong>Douhua</strong><br><br>This product is a soft, firm, soy-based food product made from coagulated soymilk. It has a soft, firm consistency that holds its shape but can be easily divided with a spoon. The product is typically consumed cold or warm.","<strong>Yoghurt from cow’s milk</strong><br><br>This product is a creamy, dairy-based food product made from fermented cow’s milk. It has a creamy consistency and can be eaten with a spoon. The product is typically consumed cold.","<strong>Cow’s milk</strong><br><br>This product is a liquid, dairy-based food product made from cow’s milk. It has a uniform, liquid consistency and can be poured and drunk. The product is typically consumed cold or at room temperature.","<strong>Yuba (tofu skin)</strong><br><br>This product is a rubbery, firm, soy-based food product made from coagulated soy milk. It has a rubbery, firm consistency that holds its shape, and are easy to chew. The product is typically consumed warm.","<strong>Soy milk</strong><br><br>This product is a liquid, soy-based food product made from soybeans. It has a uniform, liquid consistency and can be poured and drunk. The product is typically consumed cold or at room temperature.","<strong>Cheese from cow’s milk</strong><br><br>This product is a firm dairy-based food product made from cow’s milk. Often known as cheese for pizza. When heated it has a smooth, creamy to chewy, elastic consistency. The product is typically consumed warm or at room temperature.","https://raw.githubusercontent.com/HjorthenA/SoyDairyProducts/main/"
340,"DAIRY_SEMI","SOY_SOLID","SOY_SEMI","DAIRY_SOLID","DAIRY_LIQ","SOY_LIQ","<strong>Yoghurt from cow’s milk</strong><br><br>This product is a creamy, dairy-based food product made from fermented cow’s milk. It has a creamy consistency and can be eaten with a spoon. The product is typically consumed cold.","<strong>Yuba (tofu skin)</strong><br><br>This product is a rubbery, firm, soy-based food product made from coagulated soy milk. It has a rubbery, firm consistency that holds its shape, and are easy to chew. The product is typically consumed warm.","<strong>Douhua</strong><br><br>This product is a soft, firm, soy-based food product made from coagulated soymilk. It has a soft, firm consistency that holds its shape but can be easily divided with a spoon. The product is typically consumed cold or warm.","<strong>Cheese from cow’s milk</strong><br><br>This product is a firm dairy-based food product made from cow’s milk. Often known as cheese for pizza. When heated it has a smooth, creamy to chewy, elastic consistency. The product is typically consumed warm or at room temperature.","<strong>Cow’s milk</strong><br><br>This product is a liquid, dairy-based food product made from cow’s milk. It has a uniform, liquid consistency and can be poured and drunk. The product is typically consumed cold or at room temperature.","<strong>Soy milk</strong><br><br>This product is a liquid, soy-based food product made from soybeans. It has a uniform, liquid consistency and can be poured and drunk. The product is typically consumed cold or at room temperature.","https://raw.githubusercontent.com/HjorthenA/SoyDairyProducts/main/"
341,"SOY_SOLID","DAIRY_SOLID","DAIRY_SEMI","SOY_LIQ","SOY_SEMI","DAIRY_LIQ","<strong>Yuba (tofu skin)</strong><br><br>This product is a rubbery, firm, soy-based food product made from coagulated soy milk. It has a rubbery, firm consistency that holds its shape, and are easy to chew. The product is typically consumed warm.","<strong>Cheese from cow’s milk</strong><br><br>This product is a firm dairy-based food product made from cow’s milk. Often known as cheese for pizza. When heated it has a smooth, creamy to chewy, elastic consistency. The product is typically consumed warm or at room temperature.","<strong>Yoghurt from cow’s milk</strong><br><br>This product is a creamy, dairy-based food product made from fermented cow’s milk. It has a creamy consistency and can be eaten with a spoon. The product is typically consumed cold.","<strong>Soy milk</strong><br><br>This product is a liquid, soy-based food product made from soybeans. It has a uniform, liquid consistency and can be poured and drunk. The product is typically consumed cold or at room temperature.","<strong>Douhua</strong><br><br>This product is a soft, firm, soy-based food product made from coagulated soymilk. It has a soft, firm consistency that holds its shape but can be easily divided with a spoon. The product is typically consumed cold or warm.","<strong>Cow’s milk</strong><br><br>This product is a liquid, dairy-based food product made from cow’s milk. It has a uniform, liquid consistency and can be poured and drunk. The product is typically consumed cold or at room temperature.","https://raw.githubusercontent.com/HjorthenA/SoyDairyProducts/main/"
342,"DAIRY_SOLID","SOY_LIQ","SOY_SOLID","DAIRY_LIQ","DAIRY_SEMI","SOY_SEMI","<strong>Cheese from cow’s milk</strong><br><br>This product is a firm dairy-based food product made from cow’s milk. Often known as cheese for pizza. When heated it has a smooth, creamy to chewy, elastic consistency. The product is typically consumed warm or at room temperature.","<strong>Soy milk</strong><br><br>This product is a liquid, soy-based food product made from soybeans. It has a uniform, liquid consistency and can be poured and drunk. The product is typically consumed cold or at room temperature.","<strong>Yuba (tofu skin)</strong><br><br>This product is a rubbery, firm, soy-based food product made from coagulated soy milk. It has a rubbery, firm consistency that holds its shape, and are easy to chew. The product is typically consumed warm.","<strong>Cow’s milk</strong><br><br>This product is a liquid, dairy-based food product made from cow’s milk. It has a uniform, liquid consistency and can be poured and drunk. The product is typically consumed cold or at room temperature.","<strong>Yoghurt from cow’s milk</strong><br><br>This product is a creamy, dairy-based food product made from fermented cow’s milk. It has a creamy consistency and can be eaten with a spoon. The product is typically consumed cold.","<strong>Douhua</strong><br><br>This product is a soft, firm, soy-based food product made from coagulated soymilk. It has a soft, firm consistency that holds its shape but can be easily divided with a spoon. The product is typically consumed cold or warm.","https://raw.githubusercontent.com/HjorthenA/SoyDairyProducts/main/"
343,"SOY_LIQ","DAIRY_LIQ","DAIRY_SOLID","SOY_SEMI","SOY_SOLID","DAIRY_SEMI","<strong>Soy milk</strong><br><br>This product is a liquid, soy-based food product made from soybeans. It has a uniform, liquid consistency and can be poured and drunk. The product is typically consumed cold or at room temperature.","<strong>Cow’s milk</strong><br><br>This product is a liquid, dairy-based food product made from cow’s milk. It has a uniform, liquid consistency and can be poured and drunk. The product is typically consumed cold or at room temperature.","<strong>Cheese from cow’s milk</strong><br><br>This product is a firm dairy-based food product made from cow’s milk. Often known as cheese for pizza. When heated it has a smooth, creamy to chewy, elastic consistency. The product is typically consumed warm or at room temperature.","<strong>Douhua</strong><br><br>This product is a soft, firm, soy-based food product made from coagulated soymilk. It has a soft, firm consistency that holds its shape but can be easily divided with a spoon. The product is typically consumed cold or warm.","<strong>Yuba (tofu skin)</strong><br><br>This product is a rubbery, firm, soy-based food product made from coagulated soy milk. It has a rubbery, firm consistency that holds its shape, and are easy to chew. The product is typically consumed warm.","<strong>Yoghurt from cow’s milk</strong><br><br>This product is a creamy, dairy-based food product made from fermented cow’s milk. It has a creamy consistency and can be eaten with a spoon. The product is typically consumed cold.","https://raw.githubusercontent.com/HjorthenA/SoyDairyProducts/main/"
344,"DAIRY_LIQ","SOY_SEMI","SOY_LIQ","DAIRY_SEMI","DAIRY_SOLID","SOY_SOLID","<strong>Cow’s milk</strong><br><br>This product is a liquid, dairy-based food product made from cow’s milk. It has a uniform, liquid consistency and can be poured and drunk. The product is typically consumed cold or at room temperature.","<strong>Douhua</strong><br><br>This product is a soft, firm, soy-based food product made from coagulated soymilk. It has a soft, firm consistency that holds its shape but can be easily divided with a spoon. The product is typically consumed cold or warm.","<strong>Soy milk</strong><br><br>This product is a liquid, soy-based food product made from soybeans. It has a uniform, liquid consistency and can be poured and drunk. The product is typically consumed cold or at room temperature.","<strong>Yoghurt from cow’s milk</strong><br><br>This product is a creamy, dairy-based food product made from fermented cow’s milk. It has a creamy consistency and can be eaten with a spoon. The product is typically consumed cold.","<strong>Cheese from cow’s milk</strong><br><br>This product is a firm dairy-based food product made from cow’s milk. Often known as cheese for pizza. When heated it has a smooth, creamy to chewy, elastic consistency. The product is typically consumed warm or at room temperature.","<strong>Yuba (tofu skin)</strong><br><br>This product is a rubbery, firm, soy-based food product made from coagulated soy milk. It has a rubbery, firm consistency that holds its shape, and are easy to chew. The product is typically consumed warm.","https://raw.githubusercontent.com/HjorthenA/SoyDairyProducts/main/"
345,"SOY_SEMI","DAIRY_SEMI","DAIRY_LIQ","SOY_SOLID","SOY_LIQ","DAIRY_SOLID","<strong>Douhua</strong><br><br>This product is a soft, firm, soy-based food product made from coagulated soymilk. It has a soft, firm consistency that holds its shape but can be easily divided with a spoon. The product is typically consumed cold or warm.","<strong>Yoghurt from cow’s milk</strong><br><br>This product is a creamy, dairy-based food product made from fermented cow’s milk. It has a creamy consistency and can be eaten with a spoon. The product is typically consumed cold.","<strong>Cow’s milk</strong><br><br>This product is a liquid, dairy-based food product made from cow’s milk. It has a uniform, liquid consistency and can be poured and drunk. The product is typically consumed cold or at room temperature.","<strong>Yuba (tofu skin)</strong><br><br>This product is a rubbery, firm, soy-based food product made from coagulated soy milk. It has a rubbery, firm consistency that holds its shape, and are easy to chew. The product is typically consumed warm.","<strong>Soy milk</strong><br><br>This product is a liquid, soy-based food product made from soybeans. It has a uniform, liquid consistency and can be poured and drunk. The product is typically consumed cold or at room temperature.","<strong>Cheese from cow’s milk</strong><br><br>This product is a firm dairy-based food product made from cow’s milk. Often known as cheese for pizza. When heated it has a smooth, creamy to chewy, elastic consistency. The product is typically consumed warm or at room temperature.","https://raw.githubusercontent.com/HjorthenA/SoyDairyProducts/main/"
346,"DAIRY_SEMI","SOY_SOLID","SOY_SEMI","DAIRY_SOLID","DAIRY_LIQ","SOY_LIQ","<strong>Yoghurt from cow’s milk</strong><br><br>This product is a creamy, dairy-based food product made from fermented cow’s milk. It has a creamy consistency and can be eaten with a spoon. The product is typically consumed cold.","<strong>Yuba (tofu skin)</strong><br><br>This product is a rubbery, firm, soy-based food product made from coagulated soy milk. It has a rubbery, firm consistency that holds its shape, and are easy to chew. The product is typically consumed warm.","<strong>Douhua</strong><br><br>This product is a soft, firm, soy-based food product made from coagulated soymilk. It has a soft, firm consistency that holds its shape but can be easily divided with a spoon. The product is typically consumed cold or warm.","<strong>Cheese from cow’s milk</strong><br><br>This product is a firm dairy-based food product made from cow’s milk. Often known as cheese for pizza. When heated it has a smooth, creamy to chewy, elastic consistency. The product is typically consumed warm or at room temperature.","<strong>Cow’s milk</strong><br><br>This product is a liquid, dairy-based food product made from cow’s milk. It has a uniform, liquid consistency and can be poured and drunk. The product is typically consumed cold or at room temperature.","<strong>Soy milk</strong><br><br>This product is a liquid, soy-based food product made from soybeans. It has a uniform, liquid consistency and can be poured and drunk. The product is typically consumed cold or at room temperature.","https://raw.githubusercontent.com/HjorthenA/SoyDairyProducts/main/"
347,"SOY_SOLID","DAIRY_SOLID","DAIRY_SEMI","SOY_LIQ","SOY_SEMI","DAIRY_LIQ","<strong>Yuba (tofu skin)</strong><br><br>This product is a rubbery, firm, soy-based food product made from coagulated soy milk. It has a rubbery, firm consistency that holds its shape, and are easy to chew. The product is typically consumed warm.","<strong>Cheese from cow’s milk</strong><br><br>This product is a firm dairy-based food product made from cow’s milk. Often known as cheese for pizza. When heated it has a smooth, creamy to chewy, elastic consistency. The product is typically consumed warm or at room temperature.","<strong>Yoghurt from cow’s milk</strong><br><br>This product is a creamy, dairy-based food product made from fermented cow’s milk. It has a creamy consistency and can be eaten with a spoon. The product is typically consumed cold.","<strong>Soy milk</strong><br><br>This product is a liquid, soy-based food product made from soybeans. It has a uniform, liquid consistency and can be poured and drunk. The product is typically consumed cold or at room temperature.","<strong>Douhua</strong><br><br>This product is a soft, firm, soy-based food product made from coagulated soymilk. It has a soft, firm consistency that holds its shape but can be easily divided with a spoon. The product is typically consumed cold or warm.","<strong>Cow’s milk</strong><br><br>This product is a liquid, dairy-based food product made from cow’s milk. It has a uniform, liquid consistency and can be poured and drunk. The product is typically consumed cold or at room temperature.","https://raw.githubusercontent.com/HjorthenA/SoyDairyProducts/main/"
348,"DAIRY_SOLID","SOY_LIQ","SOY_SOLID","DAIRY_LIQ","DAIRY_SEMI","SOY_SEMI","<strong>Cheese from cow’s milk</strong><br><br>This product is a firm dairy-based food product made from cow’s milk. Often known as cheese for pizza. When heated it has a smooth, creamy to chewy, elastic consistency. The product is typically consumed warm or at room temperature.","<strong>Soy milk</strong><br><br>This product is a liquid, soy-based food product made from soybeans. It has a uniform, liquid consistency and can be poured and drunk. The product is typically consumed cold or at room temperature.","<strong>Yuba (tofu skin)</strong><br><br>This product is a rubbery, firm, soy-based food product made from coagulated soy milk. It has a rubbery, firm consistency that holds its shape, and are easy to chew. The product is typically consumed warm.","<strong>Cow’s milk</strong><br><br>This product is a liquid, dairy-based food product made from cow’s milk. It has a uniform, liquid consistency and can be poured and drunk. The product is typically consumed cold or at room temperature.","<strong>Yoghurt from cow’s milk</strong><br><br>This product is a creamy, dairy-based food product made from fermented cow’s milk. It has a creamy consistency and can be eaten with a spoon. The product is typically consumed cold.","<strong>Douhua</strong><br><br>This product is a soft, firm, soy-based food product made from coagulated soymilk. It has a soft, firm consistency that holds its shape but can be easily divided with a spoon. The product is typically consumed cold or warm.","https://raw.githubusercontent.com/HjorthenA/SoyDairyProducts/main/"
349,"SOY_LIQ","DAIRY_LIQ","DAIRY_SOLID","SOY_SEMI","SOY_SOLID","DAIRY_SEMI","<strong>Soy milk</strong><br><br>This product is a liquid, soy-based food product made from soybeans. It has a uniform, liquid consistency and can be poured and drunk. The product is typically consumed cold or at room temperature.","<strong>Cow’s milk</strong><br><br>This product is a liquid, dairy-based food product made from cow’s milk. It has a uniform, liquid consistency and can be poured and drunk. The product is typically consumed cold or at room temperature.","<strong>Cheese from cow’s milk</strong><br><br>This product is a firm dairy-based food product made from cow’s milk. Often known as cheese for pizza. When heated it has a smooth, creamy to chewy, elastic consistency. The product is typically consumed warm or at room temperature.","<strong>Douhua</strong><br><br>This product is a soft, firm, soy-based food product made from coagulated soymilk. It has a soft, firm consistency that holds its shape but can be easily divided with a spoon. The product is typically consumed cold or warm.","<strong>Yuba (tofu skin)</strong><br><br>This product is a rubbery, firm, soy-based food product made from coagulated soy milk. It has a rubbery, firm consistency that holds its shape, and are easy to chew. The product is typically consumed warm.","<strong>Yoghurt from cow’s milk</strong><br><br>This product is a creamy, dairy-based food product made from fermented cow’s milk. It has a creamy consistency and can be eaten with a spoon. The product is typically consumed cold.","https://raw.githubusercontent.com/HjorthenA/SoyDairyProducts/main/"
350,"DAIRY_LIQ","SOY_SEMI","SOY_LIQ","DAIRY_SEMI","DAIRY_SOLID","SOY_SOLID","<strong>Cow’s milk</strong><br><br>This product is a liquid, dairy-based food product made from cow’s milk. It has a uniform, liquid consistency and can be poured and drunk. The product is typically consumed cold or at room temperature.","<strong>Douhua</strong><br><br>This product is a soft, firm, soy-based food product made from coagulated soymilk. It has a soft, firm consistency that holds its shape but can be easily divided with a spoon. The product is typically consumed cold or warm.","<strong>Soy milk</strong><br><br>This product is a liquid, soy-based food product made from soybeans. It has a uniform, liquid consistency and can be poured and drunk. The product is typically consumed cold or at room temperature.","<strong>Yoghurt from cow’s milk</strong><br><br>This product is a creamy, dairy-based food product made from fermented cow’s milk. It has a creamy consistency and can be eaten with a spoon. The product is typically consumed cold.","<strong>Cheese from cow’s milk</strong><br><br>This product is a firm dairy-based food product made from cow’s milk. Often known as cheese for pizza. When heated it has a smooth, creamy to chewy, elastic consistency. The product is typically consumed warm or at room temperature.","<strong>Yuba (tofu skin)</strong><br><br>This product is a rubbery, firm, soy-based food product made from coagulated soy milk. It has a rubbery, firm consistency that holds its shape, and are easy to chew. The product is typically consumed warm.","https://raw.githubusercontent.com/HjorthenA/SoyDairyProducts/main/"
351,"SOY_SEMI","DAIRY_SEMI","DAIRY_LIQ","SOY_SOLID","SOY_LIQ","DAIRY_SOLID","<strong>Douhua</strong><br><br>This product is a soft, firm, soy-based food product made from coagulated soymilk. It has a soft, firm consistency that holds its shape but can be easily divided with a spoon. The product is typically consumed cold or warm.","<strong>Yoghurt from cow’s milk</strong><br><br>This product is a creamy, dairy-based food product made from fermented cow’s milk. It has a creamy consistency and can be eaten with a spoon. The product is typically consumed cold.","<strong>Cow’s milk</strong><br><br>This product is a liquid, dairy-based food product made from cow’s milk. It has a uniform, liquid consistency and can be poured and drunk. The product is typically consumed cold or at room temperature.","<strong>Yuba (tofu skin)</strong><br><br>This product is a rubbery, firm, soy-based food product made from coagulated soy milk. It has a rubbery, firm consistency that holds its shape, and are easy to chew. The product is typically consumed warm.","<strong>Soy milk</strong><br><br>This product is a liquid, soy-based food product made from soybeans. It has a uniform, liquid consistency and can be poured and drunk. The product is typically consumed cold or at room temperature.","<strong>Cheese from cow’s milk</strong><br><br>This product is a firm dairy-based food product made from cow’s milk. Often known as cheese for pizza. When heated it has a smooth, creamy to chewy, elastic consistency. The product is typically consumed warm or at room temperature.","https://raw.githubusercontent.com/HjorthenA/SoyDairyProducts/main/"
352,"DAIRY_SEMI","SOY_SOLID","SOY_SEMI","DAIRY_SOLID","DAIRY_LIQ","SOY_LIQ","<strong>Yoghurt from cow’s milk</strong><br><br>This product is a creamy, dairy-based food product made from fermented cow’s milk. It has a creamy consistency and can be eaten with a spoon. The product is typically consumed cold.","<strong>Yuba (tofu skin)</strong><br><br>This product is a rubbery, firm, soy-based food product made from coagulated soy milk. It has a rubbery, firm consistency that holds its shape, and are easy to chew. The product is typically consumed warm.","<strong>Douhua</strong><br><br>This product is a soft, firm, soy-based food product made from coagulated soymilk. It has a soft, firm consistency that holds its shape but can be easily divided with a spoon. The product is typically consumed cold or warm.","<strong>Cheese from cow’s milk</strong><br><br>This product is a firm dairy-based food product made from cow’s milk. Often known as cheese for pizza. When heated it has a smooth, creamy to chewy, elastic consistency. The product is typically consumed warm or at room temperature.","<strong>Cow’s milk</strong><br><br>This product is a liquid, dairy-based food product made from cow’s milk. It has a uniform, liquid consistency and can be poured and drunk. The product is typically consumed cold or at room temperature.","<strong>Soy milk</strong><br><br>This product is a liquid, soy-based food product made from soybeans. It has a uniform, liquid consistency and can be poured and drunk. The product is typically consumed cold or at room temperature.","https://raw.githubusercontent.com/HjorthenA/SoyDairyProducts/main/"
353,"SOY_SOLID","DAIRY_SOLID","DAIRY_SEMI","SOY_LIQ","SOY_SEMI","DAIRY_LIQ","<strong>Yuba (tofu skin)</strong><br><br>This product is a rubbery, firm, soy-based food product made from coagulated soy milk. It has a rubbery, firm consistency that holds its shape, and are easy to chew. The product is typically consumed warm.","<strong>Cheese from cow’s milk</strong><br><br>This product is a firm dairy-based food product made from cow’s milk. Often known as cheese for pizza. When heated it has a smooth, creamy to chewy, elastic consistency. The product is typically consumed warm or at room temperature.","<strong>Yoghurt from cow’s milk</strong><br><br>This product is a creamy, dairy-based food product made from fermented cow’s milk. It has a creamy consistency and can be eaten with a spoon. The product is typically consumed cold.","<strong>Soy milk</strong><br><br>This product is a liquid, soy-based food product made from soybeans. It has a uniform, liquid consistency and can be poured and drunk. The product is typically consumed cold or at room temperature.","<strong>Douhua</strong><br><br>This product is a soft, firm, soy-based food product made from coagulated soymilk. It has a soft, firm consistency that holds its shape but can be easily divided with a spoon. The product is typically consumed cold or warm.","<strong>Cow’s milk</strong><br><br>This product is a liquid, dairy-based food product made from cow’s milk. It has a uniform, liquid consistency and can be poured and drunk. The product is typically consumed cold or at room temperature.","https://raw.githubusercontent.com/HjorthenA/SoyDairyProducts/main/"
354,"DAIRY_SOLID","SOY_LIQ","SOY_SOLID","DAIRY_LIQ","DAIRY_SEMI","SOY_SEMI","<strong>Cheese from cow’s milk</strong><br><br>This product is a firm dairy-based food product made from cow’s milk. Often known as cheese for pizza. When heated it has a smooth, creamy to chewy, elastic consistency. The product is typically consumed warm or at room temperature.","<strong>Soy milk</strong><br><br>This product is a liquid, soy-based food product made from soybeans. It has a uniform, liquid consistency and can be poured and drunk. The product is typically consumed cold or at room temperature.","<strong>Yuba (tofu skin)</strong><br><br>This product is a rubbery, firm, soy-based food product made from coagulated soy milk. It has a rubbery, firm consistency that holds its shape, and are easy to chew. The product is typically consumed warm.","<strong>Cow’s milk</strong><br><br>This product is a liquid, dairy-based food product made from cow’s milk. It has a uniform, liquid consistency and can be poured and drunk. The product is typically consumed cold or at room temperature.","<strong>Yoghurt from cow’s milk</strong><br><br>This product is a creamy, dairy-based food product made from fermented cow’s milk. It has a creamy consistency and can be eaten with a spoon. The product is typically consumed cold.","<strong>Douhua</strong><br><br>This product is a soft, firm, soy-based food product made from coagulated soymilk. It has a soft, firm consistency that holds its shape but can be easily divided with a spoon. The product is typically consumed cold or warm.","https://raw.githubusercontent.com/HjorthenA/SoyDairyProducts/main/"
355,"SOY_LIQ","DAIRY_LIQ","DAIRY_SOLID","SOY_SEMI","SOY_SOLID","DAIRY_SEMI","<strong>Soy milk</strong><br><br>This product is a liquid, soy-based food product made from soybeans. It has a uniform, liquid consistency and can be poured and drunk. The product is typically consumed cold or at room temperature.","<strong>Cow’s milk</strong><br><br>This product is a liquid, dairy-based food product made from cow’s milk. It has a uniform, liquid consistency and can be poured and drunk. The product is typically consumed cold or at room temperature.","<strong>Cheese from cow’s milk</strong><br><br>This product is a firm dairy-based food product made from cow’s milk. Often known as cheese for pizza. When heated it has a smooth, creamy to chewy, elastic consistency. The product is typically consumed warm or at room temperature.","<strong>Douhua</strong><br><br>This product is a soft, firm, soy-based food product made from coagulated soymilk. It has a soft, firm consistency that holds its shape but can be easily divided with a spoon. The product is typically consumed cold or warm.","<strong>Yuba (tofu skin)</strong><br><br>This product is a rubbery, firm, soy-based food product made from coagulated soy milk. It has a rubbery, firm consistency that holds its shape, and are easy to chew. The product is typically consumed warm.","<strong>Yoghurt from cow’s milk</strong><br><br>This product is a creamy, dairy-based food product made from fermented cow’s milk. It has a creamy consistency and can be eaten with a spoon. The product is typically consumed cold.","https://raw.githubusercontent.com/HjorthenA/SoyDairyProducts/main/"
356,"DAIRY_LIQ","SOY_SEMI","SOY_LIQ","DAIRY_SEMI","DAIRY_SOLID","SOY_SOLID","<strong>Cow’s milk</strong><br><br>This product is a liquid, dairy-based food product made from cow’s milk. It has a uniform, liquid consistency and can be poured and drunk. The product is typically consumed cold or at room temperature.","<strong>Douhua</strong><br><br>This product is a soft, firm, soy-based food product made from coagulated soymilk. It has a soft, firm consistency that holds its shape but can be easily divided with a spoon. The product is typically consumed cold or warm.","<strong>Soy milk</strong><br><br>This product is a liquid, soy-based food product made from soybeans. It has a uniform, liquid consistency and can be poured and drunk. The product is typically consumed cold or at room temperature.","<strong>Yoghurt from cow’s milk</strong><br><br>This product is a creamy, dairy-based food product made from fermented cow’s milk. It has a creamy consistency and can be eaten with a spoon. The product is typically consumed cold.","<strong>Cheese from cow’s milk</strong><br><br>This product is a firm dairy-based food product made from cow’s milk. Often known as cheese for pizza. When heated it has a smooth, creamy to chewy, elastic consistency. The product is typically consumed warm or at room temperature.","<strong>Yuba (tofu skin)</strong><br><br>This product is a rubbery, firm, soy-based food product made from coagulated soy milk. It has a rubbery, firm consistency that holds its shape, and are easy to chew. The product is typically consumed warm.","https://raw.githubusercontent.com/HjorthenA/SoyDairyProducts/main/"
357,"SOY_SEMI","DAIRY_SEMI","DAIRY_LIQ","SOY_SOLID","SOY_LIQ","DAIRY_SOLID","<strong>Douhua</strong><br><br>This product is a soft, firm, soy-based food product made from coagulated soymilk. It has a soft, firm consistency that holds its shape but can be easily divided with a spoon. The product is typically consumed cold or warm.","<strong>Yoghurt from cow’s milk</strong><br><br>This product is a creamy, dairy-based food product made from fermented cow’s milk. It has a creamy consistency and can be eaten with a spoon. The product is typically consumed cold.","<strong>Cow’s milk</strong><br><br>This product is a liquid, dairy-based food product made from cow’s milk. It has a uniform, liquid consistency and can be poured and drunk. The product is typically consumed cold or at room temperature.","<strong>Yuba (tofu skin)</strong><br><br>This product is a rubbery, firm, soy-based food product made from coagulated soy milk. It has a rubbery, firm consistency that holds its shape, and are easy to chew. The product is typically consumed warm.","<strong>Soy milk</strong><br><br>This product is a liquid, soy-based food product made from soybeans. It has a uniform, liquid consistency and can be poured and drunk. The product is typically consumed cold or at room temperature.","<strong>Cheese from cow’s milk</strong><br><br>This product is a firm dairy-based food product made from cow’s milk. Often known as cheese for pizza. When heated it has a smooth, creamy to chewy, elastic consistency. The product is typically consumed warm or at room temperature.","https://raw.githubusercontent.com/HjorthenA/SoyDairyProducts/main/"
358,"DAIRY_SEMI","SOY_SOLID","SOY_SEMI","DAIRY_SOLID","DAIRY_LIQ","SOY_LIQ","<strong>Yoghurt from cow’s milk</strong><br><br>This product is a creamy, dairy-based food product made from fermented cow’s milk. It has a creamy consistency and can be eaten with a spoon. The product is typically consumed cold.","<strong>Yuba (tofu skin)</strong><br><br>This product is a rubbery, firm, soy-based food product made from coagulated soy milk. It has a rubbery, firm consistency that holds its shape, and are easy to chew. The product is typically consumed warm.","<strong>Douhua</strong><br><br>This product is a soft, firm, soy-based food product made from coagulated soymilk. It has a soft, firm consistency that holds its shape but can be easily divided with a spoon. The product is typically consumed cold or warm.","<strong>Cheese from cow’s milk</strong><br><br>This product is a firm dairy-based food product made from cow’s milk. Often known as cheese for pizza. When heated it has a smooth, creamy to chewy, elastic consistency. The product is typically consumed warm or at room temperature.","<strong>Cow’s milk</strong><br><br>This product is a liquid, dairy-based food product made from cow’s milk. It has a uniform, liquid consistency and can be poured and drunk. The product is typically consumed cold or at room temperature.","<strong>Soy milk</strong><br><br>This product is a liquid, soy-based food product made from soybeans. It has a uniform, liquid consistency and can be poured and drunk. The product is typically consumed cold or at room temperature.","https://raw.githubusercontent.com/HjorthenA/SoyDairyProducts/main/"
359,"SOY_SOLID","DAIRY_SOLID","DAIRY_SEMI","SOY_LIQ","SOY_SEMI","DAIRY_LIQ","<strong>Yuba (tofu skin)</strong><br><br>This product is a rubbery, firm, soy-based food product made from coagulated soy milk. It has a rubbery, firm consistency that holds its shape, and are easy to chew. The product is typically consumed warm.","<strong>Cheese from cow’s milk</strong><br><br>This product is a firm dairy-based food product made from cow’s milk. Often known as cheese for pizza. When heated it has a smooth, creamy to chewy, elastic consistency. The product is typically consumed warm or at room temperature.","<strong>Yoghurt from cow’s milk</strong><br><br>This product is a creamy, dairy-based food product made from fermented cow’s milk. It has a creamy consistency and can be eaten with a spoon. The product is typically consumed cold.","<strong>Soy milk</strong><br><br>This product is a liquid, soy-based food product made from soybeans. It has a uniform, liquid consistency and can be poured and drunk. The product is typically consumed cold or at room temperature.","<strong>Douhua</strong><br><br>This product is a soft, firm, soy-based food product made from coagulated soymilk. It has a soft, firm consistency that holds its shape but can be easily divided with a spoon. The product is typically consumed cold or warm.","<strong>Cow’s milk</strong><br><br>This product is a liquid, dairy-based food product made from cow’s milk. It has a uniform, liquid consistency and can be poured and drunk. The product is typically consumed cold or at room temperature.","https://raw.githubusercontent.com/HjorthenA/SoyDairyProducts/main/"
360,"DAIRY_SOLID","SOY_LIQ","SOY_SOLID","DAIRY_LIQ","DAIRY_SEMI","SOY_SEMI","<strong>Cheese from cow’s milk</strong><br><br>This product is a firm dairy-based food product made from cow’s milk. Often known as cheese for pizza. When heated it has a smooth, creamy to chewy, elastic consistency. The product is typically consumed warm or at room temperature.","<strong>Soy milk</strong><br><br>This product is a liquid, soy-based food product made from soybeans. It has a uniform, liquid consistency and can be poured and drunk. The product is typically consumed cold or at room temperature.","<strong>Yuba (tofu skin)</strong><br><br>This product is a rubbery, firm, soy-based food product made from coagulated soy milk. It has a rubbery, firm consistency that holds its shape, and are easy to chew. The product is typically consumed warm.","<strong>Cow’s milk</strong><br><br>This product is a liquid, dairy-based food product made from cow’s milk. It has a uniform, liquid consistency and can be poured and drunk. The product is typically consumed cold or at room temperature.","<strong>Yoghurt from cow’s milk</strong><br><br>This product is a creamy, dairy-based food product made from fermented cow’s milk. It has a creamy consistency and can be eaten with a spoon. The product is typically consumed cold.","<strong>Douhua</strong><br><br>This product is a soft, firm, soy-based food product made from coagulated soymilk. It has a soft, firm consistency that holds its shape but can be easily divided with a spoon. The product is typically consumed cold or warm.","https://raw.githubusercontent.com/HjorthenA/SoyDairyProducts/main/"
361,"SOY_LIQ","DAIRY_LIQ","DAIRY_SOLID","SOY_SEMI","SOY_SOLID","DAIRY_SEMI","<strong>Soy milk</strong><br><br>This product is a liquid, soy-based food product made from soybeans. It has a uniform, liquid consistency and can be poured and drunk. The product is typically consumed cold or at room temperature.","<strong>Cow’s milk</strong><br><br>This product is a liquid, dairy-based food product made from cow’s milk. It has a uniform, liquid consistency and can be poured and drunk. The product is typically consumed cold or at room temperature.","<strong>Cheese from cow’s milk</strong><br><br>This product is a firm dairy-based food product made from cow’s milk. Often known as cheese for pizza. When heated it has a smooth, creamy to chewy, elastic consistency. The product is typically consumed warm or at room temperature.","<strong>Douhua</strong><br><br>This product is a soft, firm, soy-based food product made from coagulated soymilk. It has a soft, firm consistency that holds its shape but can be easily divided with a spoon. The product is typically consumed cold or warm.","<strong>Yuba (tofu skin)</strong><br><br>This product is a rubbery, firm, soy-based food product made from coagulated soy milk. It has a rubbery, firm consistency that holds its shape, and are easy to chew. The product is typically consumed warm.","<strong>Yoghurt from cow’s milk</strong><br><br>This product is a creamy, dairy-based food product made from fermented cow’s milk. It has a creamy consistency and can be eaten with a spoon. The product is typically consumed cold.","https://raw.githubusercontent.com/HjorthenA/SoyDairyProducts/main/"
362,"DAIRY_LIQ","SOY_SEMI","SOY_LIQ","DAIRY_SEMI","DAIRY_SOLID","SOY_SOLID","<strong>Cow’s milk</strong><br><br>This product is a liquid, dairy-based food product made from cow’s milk. It has a uniform, liquid consistency and can be poured and drunk. The product is typically consumed cold or at room temperature.","<strong>Douhua</strong><br><br>This product is a soft, firm, soy-based food product made from coagulated soymilk. It has a soft, firm consistency that holds its shape but can be easily divided with a spoon. The product is typically consumed cold or warm.","<strong>Soy milk</strong><br><br>This product is a liquid, soy-based food product made from soybeans. It has a uniform, liquid consistency and can be poured and drunk. The product is typically consumed cold or at room temperature.","<strong>Yoghurt from cow’s milk</strong><br><br>This product is a creamy, dairy-based food product made from fermented cow’s milk. It has a creamy consistency and can be eaten with a spoon. The product is typically consumed cold.","<strong>Cheese from cow’s milk</strong><br><br>This product is a firm dairy-based food product made from cow’s milk. Often known as cheese for pizza. When heated it has a smooth, creamy to chewy, elastic consistency. The product is typically consumed warm or at room temperature.","<strong>Yuba (tofu skin)</strong><br><br>This product is a rubbery, firm, soy-based food product made from coagulated soy milk. It has a rubbery, firm consistency that holds its shape, and are easy to chew. The product is typically consumed warm.","https://raw.githubusercontent.com/HjorthenA/SoyDairyProducts/main/"
363,"SOY_SEMI","DAIRY_SEMI","DAIRY_LIQ","SOY_SOLID","SOY_LIQ","DAIRY_SOLID","<strong>Douhua</strong><br><br>This product is a soft, firm, soy-based food product made from coagulated soymilk. It has a soft, firm consistency that holds its shape but can be easily divided with a spoon. The product is typically consumed cold or warm.","<strong>Yoghurt from cow’s milk</strong><br><br>This product is a creamy, dairy-based food product made from fermented cow’s milk. It has a creamy consistency and can be eaten with a spoon. The product is typically consumed cold.","<strong>Cow’s milk</strong><br><br>This product is a liquid, dairy-based food product made from cow’s milk. It has a uniform, liquid consistency and can be poured and drunk. The product is typically consumed cold or at room temperature.","<strong>Yuba (tofu skin)</strong><br><br>This product is a rubbery, firm, soy-based food product made from coagulated soy milk. It has a rubbery, firm consistency that holds its shape, and are easy to chew. The product is typically consumed warm.","<strong>Soy milk</strong><br><br>This product is a liquid, soy-based food product made from soybeans. It has a uniform, liquid consistency and can be poured and drunk. The product is typically consumed cold or at room temperature.","<strong>Cheese from cow’s milk</strong><br><br>This product is a firm dairy-based food product made from cow’s milk. Often known as cheese for pizza. When heated it has a smooth, creamy to chewy, elastic consistency. The product is typically consumed warm or at room temperature.","https://raw.githubusercontent.com/HjorthenA/SoyDairyProducts/main/"
364,"DAIRY_SEMI","SOY_SOLID","SOY_SEMI","DAIRY_SOLID","DAIRY_LIQ","SOY_LIQ","<strong>Yoghurt from cow’s milk</strong><br><br>This product is a creamy, dairy-based food product made from fermented cow’s milk. It has a creamy consistency and can be eaten with a spoon. The product is typically consumed cold.","<strong>Yuba (tofu skin)</strong><br><br>This product is a rubbery, firm, soy-based food product made from coagulated soy milk. It has a rubbery, firm consistency that holds its shape, and are easy to chew. The product is typically consumed warm.","<strong>Douhua</strong><br><br>This product is a soft, firm, soy-based food product made from coagulated soymilk. It has a soft, firm consistency that holds its shape but can be easily divided with a spoon. The product is typically consumed cold or warm.","<strong>Cheese from cow’s milk</strong><br><br>This product is a firm dairy-based food product made from cow’s milk. Often known as cheese for pizza. When heated it has a smooth, creamy to chewy, elastic consistency. The product is typically consumed warm or at room temperature.","<strong>Cow’s milk</strong><br><br>This product is a liquid, dairy-based food product made from cow’s milk. It has a uniform, liquid consistency and can be poured and drunk. The product is typically consumed cold or at room temperature.","<strong>Soy milk</strong><br><br>This product is a liquid, soy-based food product made from soybeans. It has a uniform, liquid consistency and can be poured and drunk. The product is typically consumed cold or at room temperature.","https://raw.githubusercontent.com/HjorthenA/SoyDairyProducts/main/"
365,"SOY_SOLID","DAIRY_SOLID","DAIRY_SEMI","SOY_LIQ","SOY_SEMI","DAIRY_LIQ","<strong>Yuba (tofu skin)</strong><br><br>This product is a rubbery, firm, soy-based food product made from coagulated soy milk. It has a rubbery, firm consistency that holds its shape, and are easy to chew. The product is typically consumed warm.","<strong>Cheese from cow’s milk</strong><br><br>This product is a firm dairy-based food product made from cow’s milk. Often known as cheese for pizza. When heated it has a smooth, creamy to chewy, elastic consistency. The product is typically consumed warm or at room temperature.","<strong>Yoghurt from cow’s milk</strong><br><br>This product is a creamy, dairy-based food product made from fermented cow’s milk. It has a creamy consistency and can be eaten with a spoon. The product is typically consumed cold.","<strong>Soy milk</strong><br><br>This product is a liquid, soy-based food product made from soybeans. It has a uniform, liquid consistency and can be poured and drunk. The product is typically consumed cold or at room temperature.","<strong>Douhua</strong><br><br>This product is a soft, firm, soy-based food product made from coagulated soymilk. It has a soft, firm consistency that holds its shape but can be easily divided with a spoon. The product is typically consumed cold or warm.","<strong>Cow’s milk</strong><br><br>This product is a liquid, dairy-based food product made from cow’s milk. It has a uniform, liquid consistency and can be poured and drunk. The product is typically consumed cold or at room temperature.","https://raw.githubusercontent.com/HjorthenA/SoyDairyProducts/main/"
366,"DAIRY_SOLID","SOY_LIQ","SOY_SOLID","DAIRY_LIQ","DAIRY_SEMI","SOY_SEMI","<strong>Cheese from cow’s milk</strong><br><br>This product is a firm dairy-based food product made from cow’s milk. Often known as cheese for pizza. When heated it has a smooth, creamy to chewy, elastic consistency. The product is typically consumed warm or at room temperature.","<strong>Soy milk</strong><br><br>This product is a liquid, soy-based food product made from soybeans. It has a uniform, liquid consistency and can be poured and drunk. The product is typically consumed cold or at room temperature.","<strong>Yuba (tofu skin)</strong><br><br>This product is a rubbery, firm, soy-based food product made from coagulated soy milk. It has a rubbery, firm consistency that holds its shape, and are easy to chew. The product is typically consumed warm.","<strong>Cow’s milk</strong><br><br>This product is a liquid, dairy-based food product made from cow’s milk. It has a uniform, liquid consistency and can be poured and drunk. The product is typically consumed cold or at room temperature.","<strong>Yoghurt from cow’s milk</strong><br><br>This product is a creamy, dairy-based food product made from fermented cow’s milk. It has a creamy consistency and can be eaten with a spoon. The product is typically consumed cold.","<strong>Douhua</strong><br><br>This product is a soft, firm, soy-based food product made from coagulated soymilk. It has a soft, firm consistency that holds its shape but can be easily divided with a spoon. The product is typically consumed cold or warm.","https://raw.githubusercontent.com/HjorthenA/SoyDairyProducts/main/"
367,"SOY_LIQ","DAIRY_LIQ","DAIRY_SOLID","SOY_SEMI","SOY_SOLID","DAIRY_SEMI","<strong>Soy milk</strong><br><br>This product is a liquid, soy-based food product made from soybeans. It has a uniform, liquid consistency and can be poured and drunk. The product is typically consumed cold or at room temperature.","<strong>Cow’s milk</strong><br><br>This product is a liquid, dairy-based food product made from cow’s milk. It has a uniform, liquid consistency and can be poured and drunk. The product is typically consumed cold or at room temperature.","<strong>Cheese from cow’s milk</strong><br><br>This product is a firm dairy-based food product made from cow’s milk. Often known as cheese for pizza. When heated it has a smooth, creamy to chewy, elastic consistency. The product is typically consumed warm or at room temperature.","<strong>Douhua</strong><br><br>This product is a soft, firm, soy-based food product made from coagulated soymilk. It has a soft, firm consistency that holds its shape but can be easily divided with a spoon. The product is typically consumed cold or warm.","<strong>Yuba (tofu skin)</strong><br><br>This product is a rubbery, firm, soy-based food product made from coagulated soy milk. It has a rubbery, firm consistency that holds its shape, and are easy to chew. The product is typically consumed warm.","<strong>Yoghurt from cow’s milk</strong><br><br>This product is a creamy, dairy-based food product made from fermented cow’s milk. It has a creamy consistency and can be eaten with a spoon. The product is typically consumed cold.","https://raw.githubusercontent.com/HjorthenA/SoyDairyProducts/main/"
368,"DAIRY_LIQ","SOY_SEMI","SOY_LIQ","DAIRY_SEMI","DAIRY_SOLID","SOY_SOLID","<strong>Cow’s milk</strong><br><br>This product is a liquid, dairy-based food product made from cow’s milk. It has a uniform, liquid consistency and can be poured and drunk. The product is typically consumed cold or at room temperature.","<strong>Douhua</strong><br><br>This product is a soft, firm, soy-based food product made from coagulated soymilk. It has a soft, firm consistency that holds its shape but can be easily divided with a spoon. The product is typically consumed cold or warm.","<strong>Soy milk</strong><br><br>This product is a liquid, soy-based food product made from soybeans. It has a uniform, liquid consistency and can be poured and drunk. The product is typically consumed cold or at room temperature.","<strong>Yoghurt from cow’s milk</strong><br><br>This product is a creamy, dairy-based food product made from fermented cow’s milk. It has a creamy consistency and can be eaten with a spoon. The product is typically consumed cold.","<strong>Cheese from cow’s milk</strong><br><br>This product is a firm dairy-based food product made from cow’s milk. Often known as cheese for pizza. When heated it has a smooth, creamy to chewy, elastic consistency. The product is typically consumed warm or at room temperature.","<strong>Yuba (tofu skin)</strong><br><br>This product is a rubbery, firm, soy-based food product made from coagulated soy milk. It has a rubbery, firm consistency that holds its shape, and are easy to chew. The product is typically consumed warm.","https://raw.githubusercontent.com/HjorthenA/SoyDairyProducts/main/"
369,"SOY_SEMI","DAIRY_SEMI","DAIRY_LIQ","SOY_SOLID","SOY_LIQ","DAIRY_SOLID","<strong>Douhua</strong><br><br>This product is a soft, firm, soy-based food product made from coagulated soymilk. It has a soft, firm consistency that holds its shape but can be easily divided with a spoon. The product is typically consumed cold or warm.","<strong>Yoghurt from cow’s milk</strong><br><br>This product is a creamy, dairy-based food product made from fermented cow’s milk. It has a creamy consistency and can be eaten with a spoon. The product is typically consumed cold.","<strong>Cow’s milk</strong><br><br>This product is a liquid, dairy-based food product made from cow’s milk. It has a uniform, liquid consistency and can be poured and drunk. The product is typically consumed cold or at room temperature.","<strong>Yuba (tofu skin)</strong><br><br>This product is a rubbery, firm, soy-based food product made from coagulated soy milk. It has a rubbery, firm consistency that holds its shape, and are easy to chew. The product is typically consumed warm.","<strong>Soy milk</strong><br><br>This product is a liquid, soy-based food product made from soybeans. It has a uniform, liquid consistency and can be poured and drunk. The product is typically consumed cold or at room temperature.","<strong>Cheese from cow’s milk</strong><br><br>This product is a firm dairy-based food product made from cow’s milk. Often known as cheese for pizza. When heated it has a smooth, creamy to chewy, elastic consistency. The product is typically consumed warm or at room temperature.","https://raw.githubusercontent.com/HjorthenA/SoyDairyProducts/main/"
370,"DAIRY_SEMI","SOY_SOLID","SOY_SEMI","DAIRY_SOLID","DAIRY_LIQ","SOY_LIQ","<strong>Yoghurt from cow’s milk</strong><br><br>This product is a creamy, dairy-based food product made from fermented cow’s milk. It has a creamy consistency and can be eaten with a spoon. The product is typically consumed cold.","<strong>Yuba (tofu skin)</strong><br><br>This product is a rubbery, firm, soy-based food product made from coagulated soy milk. It has a rubbery, firm consistency that holds its shape, and are easy to chew. The product is typically consumed warm.","<strong>Douhua</strong><br><br>This product is a soft, firm, soy-based food product made from coagulated soymilk. It has a soft, firm consistency that holds its shape but can be easily divided with a spoon. The product is typically consumed cold or warm.","<strong>Cheese from cow’s milk</strong><br><br>This product is a firm dairy-based food product made from cow’s milk. Often known as cheese for pizza. When heated it has a smooth, creamy to chewy, elastic consistency. The product is typically consumed warm or at room temperature.","<strong>Cow’s milk</strong><br><br>This product is a liquid, dairy-based food product made from cow’s milk. It has a uniform, liquid consistency and can be poured and drunk. The product is typically consumed cold or at room temperature.","<strong>Soy milk</strong><br><br>This product is a liquid, soy-based food product made from soybeans. It has a uniform, liquid consistency and can be poured and drunk. The product is typically consumed cold or at room temperature.","https://raw.githubusercontent.com/HjorthenA/SoyDairyProducts/main/"
371,"SOY_SOLID","DAIRY_SOLID","DAIRY_SEMI","SOY_LIQ","SOY_SEMI","DAIRY_LIQ","<strong>Yuba (tofu skin)</strong><br><br>This product is a rubbery, firm, soy-based food product made from coagulated soy milk. It has a rubbery, firm consistency that holds its shape, and are easy to chew. The product is typically consumed warm.","<strong>Cheese from cow’s milk</strong><br><br>This product is a firm dairy-based food product made from cow’s milk. Often known as cheese for pizza. When heated it has a smooth, creamy to chewy, elastic consistency. The product is typically consumed warm or at room temperature.","<strong>Yoghurt from cow’s milk</strong><br><br>This product is a creamy, dairy-based food product made from fermented cow’s milk. It has a creamy consistency and can be eaten with a spoon. The product is typically consumed cold.","<strong>Soy milk</strong><br><br>This product is a liquid, soy-based food product made from soybeans. It has a uniform, liquid consistency and can be poured and drunk. The product is typically consumed cold or at room temperature.","<strong>Douhua</strong><br><br>This product is a soft, firm, soy-based food product made from coagulated soymilk. It has a soft, firm consistency that holds its shape but can be easily divided with a spoon. The product is typically consumed cold or warm.","<strong>Cow’s milk</strong><br><br>This product is a liquid, dairy-based food product made from cow’s milk. It has a uniform, liquid consistency and can be poured and drunk. The product is typically consumed cold or at room temperature.","https://raw.githubusercontent.com/HjorthenA/SoyDairyProducts/main/"
372,"DAIRY_SOLID","SOY_LIQ","SOY_SOLID","DAIRY_LIQ","DAIRY_SEMI","SOY_SEMI","<strong>Cheese from cow’s milk</strong><br><br>This product is a firm dairy-based food product made from cow’s milk. Often known as cheese for pizza. When heated it has a smooth, creamy to chewy, elastic consistency. The product is typically consumed warm or at room temperature.","<strong>Soy milk</strong><br><br>This product is a liquid, soy-based food product made from soybeans. It has a uniform, liquid consistency and can be poured and drunk. The product is typically consumed cold or at room temperature.","<strong>Yuba (tofu skin)</strong><br><br>This product is a rubbery, firm, soy-based food product made from coagulated soy milk. It has a rubbery, firm consistency that holds its shape, and are easy to chew. The product is typically consumed warm.","<strong>Cow’s milk</strong><br><br>This product is a liquid, dairy-based food product made from cow’s milk. It has a uniform, liquid consistency and can be poured and drunk. The product is typically consumed cold or at room temperature.","<strong>Yoghurt from cow’s milk</strong><br><br>This product is a creamy, dairy-based food product made from fermented cow’s milk. It has a creamy consistency and can be eaten with a spoon. The product is typically consumed cold.","<strong>Douhua</strong><br><br>This product is a soft, firm, soy-based food product made from coagulated soymilk. It has a soft, firm consistency that holds its shape but can be easily divided with a spoon. The product is typically consumed cold or warm.","https://raw.githubusercontent.com/HjorthenA/SoyDairyProducts/main/"
373,"SOY_LIQ","DAIRY_LIQ","DAIRY_SOLID","SOY_SEMI","SOY_SOLID","DAIRY_SEMI","<strong>Soy milk</strong><br><br>This product is a liquid, soy-based food product made from soybeans. It has a uniform, liquid consistency and can be poured and drunk. The product is typically consumed cold or at room temperature.","<strong>Cow’s milk</strong><br><br>This product is a liquid, dairy-based food product made from cow’s milk. It has a uniform, liquid consistency and can be poured and drunk. The product is typically consumed cold or at room temperature.","<strong>Cheese from cow’s milk</strong><br><br>This product is a firm dairy-based food product made from cow’s milk. Often known as cheese for pizza. When heated it has a smooth, creamy to chewy, elastic consistency. The product is typically consumed warm or at room temperature.","<strong>Douhua</strong><br><br>This product is a soft, firm, soy-based food product made from coagulated soymilk. It has a soft, firm consistency that holds its shape but can be easily divided with a spoon. The product is typically consumed cold or warm.","<strong>Yuba (tofu skin)</strong><br><br>This product is a rubbery, firm, soy-based food product made from coagulated soy milk. It has a rubbery, firm consistency that holds its shape, and are easy to chew. The product is typically consumed warm.","<strong>Yoghurt from cow’s milk</strong><br><br>This product is a creamy, dairy-based food product made from fermented cow’s milk. It has a creamy consistency and can be eaten with a spoon. The product is typically consumed cold.","https://raw.githubusercontent.com/HjorthenA/SoyDairyProducts/main/"
374,"DAIRY_LIQ","SOY_SEMI","SOY_LIQ","DAIRY_SEMI","DAIRY_SOLID","SOY_SOLID","<strong>Cow’s milk</strong><br><br>This product is a liquid, dairy-based food product made from cow’s milk. It has a uniform, liquid consistency and can be poured and drunk. The product is typically consumed cold or at room temperature.","<strong>Douhua</strong><br><br>This product is a soft, firm, soy-based food product made from coagulated soymilk. It has a soft, firm consistency that holds its shape but can be easily divided with a spoon. The product is typically consumed cold or warm.","<strong>Soy milk</strong><br><br>This product is a liquid, soy-based food product made from soybeans. It has a uniform, liquid consistency and can be poured and drunk. The product is typically consumed cold or at room temperature.","<strong>Yoghurt from cow’s milk</strong><br><br>This product is a creamy, dairy-based food product made from fermented cow’s milk. It has a creamy consistency and can be eaten with a spoon. The product is typically consumed cold.","<strong>Cheese from cow’s milk</strong><br><br>This product is a firm dairy-based food product made from cow’s milk. Often known as cheese for pizza. When heated it has a smooth, creamy to chewy, elastic consistency. The product is typically consumed warm or at room temperature.","<strong>Yuba (tofu skin)</strong><br><br>This product is a rubbery, firm, soy-based food product made from coagulated soy milk. It has a rubbery, firm consistency that holds its shape, and are easy to chew. The product is typically consumed warm.","https://raw.githubusercontent.com/HjorthenA/SoyDairyProducts/main/"
375,"SOY_SEMI","DAIRY_SEMI","DAIRY_LIQ","SOY_SOLID","SOY_LIQ","DAIRY_SOLID","<strong>Douhua</strong><br><br>This product is a soft, firm, soy-based food product made from coagulated soymilk. It has a soft, firm consistency that holds its shape but can be easily divided with a spoon. The product is typically consumed cold or warm.","<strong>Yoghurt from cow’s milk</strong><br><br>This product is a creamy, dairy-based food product made from fermented cow’s milk. It has a creamy consistency and can be eaten with a spoon. The product is typically consumed cold.","<strong>Cow’s milk</strong><br><br>This product is a liquid, dairy-based food product made from cow’s milk. It has a uniform, liquid consistency and can be poured and drunk. The product is typically consumed cold or at room temperature.","<strong>Yuba (tofu skin)</strong><br><br>This product is a rubbery, firm, soy-based food product made from coagulated soy milk. It has a rubbery, firm consistency that holds its shape, and are easy to chew. The product is typically consumed warm.","<strong>Soy milk</strong><br><br>This product is a liquid, soy-based food product made from soybeans. It has a uniform, liquid consistency and can be poured and drunk. The product is typically consumed cold or at room temperature.","<strong>Cheese from cow’s milk</strong><br><br>This product is a firm dairy-based food product made from cow’s milk. Often known as cheese for pizza. When heated it has a smooth, creamy to chewy, elastic consistency. The product is typically consumed warm or at room temperature.","https://raw.githubusercontent.com/HjorthenA/SoyDairyProducts/main/"
376,"DAIRY_SEMI","SOY_SOLID","SOY_SEMI","DAIRY_SOLID","DAIRY_LIQ","SOY_LIQ","<strong>Yoghurt from cow’s milk</strong><br><br>This product is a creamy, dairy-based food product made from fermented cow’s milk. It has a creamy consistency and can be eaten with a spoon. The product is typically consumed cold.","<strong>Yuba (tofu skin)</strong><br><br>This product is a rubbery, firm, soy-based food product made from coagulated soy milk. It has a rubbery, firm consistency that holds its shape, and are easy to chew. The product is typically consumed warm.","<strong>Douhua</strong><br><br>This product is a soft, firm, soy-based food product made from coagulated soymilk. It has a soft, firm consistency that holds its shape but can be easily divided with a spoon. The product is typically consumed cold or warm.","<strong>Cheese from cow’s milk</strong><br><br>This product is a firm dairy-based food product made from cow’s milk. Often known as cheese for pizza. When heated it has a smooth, creamy to chewy, elastic consistency. The product is typically consumed warm or at room temperature.","<strong>Cow’s milk</strong><br><br>This product is a liquid, dairy-based food product made from cow’s milk. It has a uniform, liquid consistency and can be poured and drunk. The product is typically consumed cold or at room temperature.","<strong>Soy milk</strong><br><br>This product is a liquid, soy-based food product made from soybeans. It has a uniform, liquid consistency and can be poured and drunk. The product is typically consumed cold or at room temperature.","https://raw.githubusercontent.com/HjorthenA/SoyDairyProducts/main/"
377,"SOY_SOLID","DAIRY_SOLID","DAIRY_SEMI","SOY_LIQ","SOY_SEMI","DAIRY_LIQ","<strong>Yuba (tofu skin)</strong><br><br>This product is a rubbery, firm, soy-based food product made from coagulated soy milk. It has a rubbery, firm consistency that holds its shape, and are easy to chew. The product is typically consumed warm.","<strong>Cheese from cow’s milk</strong><br><br>This product is a firm dairy-based food product made from cow’s milk. Often known as cheese for pizza. When heated it has a smooth, creamy to chewy, elastic consistency. The product is typically consumed warm or at room temperature.","<strong>Yoghurt from cow’s milk</strong><br><br>This product is a creamy, dairy-based food product made from fermented cow’s milk. It has a creamy consistency and can be eaten with a spoon. The product is typically consumed cold.","<strong>Soy milk</strong><br><br>This product is a liquid, soy-based food product made from soybeans. It has a uniform, liquid consistency and can be poured and drunk. The product is typically consumed cold or at room temperature.","<strong>Douhua</strong><br><br>This product is a soft, firm, soy-based food product made from coagulated soymilk. It has a soft, firm consistency that holds its shape but can be easily divided with a spoon. The product is typically consumed cold or warm.","<strong>Cow’s milk</strong><br><br>This product is a liquid, dairy-based food product made from cow’s milk. It has a uniform, liquid consistency and can be poured and drunk. The product is typically consumed cold or at room temperature.","https://raw.githubusercontent.com/HjorthenA/SoyDairyProducts/main/"
378,"DAIRY_SOLID","SOY_LIQ","SOY_SOLID","DAIRY_LIQ","DAIRY_SEMI","SOY_SEMI","<strong>Cheese from cow’s milk</strong><br><br>This product is a firm dairy-based food product made from cow’s milk. Often known as cheese for pizza. When heated it has a smooth, creamy to chewy, elastic consistency. The product is typically consumed warm or at room temperature.","<strong>Soy milk</strong><br><br>This product is a liquid, soy-based food product made from soybeans. It has a uniform, liquid consistency and can be poured and drunk. The product is typically consumed cold or at room temperature.","<strong>Yuba (tofu skin)</strong><br><br>This product is a rubbery, firm, soy-based food product made from coagulated soy milk. It has a rubbery, firm consistency that holds its shape, and are easy to chew. The product is typically consumed warm.","<strong>Cow’s milk</strong><br><br>This product is a liquid, dairy-based food product made from cow’s milk. It has a uniform, liquid consistency and can be poured and drunk. The product is typically consumed cold or at room temperature.","<strong>Yoghurt from cow’s milk</strong><br><br>This product is a creamy, dairy-based food product made from fermented cow’s milk. It has a creamy consistency and can be eaten with a spoon. The product is typically consumed cold.","<strong>Douhua</strong><br><br>This product is a soft, firm, soy-based food product made from coagulated soymilk. It has a soft, firm consistency that holds its shape but can be easily divided with a spoon. The product is typically consumed cold or warm.","https://raw.githubusercontent.com/HjorthenA/SoyDairyProducts/main/"
379,"SOY_LIQ","DAIRY_LIQ","DAIRY_SOLID","SOY_SEMI","SOY_SOLID","DAIRY_SEMI","<strong>Soy milk</strong><br><br>This product is a liquid, soy-based food product made from soybeans. It has a uniform, liquid consistency and can be poured and drunk. The product is typically consumed cold or at room temperature.","<strong>Cow’s milk</strong><br><br>This product is a liquid, dairy-based food product made from cow’s milk. It has a uniform, liquid consistency and can be poured and drunk. The product is typically consumed cold or at room temperature.","<strong>Cheese from cow’s milk</strong><br><br>This product is a firm dairy-based food product made from cow’s milk. Often known as cheese for pizza. When heated it has a smooth, creamy to chewy, elastic consistency. The product is typically consumed warm or at room temperature.","<strong>Douhua</strong><br><br>This product is a soft, firm, soy-based food product made from coagulated soymilk. It has a soft, firm consistency that holds its shape but can be easily divided with a spoon. The product is typically consumed cold or warm.","<strong>Yuba (tofu skin)</strong><br><br>This product is a rubbery, firm, soy-based food product made from coagulated soy milk. It has a rubbery, firm consistency that holds its shape, and are easy to chew. The product is typically consumed warm.","<strong>Yoghurt from cow’s milk</strong><br><br>This product is a creamy, dairy-based food product made from fermented cow’s milk. It has a creamy consistency and can be eaten with a spoon. The product is typically consumed cold.","https://raw.githubusercontent.com/HjorthenA/SoyDairyProducts/main/"
380,"DAIRY_LIQ","SOY_SEMI","SOY_LIQ","DAIRY_SEMI","DAIRY_SOLID","SOY_SOLID","<strong>Cow’s milk</strong><br><br>This product is a liquid, dairy-based food product made from cow’s milk. It has a uniform, liquid consistency and can be poured and drunk. The product is typically consumed cold or at room temperature.","<strong>Douhua</strong><br><br>This product is a soft, firm, soy-based food product made from coagulated soymilk. It has a soft, firm consistency that holds its shape but can be easily divided with a spoon. The product is typically consumed cold or warm.","<strong>Soy milk</strong><br><br>This product is a liquid, soy-based food product made from soybeans. It has a uniform, liquid consistency and can be poured and drunk. The product is typically consumed cold or at room temperature.","<strong>Yoghurt from cow’s milk</strong><br><br>This product is a creamy, dairy-based food product made from fermented cow’s milk. It has a creamy consistency and can be eaten with a spoon. The product is typically consumed cold.","<strong>Cheese from cow’s milk</strong><br><br>This product is a firm dairy-based food product made from cow’s milk. Often known as cheese for pizza. When heated it has a smooth, creamy to chewy, elastic consistency. The product is typically consumed warm or at room temperature.","<strong>Yuba (tofu skin)</strong><br><br>This product is a rubbery, firm, soy-based food product made from coagulated soy milk. It has a rubbery, firm consistency that holds its shape, and are easy to chew. The product is typically consumed warm.","https://raw.githubusercontent.com/HjorthenA/SoyDairyProducts/main/"
381,"SOY_SEMI","DAIRY_SEMI","DAIRY_LIQ","SOY_SOLID","SOY_LIQ","DAIRY_SOLID","<strong>Douhua</strong><br><br>This product is a soft, firm, soy-based food product made from coagulated soymilk. It has a soft, firm consistency that holds its shape but can be easily divided with a spoon. The product is typically consumed cold or warm.","<strong>Yoghurt from cow’s milk</strong><br><br>This product is a creamy, dairy-based food product made from fermented cow’s milk. It has a creamy consistency and can be eaten with a spoon. The product is typically consumed cold.","<strong>Cow’s milk</strong><br><br>This product is a liquid, dairy-based food product made from cow’s milk. It has a uniform, liquid consistency and can be poured and drunk. The product is typically consumed cold or at room temperature.","<strong>Yuba (tofu skin)</strong><br><br>This product is a rubbery, firm, soy-based food product made from coagulated soy milk. It has a rubbery, firm consistency that holds its shape, and are easy to chew. The product is typically consumed warm.","<strong>Soy milk</strong><br><br>This product is a liquid, soy-based food product made from soybeans. It has a uniform, liquid consistency and can be poured and drunk. The product is typically consumed cold or at room temperature.","<strong>Cheese from cow’s milk</strong><br><br>This product is a firm dairy-based food product made from cow’s milk. Often known as cheese for pizza. When heated it has a smooth, creamy to chewy, elastic consistency. The product is typically consumed warm or at room temperature.","https://raw.githubusercontent.com/HjorthenA/SoyDairyProducts/main/"
382,"DAIRY_SEMI","SOY_SOLID","SOY_SEMI","DAIRY_SOLID","DAIRY_LIQ","SOY_LIQ","<strong>Yoghurt from cow’s milk</strong><br><br>This product is a creamy, dairy-based food product made from fermented cow’s milk. It has a creamy consistency and can be eaten with a spoon. The product is typically consumed cold.","<strong>Yuba (tofu skin)</strong><br><br>This product is a rubbery, firm, soy-based food product made from coagulated soy milk. It has a rubbery, firm consistency that holds its shape, and are easy to chew. The product is typically consumed warm.","<strong>Douhua</strong><br><br>This product is a soft, firm, soy-based food product made from coagulated soymilk. It has a soft, firm consistency that holds its shape but can be easily divided with a spoon. The product is typically consumed cold or warm.","<strong>Cheese from cow’s milk</strong><br><br>This product is a firm dairy-based food product made from cow’s milk. Often known as cheese for pizza. When heated it has a smooth, creamy to chewy, elastic consistency. The product is typically consumed warm or at room temperature.","<strong>Cow’s milk</strong><br><br>This product is a liquid, dairy-based food product made from cow’s milk. It has a uniform, liquid consistency and can be poured and drunk. The product is typically consumed cold or at room temperature.","<strong>Soy milk</strong><br><br>This product is a liquid, soy-based food product made from soybeans. It has a uniform, liquid consistency and can be poured and drunk. The product is typically consumed cold or at room temperature.","https://raw.githubusercontent.com/HjorthenA/SoyDairyProducts/main/"
383,"SOY_SOLID","DAIRY_SOLID","DAIRY_SEMI","SOY_LIQ","SOY_SEMI","DAIRY_LIQ","<strong>Yuba (tofu skin)</strong><br><br>This product is a rubbery, firm, soy-based food product made from coagulated soy milk. It has a rubbery, firm consistency that holds its shape, and are easy to chew. The product is typically consumed warm.","<strong>Cheese from cow’s milk</strong><br><br>This product is a firm dairy-based food product made from cow’s milk. Often known as cheese for pizza. When heated it has a smooth, creamy to chewy, elastic consistency. The product is typically consumed warm or at room temperature.","<strong>Yoghurt from cow’s milk</strong><br><br>This product is a creamy, dairy-based food product made from fermented cow’s milk. It has a creamy consistency and can be eaten with a spoon. The product is typically consumed cold.","<strong>Soy milk</strong><br><br>This product is a liquid, soy-based food product made from soybeans. It has a uniform, liquid consistency and can be poured and drunk. The product is typically consumed cold or at room temperature.","<strong>Douhua</strong><br><br>This product is a soft, firm, soy-based food product made from coagulated soymilk. It has a soft, firm consistency that holds its shape but can be easily divided with a spoon. The product is typically consumed cold or warm.","<strong>Cow’s milk</strong><br><br>This product is a liquid, dairy-based food product made from cow’s milk. It has a uniform, liquid consistency and can be poured and drunk. The product is typically consumed cold or at room temperature.","https://raw.githubusercontent.com/HjorthenA/SoyDairyProducts/main/"
384,"DAIRY_SOLID","SOY_LIQ","SOY_SOLID","DAIRY_LIQ","DAIRY_SEMI","SOY_SEMI","<strong>Cheese from cow’s milk</strong><br><br>This product is a firm dairy-based food product made from cow’s milk. Often known as cheese for pizza. When heated it has a smooth, creamy to chewy, elastic consistency. The product is typically consumed warm or at room temperature.","<strong>Soy milk</strong><br><br>This product is a liquid, soy-based food product made from soybeans. It has a uniform, liquid consistency and can be poured and drunk. The product is typically consumed cold or at room temperature.","<strong>Yuba (tofu skin)</strong><br><br>This product is a rubbery, firm, soy-based food product made from coagulated soy milk. It has a rubbery, firm consistency that holds its shape, and are easy to chew. The product is typically consumed warm.","<strong>Cow’s milk</strong><br><br>This product is a liquid, dairy-based food product made from cow’s milk. It has a uniform, liquid consistency and can be poured and drunk. The product is typically consumed cold or at room temperature.","<strong>Yoghurt from cow’s milk</strong><br><br>This product is a creamy, dairy-based food product made from fermented cow’s milk. It has a creamy consistency and can be eaten with a spoon. The product is typically consumed cold.","<strong>Douhua</strong><br><br>This product is a soft, firm, soy-based food product made from coagulated soymilk. It has a soft, firm consistency that holds its shape but can be easily divided with a spoon. The product is typically consumed cold or warm.","https://raw.githubusercontent.com/HjorthenA/SoyDairyProducts/main/"
385,"SOY_LIQ","DAIRY_LIQ","DAIRY_SOLID","SOY_SEMI","SOY_SOLID","DAIRY_SEMI","<strong>Soy milk</strong><br><br>This product is a liquid, soy-based food product made from soybeans. It has a uniform, liquid consistency and can be poured and drunk. The product is typically consumed cold or at room temperature.","<strong>Cow’s milk</strong><br><br>This product is a liquid, dairy-based food product made from cow’s milk. It has a uniform, liquid consistency and can be poured and drunk. The product is typically consumed cold or at room temperature.","<strong>Cheese from cow’s milk</strong><br><br>This product is a firm dairy-based food product made from cow’s milk. Often known as cheese for pizza. When heated it has a smooth, creamy to chewy, elastic consistency. The product is typically consumed warm or at room temperature.","<strong>Douhua</strong><br><br>This product is a soft, firm, soy-based food product made from coagulated soymilk. It has a soft, firm consistency that holds its shape but can be easily divided with a spoon. The product is typically consumed cold or warm.","<strong>Yuba (tofu skin)</strong><br><br>This product is a rubbery, firm, soy-based food product made from coagulated soy milk. It has a rubbery, firm consistency that holds its shape, and are easy to chew. The product is typically consumed warm.","<strong>Yoghurt from cow’s milk</strong><br><br>This product is a creamy, dairy-based food product made from fermented cow’s milk. It has a creamy consistency and can be eaten with a spoon. The product is typically consumed cold.","https://raw.githubusercontent.com/HjorthenA/SoyDairyProducts/main/"
386,"DAIRY_LIQ","SOY_SEMI","SOY_LIQ","DAIRY_SEMI","DAIRY_SOLID","SOY_SOLID","<strong>Cow’s milk</strong><br><br>This product is a liquid, dairy-based food product made from cow’s milk. It has a uniform, liquid consistency and can be poured and drunk. The product is typically consumed cold or at room temperature.","<strong>Douhua</strong><br><br>This product is a soft, firm, soy-based food product made from coagulated soymilk. It has a soft, firm consistency that holds its shape but can be easily divided with a spoon. The product is typically consumed cold or warm.","<strong>Soy milk</strong><br><br>This product is a liquid, soy-based food product made from soybeans. It has a uniform, liquid consistency and can be poured and drunk. The product is typically consumed cold or at room temperature.","<strong>Yoghurt from cow’s milk</strong><br><br>This product is a creamy, dairy-based food product made from fermented cow’s milk. It has a creamy consistency and can be eaten with a spoon. The product is typically consumed cold.","<strong>Cheese from cow’s milk</strong><br><br>This product is a firm dairy-based food product made from cow’s milk. Often known as cheese for pizza. When heated it has a smooth, creamy to chewy, elastic consistency. The product is typically consumed warm or at room temperature.","<strong>Yuba (tofu skin)</strong><br><br>This product is a rubbery, firm, soy-based food product made from coagulated soy milk. It has a rubbery, firm consistency that holds its shape, and are easy to chew. The product is typically consumed warm.","https://raw.githubusercontent.com/HjorthenA/SoyDairyProducts/main/"
387,"SOY_SEMI","DAIRY_SEMI","DAIRY_LIQ","SOY_SOLID","SOY_LIQ","DAIRY_SOLID","<strong>Douhua</strong><br><br>This product is a soft, firm, soy-based food product made from coagulated soymilk. It has a soft, firm consistency that holds its shape but can be easily divided with a spoon. The product is typically consumed cold or warm.","<strong>Yoghurt from cow’s milk</strong><br><br>This product is a creamy, dairy-based food product made from fermented cow’s milk. It has a creamy consistency and can be eaten with a spoon. The product is typically consumed cold.","<strong>Cow’s milk</strong><br><br>This product is a liquid, dairy-based food product made from cow’s milk. It has a uniform, liquid consistency and can be poured and drunk. The product is typically consumed cold or at room temperature.","<strong>Yuba (tofu skin)</strong><br><br>This product is a rubbery, firm, soy-based food product made from coagulated soy milk. It has a rubbery, firm consistency that holds its shape, and are easy to chew. The product is typically consumed warm.","<strong>Soy milk</strong><br><br>This product is a liquid, soy-based food product made from soybeans. It has a uniform, liquid consistency and can be poured and drunk. The product is typically consumed cold or at room temperature.","<strong>Cheese from cow’s milk</strong><br><br>This product is a firm dairy-based food product made from cow’s milk. Often known as cheese for pizza. When heated it has a smooth, creamy to chewy, elastic consistency. The product is typically consumed warm or at room temperature.","https://raw.githubusercontent.com/HjorthenA/SoyDairyProducts/main/"
388,"DAIRY_SEMI","SOY_SOLID","SOY_SEMI","DAIRY_SOLID","DAIRY_LIQ","SOY_LIQ","<strong>Yoghurt from cow’s milk</strong><br><br>This product is a creamy, dairy-based food product made from fermented cow’s milk. It has a creamy consistency and can be eaten with a spoon. The product is typically consumed cold.","<strong>Yuba (tofu skin)</strong><br><br>This product is a rubbery, firm, soy-based food product made from coagulated soy milk. It has a rubbery, firm consistency that holds its shape, and are easy to chew. The product is typically consumed warm.","<strong>Douhua</strong><br><br>This product is a soft, firm, soy-based food product made from coagulated soymilk. It has a soft, firm consistency that holds its shape but can be easily divided with a spoon. The product is typically consumed cold or warm.","<strong>Cheese from cow’s milk</strong><br><br>This product is a firm dairy-based food product made from cow’s milk. Often known as cheese for pizza. When heated it has a smooth, creamy to chewy, elastic consistency. The product is typically consumed warm or at room temperature.","<strong>Cow’s milk</strong><br><br>This product is a liquid, dairy-based food product made from cow’s milk. It has a uniform, liquid consistency and can be poured and drunk. The product is typically consumed cold or at room temperature.","<strong>Soy milk</strong><br><br>This product is a liquid, soy-based food product made from soybeans. It has a uniform, liquid consistency and can be poured and drunk. The product is typically consumed cold or at room temperature.","https://raw.githubusercontent.com/HjorthenA/SoyDairyProducts/main/"
389,"SOY_SOLID","DAIRY_SOLID","DAIRY_SEMI","SOY_LIQ","SOY_SEMI","DAIRY_LIQ","<strong>Yuba (tofu skin)</strong><br><br>This product is a rubbery, firm, soy-based food product made from coagulated soy milk. It has a rubbery, firm consistency that holds its shape, and are easy to chew. The product is typically consumed warm.","<strong>Cheese from cow’s milk</strong><br><br>This product is a firm dairy-based food product made from cow’s milk. Often known as cheese for pizza. When heated it has a smooth, creamy to chewy, elastic consistency. The product is typically consumed warm or at room temperature.","<strong>Yoghurt from cow’s milk</strong><br><br>This product is a creamy, dairy-based food product made from fermented cow’s milk. It has a creamy consistency and can be eaten with a spoon. The product is typically consumed cold.","<strong>Soy milk</strong><br><br>This product is a liquid, soy-based food product made from soybeans. It has a uniform, liquid consistency and can be poured and drunk. The product is typically consumed cold or at room temperature.","<strong>Douhua</strong><br><br>This product is a soft, firm, soy-based food product made from coagulated soymilk. It has a soft, firm consistency that holds its shape but can be easily divided with a spoon. The product is typically consumed cold or warm.","<strong>Cow’s milk</strong><br><br>This product is a liquid, dairy-based food product made from cow’s milk. It has a uniform, liquid consistency and can be poured and drunk. The product is typically consumed cold or at room temperature.","https://raw.githubusercontent.com/HjorthenA/SoyDairyProducts/main/"
390,"DAIRY_SOLID","SOY_LIQ","SOY_SOLID","DAIRY_LIQ","DAIRY_SEMI","SOY_SEMI","<strong>Cheese from cow’s milk</strong><br><br>This product is a firm dairy-based food product made from cow’s milk. Often known as cheese for pizza. When heated it has a smooth, creamy to chewy, elastic consistency. The product is typically consumed warm or at room temperature.","<strong>Soy milk</strong><br><br>This product is a liquid, soy-based food product made from soybeans. It has a uniform, liquid consistency and can be poured and drunk. The product is typically consumed cold or at room temperature.","<strong>Yuba (tofu skin)</strong><br><br>This product is a rubbery, firm, soy-based food product made from coagulated soy milk. It has a rubbery, firm consistency that holds its shape, and are easy to chew. The product is typically consumed warm.","<strong>Cow’s milk</strong><br><br>This product is a liquid, dairy-based food product made from cow’s milk. It has a uniform, liquid consistency and can be poured and drunk. The product is typically consumed cold or at room temperature.","<strong>Yoghurt from cow’s milk</strong><br><br>This product is a creamy, dairy-based food product made from fermented cow’s milk. It has a creamy consistency and can be eaten with a spoon. The product is typically consumed cold.","<strong>Douhua</strong><br><br>This product is a soft, firm, soy-based food product made from coagulated soymilk. It has a soft, firm consistency that holds its shape but can be easily divided with a spoon. The product is typically consumed cold or warm.","https://raw.githubusercontent.com/HjorthenA/SoyDairyProducts/main/"
391,"SOY_LIQ","DAIRY_LIQ","DAIRY_SOLID","SOY_SEMI","SOY_SOLID","DAIRY_SEMI","<strong>Soy milk</strong><br><br>This product is a liquid, soy-based food product made from soybeans. It has a uniform, liquid consistency and can be poured and drunk. The product is typically consumed cold or at room temperature.","<strong>Cow’s milk</strong><br><br>This product is a liquid, dairy-based food product made from cow’s milk. It has a uniform, liquid consistency and can be poured and drunk. The product is typically consumed cold or at room temperature.","<strong>Cheese from cow’s milk</strong><br><br>This product is a firm dairy-based food product made from cow’s milk. Often known as cheese for pizza. When heated it has a smooth, creamy to chewy, elastic consistency. The product is typically consumed warm or at room temperature.","<strong>Douhua</strong><br><br>This product is a soft, firm, soy-based food product made from coagulated soymilk. It has a soft, firm consistency that holds its shape but can be easily divided with a spoon. The product is typically consumed cold or warm.","<strong>Yuba (tofu skin)</strong><br><br>This product is a rubbery, firm, soy-based food product made from coagulated soy milk. It has a rubbery, firm consistency that holds its shape, and are easy to chew. The product is typically consumed warm.","<strong>Yoghurt from cow’s milk</strong><br><br>This product is a creamy, dairy-based food product made from fermented cow’s milk. It has a creamy consistency and can be eaten with a spoon. The product is typically consumed cold.","https://raw.githubusercontent.com/HjorthenA/SoyDairyProducts/main/"
392,"DAIRY_LIQ","SOY_SEMI","SOY_LIQ","DAIRY_SEMI","DAIRY_SOLID","SOY_SOLID","<strong>Cow’s milk</strong><br><br>This product is a liquid, dairy-based food product made from cow’s milk. It has a uniform, liquid consistency and can be poured and drunk. The product is typically consumed cold or at room temperature.","<strong>Douhua</strong><br><br>This product is a soft, firm, soy-based food product made from coagulated soymilk. It has a soft, firm consistency that holds its shape but can be easily divided with a spoon. The product is typically consumed cold or warm.","<strong>Soy milk</strong><br><br>This product is a liquid, soy-based food product made from soybeans. It has a uniform, liquid consistency and can be poured and drunk. The product is typically consumed cold or at room temperature.","<strong>Yoghurt from cow’s milk</strong><br><br>This product is a creamy, dairy-based food product made from fermented cow’s milk. It has a creamy consistency and can be eaten with a spoon. The product is typically consumed cold.","<strong>Cheese from cow’s milk</strong><br><br>This product is a firm dairy-based food product made from cow’s milk. Often known as cheese for pizza. When heated it has a smooth, creamy to chewy, elastic consistency. The product is typically consumed warm or at room temperature.","<strong>Yuba (tofu skin)</strong><br><br>This product is a rubbery, firm, soy-based food product made from coagulated soy milk. It has a rubbery, firm consistency that holds its shape, and are easy to chew. The product is typically consumed warm.","https://raw.githubusercontent.com/HjorthenA/SoyDairyProducts/main/"
393,"SOY_SEMI","DAIRY_SEMI","DAIRY_LIQ","SOY_SOLID","SOY_LIQ","DAIRY_SOLID","<strong>Douhua</strong><br><br>This product is a soft, firm, soy-based food product made from coagulated soymilk. It has a soft, firm consistency that holds its shape but can be easily divided with a spoon. The product is typically consumed cold or warm.","<strong>Yoghurt from cow’s milk</strong><br><br>This product is a creamy, dairy-based food product made from fermented cow’s milk. It has a creamy consistency and can be eaten with a spoon. The product is typically consumed cold.","<strong>Cow’s milk</strong><br><br>This product is a liquid, dairy-based food product made from cow’s milk. It has a uniform, liquid consistency and can be poured and drunk. The product is typically consumed cold or at room temperature.","<strong>Yuba (tofu skin)</strong><br><br>This product is a rubbery, firm, soy-based food product made from coagulated soy milk. It has a rubbery, firm consistency that holds its shape, and are easy to chew. The product is typically consumed warm.","<strong>Soy milk</strong><br><br>This product is a liquid, soy-based food product made from soybeans. It has a uniform, liquid consistency and can be poured and drunk. The product is typically consumed cold or at room temperature.","<strong>Cheese from cow’s milk</strong><br><br>This product is a firm dairy-based food product made from cow’s milk. Often known as cheese for pizza. When heated it has a smooth, creamy to chewy, elastic consistency. The product is typically consumed warm or at room temperature.","https://raw.githubusercontent.com/HjorthenA/SoyDairyProducts/main/"
394,"DAIRY_SEMI","SOY_SOLID","SOY_SEMI","DAIRY_SOLID","DAIRY_LIQ","SOY_LIQ","<strong>Yoghurt from cow’s milk</strong><br><br>This product is a creamy, dairy-based food product made from fermented cow’s milk. It has a creamy consistency and can be eaten with a spoon. The product is typically consumed cold.","<strong>Yuba (tofu skin)</strong><br><br>This product is a rubbery, firm, soy-based food product made from coagulated soy milk. It has a rubbery, firm consistency that holds its shape, and are easy to chew. The product is typically consumed warm.","<strong>Douhua</strong><br><br>This product is a soft, firm, soy-based food product made from coagulated soymilk. It has a soft, firm consistency that holds its shape but can be easily divided with a spoon. The product is typically consumed cold or warm.","<strong>Cheese from cow’s milk</strong><br><br>This product is a firm dairy-based food product made from cow’s milk. Often known as cheese for pizza. When heated it has a smooth, creamy to chewy, elastic consistency. The product is typically consumed warm or at room temperature.","<strong>Cow’s milk</strong><br><br>This product is a liquid, dairy-based food product made from cow’s milk. It has a uniform, liquid consistency and can be poured and drunk. The product is typically consumed cold or at room temperature.","<strong>Soy milk</strong><br><br>This product is a liquid, soy-based food product made from soybeans. It has a uniform, liquid consistency and can be poured and drunk. The product is typically consumed cold or at room temperature.","https://raw.githubusercontent.com/HjorthenA/SoyDairyProducts/main/"
395,"SOY_SOLID","DAIRY_SOLID","DAIRY_SEMI","SOY_LIQ","SOY_SEMI","DAIRY_LIQ","<strong>Yuba (tofu skin)</strong><br><br>This product is a rubbery, firm, soy-based food product made from coagulated soy milk. It has a rubbery, firm consistency that holds its shape, and are easy to chew. The product is typically consumed warm.","<strong>Cheese from cow’s milk</strong><br><br>This product is a firm dairy-based food product made from cow’s milk. Often known as cheese for pizza. When heated it has a smooth, creamy to chewy, elastic consistency. The product is typically consumed warm or at room temperature.","<strong>Yoghurt from cow’s milk</strong><br><br>This product is a creamy, dairy-based food product made from fermented cow’s milk. It has a creamy consistency and can be eaten with a spoon. The product is typically consumed cold.","<strong>Soy milk</strong><br><br>This product is a liquid, soy-based food product made from soybeans. It has a uniform, liquid consistency and can be poured and drunk. The product is typically consumed cold or at room temperature.","<strong>Douhua</strong><br><br>This product is a soft, firm, soy-based food product made from coagulated soymilk. It has a soft, firm consistency that holds its shape but can be easily divided with a spoon. The product is typically consumed cold or warm.","<strong>Cow’s milk</strong><br><br>This product is a liquid, dairy-based food product made from cow’s milk. It has a uniform, liquid consistency and can be poured and drunk. The product is typically consumed cold or at room temperature.","https://raw.githubusercontent.com/HjorthenA/SoyDairyProducts/main/"
396,"DAIRY_SOLID","SOY_LIQ","SOY_SOLID","DAIRY_LIQ","DAIRY_SEMI","SOY_SEMI","<strong>Cheese from cow’s milk</strong><br><br>This product is a firm dairy-based food product made from cow’s milk. Often known as cheese for pizza. When heated it has a smooth, creamy to chewy, elastic consistency. The product is typically consumed warm or at room temperature.","<strong>Soy milk</strong><br><br>This product is a liquid, soy-based food product made from soybeans. It has a uniform, liquid consistency and can be poured and drunk. The product is typically consumed cold or at room temperature.","<strong>Yuba (tofu skin)</strong><br><br>This product is a rubbery, firm, soy-based food product made from coagulated soy milk. It has a rubbery, firm consistency that holds its shape, and are easy to chew. The product is typically consumed warm.","<strong>Cow’s milk</strong><br><br>This product is a liquid, dairy-based food product made from cow’s milk. It has a uniform, liquid consistency and can be poured and drunk. The product is typically consumed cold or at room temperature.","<strong>Yoghurt from cow’s milk</strong><br><br>This product is a creamy, dairy-based food product made from fermented cow’s milk. It has a creamy consistency and can be eaten with a spoon. The product is typically consumed cold.","<strong>Douhua</strong><br><br>This product is a soft, firm, soy-based food product made from coagulated soymilk. It has a soft, firm consistency that holds its shape but can be easily divided with a spoon. The product is typically consumed cold or warm.","https://raw.githubusercontent.com/HjorthenA/SoyDairyProducts/main/"
397,"SOY_LIQ","DAIRY_LIQ","DAIRY_SOLID","SOY_SEMI","SOY_SOLID","DAIRY_SEMI","<strong>Soy milk</strong><br><br>This product is a liquid, soy-based food product made from soybeans. It has a uniform, liquid consistency and can be poured and drunk. The product is typically consumed cold or at room temperature.","<strong>Cow’s milk</strong><br><br>This product is a liquid, dairy-based food product made from cow’s milk. It has a uniform, liquid consistency and can be poured and drunk. The product is typically consumed cold or at room temperature.","<strong>Cheese from cow’s milk</strong><br><br>This product is a firm dairy-based food product made from cow’s milk. Often known as cheese for pizza. When heated it has a smooth, creamy to chewy, elastic consistency. The product is typically consumed warm or at room temperature.","<strong>Douhua</strong><br><br>This product is a soft, firm, soy-based food product made from coagulated soymilk. It has a soft, firm consistency that holds its shape but can be easily divided with a spoon. The product is typically consumed cold or warm.","<strong>Yuba (tofu skin)</strong><br><br>This product is a rubbery, firm, soy-based food product made from coagulated soy milk. It has a rubbery, firm consistency that holds its shape, and are easy to chew. The product is typically consumed warm.","<strong>Yoghurt from cow’s milk</strong><br><br>This product is a creamy, dairy-based food product made from fermented cow’s milk. It has a creamy consistency and can be eaten with a spoon. The product is typically consumed cold.","https://raw.githubusercontent.com/HjorthenA/SoyDairyProducts/main/"
398,"DAIRY_LIQ","SOY_SEMI","SOY_LIQ","DAIRY_SEMI","DAIRY_SOLID","SOY_SOLID","<strong>Cow’s milk</strong><br><br>This product is a liquid, dairy-based food product made from cow’s milk. It has a uniform, liquid consistency and can be poured and drunk. The product is typically consumed cold or at room temperature.","<strong>Douhua</strong><br><br>This product is a soft, firm, soy-based food product made from coagulated soymilk. It has a soft, firm consistency that holds its shape but can be easily divided with a spoon. The product is typically consumed cold or warm.","<strong>Soy milk</strong><br><br>This product is a liquid, soy-based food product made from soybeans. It has a uniform, liquid consistency and can be poured and drunk. The product is typically consumed cold or at room temperature.","<strong>Yoghurt from cow’s milk</strong><br><br>This product is a creamy, dairy-based food product made from fermented cow’s milk. It has a creamy consistency and can be eaten with a spoon. The product is typically consumed cold.","<strong>Cheese from cow’s milk</strong><br><br>This product is a firm dairy-based food product made from cow’s milk. Often known as cheese for pizza. When heated it has a smooth, creamy to chewy, elastic consistency. The product is typically consumed warm or at room temperature.","<strong>Yuba (tofu skin)</strong><br><br>This product is a rubbery, firm, soy-based food product made from coagulated soy milk. It has a rubbery, firm consistency that holds its shape, and are easy to chew. The product is typically consumed warm.","https://raw.githubusercontent.com/HjorthenA/SoyDairyProducts/main/"
399,"SOY_SEMI","DAIRY_SEMI","DAIRY_LIQ","SOY_SOLID","SOY_LIQ","DAIRY_SOLID","<strong>Douhua</strong><br><br>This product is a soft, firm, soy-based food product made from coagulated soymilk. It has a soft, firm consistency that holds its shape but can be easily divided with a spoon. The product is typically consumed cold or warm.","<strong>Yoghurt from cow’s milk</strong><br><br>This product is a creamy, dairy-based food product made from fermented cow’s milk. It has a creamy consistency and can be eaten with a spoon. The product is typically consumed cold.","<strong>Cow’s milk</strong><br><br>This product is a liquid, dairy-based food product made from cow’s milk. It has a uniform, liquid consistency and can be poured and drunk. The product is typically consumed cold or at room temperature.","<strong>Yuba (tofu skin)</strong><br><br>This product is a rubbery, firm, soy-based food product made from coagulated soy milk. It has a rubbery, firm consistency that holds its shape, and are easy to chew. The product is typically consumed warm.","<strong>Soy milk</strong><br><br>This product is a liquid, soy-based food product made from soybeans. It has a uniform, liquid consistency and can be poured and drunk. The product is typically consumed cold or at room temperature.","<strong>Cheese from cow’s milk</strong><br><br>This product is a firm dairy-based food product made from cow’s milk. Often known as cheese for pizza. When heated it has a smooth, creamy to chewy, elastic consistency. The product is typically consumed warm or at room temperature.","https://raw.githubusercontent.com/HjorthenA/SoyDairyProducts/main/"
400,"DAIRY_SEMI","SOY_SOLID","SOY_SEMI","DAIRY_SOLID","DAIRY_LIQ","SOY_LIQ","<strong>Yoghurt from cow’s milk</strong><br><br>This product is a creamy, dairy-based food product made from fermented cow’s milk. It has a creamy consistency and can be eaten with a spoon. The product is typically consumed cold.","<strong>Yuba (tofu skin)</strong><br><br>This product is a rubbery, firm, soy-based food product made from coagulated soy milk. It has a rubbery, firm consistency that holds its shape, and are easy to chew. The product is typically consumed warm.","<strong>Douhua</strong><br><br>This product is a soft, firm, soy-based food product made from coagulated soymilk. It has a soft, firm consistency that holds its shape but can be easily divided with a spoon. The product is typically consumed cold or warm.","<strong>Cheese from cow’s milk</strong><br><br>This product is a firm dairy-based food product made from cow’s milk. Often known as cheese for pizza. When heated it has a smooth, creamy to chewy, elastic consistency. The product is typically consumed warm or at room temperature.","<strong>Cow’s milk</strong><br><br>This product is a liquid, dairy-based food product made from cow’s milk. It has a uniform, liquid consistency and can be poured and drunk. The product is typically consumed cold or at room temperature.","<strong>Soy milk</strong><br><br>This product is a liquid, soy-based food product made from soybeans. It has a uniform, liquid consistency and can be poured and drunk. The product is typically consumed cold or at room temperature.","https://raw.githubusercontent.com/HjorthenA/SoyDairyProducts/main/"
401,"SOY_SOLID","DAIRY_SOLID","DAIRY_SEMI","SOY_LIQ","SOY_SEMI","DAIRY_LIQ","<strong>Yuba (tofu skin)</strong><br><br>This product is a rubbery, firm, soy-based food product made from coagulated soy milk. It has a rubbery, firm consistency that holds its shape, and are easy to chew. The product is typically consumed warm.","<strong>Cheese from cow’s milk</strong><br><br>This product is a firm dairy-based food product made from cow’s milk. Often known as cheese for pizza. When heated it has a smooth, creamy to chewy, elastic consistency. The product is typically consumed warm or at room temperature.","<strong>Yoghurt from cow’s milk</strong><br><br>This product is a creamy, dairy-based food product made from fermented cow’s milk. It has a creamy consistency and can be eaten with a spoon. The product is typically consumed cold.","<strong>Soy milk</strong><br><br>This product is a liquid, soy-based food product made from soybeans. It has a uniform, liquid consistency and can be poured and drunk. The product is typically consumed cold or at room temperature.","<strong>Douhua</strong><br><br>This product is a soft, firm, soy-based food product made from coagulated soymilk. It has a soft, firm consistency that holds its shape but can be easily divided with a spoon. The product is typically consumed cold or warm.","<strong>Cow’s milk</strong><br><br>This product is a liquid, dairy-based food product made from cow’s milk. It has a uniform, liquid consistency and can be poured and drunk. The product is typically consumed cold or at room temperature.","https://raw.githubusercontent.com/HjorthenA/SoyDairyProducts/main/"
402,"DAIRY_SOLID","SOY_LIQ","SOY_SOLID","DAIRY_LIQ","DAIRY_SEMI","SOY_SEMI","<strong>Cheese from cow’s milk</strong><br><br>This product is a firm dairy-based food product made from cow’s milk. Often known as cheese for pizza. When heated it has a smooth, creamy to chewy, elastic consistency. The product is typically consumed warm or at room temperature.","<strong>Soy milk</strong><br><br>This product is a liquid, soy-based food product made from soybeans. It has a uniform, liquid consistency and can be poured and drunk. The product is typically consumed cold or at room temperature.","<strong>Yuba (tofu skin)</strong><br><br>This product is a rubbery, firm, soy-based food product made from coagulated soy milk. It has a rubbery, firm consistency that holds its shape, and are easy to chew. The product is typically consumed warm.","<strong>Cow’s milk</strong><br><br>This product is a liquid, dairy-based food product made from cow’s milk. It has a uniform, liquid consistency and can be poured and drunk. The product is typically consumed cold or at room temperature.","<strong>Yoghurt from cow’s milk</strong><br><br>This product is a creamy, dairy-based food product made from fermented cow’s milk. It has a creamy consistency and can be eaten with a spoon. The product is typically consumed cold.","<strong>Douhua</strong><br><br>This product is a soft, firm, soy-based food product made from coagulated soymilk. It has a soft, firm consistency that holds its shape but can be easily divided with a spoon. The product is typically consumed cold or warm.","https://raw.githubusercontent.com/HjorthenA/SoyDairyProducts/main/"
403,"SOY_LIQ","DAIRY_LIQ","DAIRY_SOLID","SOY_SEMI","SOY_SOLID","DAIRY_SEMI","<strong>Soy milk</strong><br><br>This product is a liquid, soy-based food product made from soybeans. It has a uniform, liquid consistency and can be poured and drunk. The product is typically consumed cold or at room temperature.","<strong>Cow’s milk</strong><br><br>This product is a liquid, dairy-based food product made from cow’s milk. It has a uniform, liquid consistency and can be poured and drunk. The product is typically consumed cold or at room temperature.","<strong>Cheese from cow’s milk</strong><br><br>This product is a firm dairy-based food product made from cow’s milk. Often known as cheese for pizza. When heated it has a smooth, creamy to chewy, elastic consistency. The product is typically consumed warm or at room temperature.","<strong>Douhua</strong><br><br>This product is a soft, firm, soy-based food product made from coagulated soymilk. It has a soft, firm consistency that holds its shape but can be easily divided with a spoon. The product is typically consumed cold or warm.","<strong>Yuba (tofu skin)</strong><br><br>This product is a rubbery, firm, soy-based food product made from coagulated soy milk. It has a rubbery, firm consistency that holds its shape, and are easy to chew. The product is typically consumed warm.","<strong>Yoghurt from cow’s milk</strong><br><br>This product is a creamy, dairy-based food product made from fermented cow’s milk. It has a creamy consistency and can be eaten with a spoon. The product is typically consumed cold.","https://raw.githubusercontent.com/HjorthenA/SoyDairyProducts/main/"
404,"DAIRY_LIQ","SOY_SEMI","SOY_LIQ","DAIRY_SEMI","DAIRY_SOLID","SOY_SOLID","<strong>Cow’s milk</strong><br><br>This product is a liquid, dairy-based food product made from cow’s milk. It has a uniform, liquid consistency and can be poured and drunk. The product is typically consumed cold or at room temperature.","<strong>Douhua</strong><br><br>This product is a soft, firm, soy-based food product made from coagulated soymilk. It has a soft, firm consistency that holds its shape but can be easily divided with a spoon. The product is typically consumed cold or warm.","<strong>Soy milk</strong><br><br>This product is a liquid, soy-based food product made from soybeans. It has a uniform, liquid consistency and can be poured and drunk. The product is typically consumed cold or at room temperature.","<strong>Yoghurt from cow’s milk</strong><br><br>This product is a creamy, dairy-based food product made from fermented cow’s milk. It has a creamy consistency and can be eaten with a spoon. The product is typically consumed cold.","<strong>Cheese from cow’s milk</strong><br><br>This product is a firm dairy-based food product made from cow’s milk. Often known as cheese for pizza. When heated it has a smooth, creamy to chewy, elastic consistency. The product is typically consumed warm or at room temperature.","<strong>Yuba (tofu skin)</strong><br><br>This product is a rubbery, firm, soy-based food product made from coagulated soy milk. It has a rubbery, firm consistency that holds its shape, and are easy to chew. The product is typically consumed warm.","https://raw.githubusercontent.com/HjorthenA/SoyDairyProducts/main/"
405,"SOY_SEMI","DAIRY_SEMI","DAIRY_LIQ","SOY_SOLID","SOY_LIQ","DAIRY_SOLID","<strong>Douhua</strong><br><br>This product is a soft, firm, soy-based food product made from coagulated soymilk. It has a soft, firm consistency that holds its shape but can be easily divided with a spoon. The product is typically consumed cold or warm.","<strong>Yoghurt from cow’s milk</strong><br><br>This product is a creamy, dairy-based food product made from fermented cow’s milk. It has a creamy consistency and can be eaten with a spoon. The product is typically consumed cold.","<strong>Cow’s milk</strong><br><br>This product is a liquid, dairy-based food product made from cow’s milk. It has a uniform, liquid consistency and can be poured and drunk. The product is typically consumed cold or at room temperature.","<strong>Yuba (tofu skin)</strong><br><br>This product is a rubbery, firm, soy-based food product made from coagulated soy milk. It has a rubbery, firm consistency that holds its shape, and are easy to chew. The product is typically consumed warm.","<strong>Soy milk</strong><br><br>This product is a liquid, soy-based food product made from soybeans. It has a uniform, liquid consistency and can be poured and drunk. The product is typically consumed cold or at room temperature.","<strong>Cheese from cow’s milk</strong><br><br>This product is a firm dairy-based food product made from cow’s milk. Often known as cheese for pizza. When heated it has a smooth, creamy to chewy, elastic consistency. The product is typically consumed warm or at room temperature.","https://raw.githubusercontent.com/HjorthenA/SoyDairyProducts/main/"
406,"DAIRY_SEMI","SOY_SOLID","SOY_SEMI","DAIRY_SOLID","DAIRY_LIQ","SOY_LIQ","<strong>Yoghurt from cow’s milk</strong><br><br>This product is a creamy, dairy-based food product made from fermented cow’s milk. It has a creamy consistency and can be eaten with a spoon. The product is typically consumed cold.","<strong>Yuba (tofu skin)</strong><br><br>This product is a rubbery, firm, soy-based food product made from coagulated soy milk. It has a rubbery, firm consistency that holds its shape, and are easy to chew. The product is typically consumed warm.","<strong>Douhua</strong><br><br>This product is a soft, firm, soy-based food product made from coagulated soymilk. It has a soft, firm consistency that holds its shape but can be easily divided with a spoon. The product is typically consumed cold or warm.","<strong>Cheese from cow’s milk</strong><br><br>This product is a firm dairy-based food product made from cow’s milk. Often known as cheese for pizza. When heated it has a smooth, creamy to chewy, elastic consistency. The product is typically consumed warm or at room temperature.","<strong>Cow’s milk</strong><br><br>This product is a liquid, dairy-based food product made from cow’s milk. It has a uniform, liquid consistency and can be poured and drunk. The product is typically consumed cold or at room temperature.","<strong>Soy milk</strong><br><br>This product is a liquid, soy-based food product made from soybeans. It has a uniform, liquid consistency and can be poured and drunk. The product is typically consumed cold or at room temperature.","https://raw.githubusercontent.com/HjorthenA/SoyDairyProducts/main/"
407,"SOY_SOLID","DAIRY_SOLID","DAIRY_SEMI","SOY_LIQ","SOY_SEMI","DAIRY_LIQ","<strong>Yuba (tofu skin)</strong><br><br>This product is a rubbery, firm, soy-based food product made from coagulated soy milk. It has a rubbery, firm consistency that holds its shape, and are easy to chew. The product is typically consumed warm.","<strong>Cheese from cow’s milk</strong><br><br>This product is a firm dairy-based food product made from cow’s milk. Often known as cheese for pizza. When heated it has a smooth, creamy to chewy, elastic consistency. The product is typically consumed warm or at room temperature.","<strong>Yoghurt from cow’s milk</strong><br><br>This product is a creamy, dairy-based food product made from fermented cow’s milk. It has a creamy consistency and can be eaten with a spoon. The product is typically consumed cold.","<strong>Soy milk</strong><br><br>This product is a liquid, soy-based food product made from soybeans. It has a uniform, liquid consistency and can be poured and drunk. The product is typically consumed cold or at room temperature.","<strong>Douhua</strong><br><br>This product is a soft, firm, soy-based food product made from coagulated soymilk. It has a soft, firm consistency that holds its shape but can be easily divided with a spoon. The product is typically consumed cold or warm.","<strong>Cow’s milk</strong><br><br>This product is a liquid, dairy-based food product made from cow’s milk. It has a uniform, liquid consistency and can be poured and drunk. The product is typically consumed cold or at room temperature.","https://raw.githubusercontent.com/HjorthenA/SoyDairyProducts/main/"
408,"DAIRY_SOLID","SOY_LIQ","SOY_SOLID","DAIRY_LIQ","DAIRY_SEMI","SOY_SEMI","<strong>Cheese from cow’s milk</strong><br><br>This product is a firm dairy-based food product made from cow’s milk. Often known as cheese for pizza. When heated it has a smooth, creamy to chewy, elastic consistency. The product is typically consumed warm or at room temperature.","<strong>Soy milk</strong><br><br>This product is a liquid, soy-based food product made from soybeans. It has a uniform, liquid consistency and can be poured and drunk. The product is typically consumed cold or at room temperature.","<strong>Yuba (tofu skin)</strong><br><br>This product is a rubbery, firm, soy-based food product made from coagulated soy milk. It has a rubbery, firm consistency that holds its shape, and are easy to chew. The product is typically consumed warm.","<strong>Cow’s milk</strong><br><br>This product is a liquid, dairy-based food product made from cow’s milk. It has a uniform, liquid consistency and can be poured and drunk. The product is typically consumed cold or at room temperature.","<strong>Yoghurt from cow’s milk</strong><br><br>This product is a creamy, dairy-based food product made from fermented cow’s milk. It has a creamy consistency and can be eaten with a spoon. The product is typically consumed cold.","<strong>Douhua</strong><br><br>This product is a soft, firm, soy-based food product made from coagulated soymilk. It has a soft, firm consistency that holds its shape but can be easily divided with a spoon. The product is typically consumed cold or warm.","https://raw.githubusercontent.com/HjorthenA/SoyDairyProducts/main/"
409,"SOY_LIQ","DAIRY_LIQ","DAIRY_SOLID","SOY_SEMI","SOY_SOLID","DAIRY_SEMI","<strong>Soy milk</strong><br><br>This product is a liquid, soy-based food product made from soybeans. It has a uniform, liquid consistency and can be poured and drunk. The product is typically consumed cold or at room temperature.","<strong>Cow’s milk</strong><br><br>This product is a liquid, dairy-based food product made from cow’s milk. It has a uniform, liquid consistency and can be poured and drunk. The product is typically consumed cold or at room temperature.","<strong>Cheese from cow’s milk</strong><br><br>This product is a firm dairy-based food product made from cow’s milk. Often known as cheese for pizza. When heated it has a smooth, creamy to chewy, elastic consistency. The product is typically consumed warm or at room temperature.","<strong>Douhua</strong><br><br>This product is a soft, firm, soy-based food product made from coagulated soymilk. It has a soft, firm consistency that holds its shape but can be easily divided with a spoon. The product is typically consumed cold or warm.","<strong>Yuba (tofu skin)</strong><br><br>This product is a rubbery, firm, soy-based food product made from coagulated soy milk. It has a rubbery, firm consistency that holds its shape, and are easy to chew. The product is typically consumed warm.","<strong>Yoghurt from cow’s milk</strong><br><br>This product is a creamy, dairy-based food product made from fermented cow’s milk. It has a creamy consistency and can be eaten with a spoon. The product is typically consumed cold.","https://raw.githubusercontent.com/HjorthenA/SoyDairyProducts/main/"
410,"DAIRY_LIQ","SOY_SEMI","SOY_LIQ","DAIRY_SEMI","DAIRY_SOLID","SOY_SOLID","<strong>Cow’s milk</strong><br><br>This product is a liquid, dairy-based food product made from cow’s milk. It has a uniform, liquid consistency and can be poured and drunk. The product is typically consumed cold or at room temperature.","<strong>Douhua</strong><br><br>This product is a soft, firm, soy-based food product made from coagulated soymilk. It has a soft, firm consistency that holds its shape but can be easily divided with a spoon. The product is typically consumed cold or warm.","<strong>Soy milk</strong><br><br>This product is a liquid, soy-based food product made from soybeans. It has a uniform, liquid consistency and can be poured and drunk. The product is typically consumed cold or at room temperature.","<strong>Yoghurt from cow’s milk</strong><br><br>This product is a creamy, dairy-based food product made from fermented cow’s milk. It has a creamy consistency and can be eaten with a spoon. The product is typically consumed cold.","<strong>Cheese from cow’s milk</strong><br><br>This product is a firm dairy-based food product made from cow’s milk. Often known as cheese for pizza. When heated it has a smooth, creamy to chewy, elastic consistency. The product is typically consumed warm or at room temperature.","<strong>Yuba (tofu skin)</strong><br><br>This product is a rubbery, firm, soy-based food product made from coagulated soy milk. It has a rubbery, firm consistency that holds its shape, and are easy to chew. The product is typically consumed warm.","https://raw.githubusercontent.com/HjorthenA/SoyDairyProducts/main/"
411,"SOY_SEMI","DAIRY_SEMI","DAIRY_LIQ","SOY_SOLID","SOY_LIQ","DAIRY_SOLID","<strong>Douhua</strong><br><br>This product is a soft, firm, soy-based food product made from coagulated soymilk. It has a soft, firm consistency that holds its shape but can be easily divided with a spoon. The product is typically consumed cold or warm.","<strong>Yoghurt from cow’s milk</strong><br><br>This product is a creamy, dairy-based food product made from fermented cow’s milk. It has a creamy consistency and can be eaten with a spoon. The product is typically consumed cold.","<strong>Cow’s milk</strong><br><br>This product is a liquid, dairy-based food product made from cow’s milk. It has a uniform, liquid consistency and can be poured and drunk. The product is typically consumed cold or at room temperature.","<strong>Yuba (tofu skin)</strong><br><br>This product is a rubbery, firm, soy-based food product made from coagulated soy milk. It has a rubbery, firm consistency that holds its shape, and are easy to chew. The product is typically consumed warm.","<strong>Soy milk</strong><br><br>This product is a liquid, soy-based food product made from soybeans. It has a uniform, liquid consistency and can be poured and drunk. The product is typically consumed cold or at room temperature.","<strong>Cheese from cow’s milk</strong><br><br>This product is a firm dairy-based food product made from cow’s milk. Often known as cheese for pizza. When heated it has a smooth, creamy to chewy, elastic consistency. The product is typically consumed warm or at room temperature.","https://raw.githubusercontent.com/HjorthenA/SoyDairyProducts/main/"
412,"DAIRY_SEMI","SOY_SOLID","SOY_SEMI","DAIRY_SOLID","DAIRY_LIQ","SOY_LIQ","<strong>Yoghurt from cow’s milk</strong><br><br>This product is a creamy, dairy-based food product made from fermented cow’s milk. It has a creamy consistency and can be eaten with a spoon. The product is typically consumed cold.","<strong>Yuba (tofu skin)</strong><br><br>This product is a rubbery, firm, soy-based food product made from coagulated soy milk. It has a rubbery, firm consistency that holds its shape, and are easy to chew. The product is typically consumed warm.","<strong>Douhua</strong><br><br>This product is a soft, firm, soy-based food product made from coagulated soymilk. It has a soft, firm consistency that holds its shape but can be easily divided with a spoon. The product is typically consumed cold or warm.","<strong>Cheese from cow’s milk</strong><br><br>This product is a firm dairy-based food product made from cow’s milk. Often known as cheese for pizza. When heated it has a smooth, creamy to chewy, elastic consistency. The product is typically consumed warm or at room temperature.","<strong>Cow’s milk</strong><br><br>This product is a liquid, dairy-based food product made from cow’s milk. It has a uniform, liquid consistency and can be poured and drunk. The product is typically consumed cold or at room temperature.","<strong>Soy milk</strong><br><br>This product is a liquid, soy-based food product made from soybeans. It has a uniform, liquid consistency and can be poured and drunk. The product is typically consumed cold or at room temperature.","https://raw.githubusercontent.com/HjorthenA/SoyDairyProducts/main/"
413,"SOY_SOLID","DAIRY_SOLID","DAIRY_SEMI","SOY_LIQ","SOY_SEMI","DAIRY_LIQ","<strong>Yuba (tofu skin)</strong><br><br>This product is a rubbery, firm, soy-based food product made from coagulated soy milk. It has a rubbery, firm consistency that holds its shape, and are easy to chew. The product is typically consumed warm.","<strong>Cheese from cow’s milk</strong><br><br>This product is a firm dairy-based food product made from cow’s milk. Often known as cheese for pizza. When heated it has a smooth, creamy to chewy, elastic consistency. The product is typically consumed warm or at room temperature.","<strong>Yoghurt from cow’s milk</strong><br><br>This product is a creamy, dairy-based food product made from fermented cow’s milk. It has a creamy consistency and can be eaten with a spoon. The product is typically consumed cold.","<strong>Soy milk</strong><br><br>This product is a liquid, soy-based food product made from soybeans. It has a uniform, liquid consistency and can be poured and drunk. The product is typically consumed cold or at room temperature.","<strong>Douhua</strong><br><br>This product is a soft, firm, soy-based food product made from coagulated soymilk. It has a soft, firm consistency that holds its shape but can be easily divided with a spoon. The product is typically consumed cold or warm.","<strong>Cow’s milk</strong><br><br>This product is a liquid, dairy-based food product made from cow’s milk. It has a uniform, liquid consistency and can be poured and drunk. The product is typically consumed cold or at room temperature.","https://raw.githubusercontent.com/HjorthenA/SoyDairyProducts/main/"
414,"DAIRY_SOLID","SOY_LIQ","SOY_SOLID","DAIRY_LIQ","DAIRY_SEMI","SOY_SEMI","<strong>Cheese from cow’s milk</strong><br><br>This product is a firm dairy-based food product made from cow’s milk. Often known as cheese for pizza. When heated it has a smooth, creamy to chewy, elastic consistency. The product is typically consumed warm or at room temperature.","<strong>Soy milk</strong><br><br>This product is a liquid, soy-based food product made from soybeans. It has a uniform, liquid consistency and can be poured and drunk. The product is typically consumed cold or at room temperature.","<strong>Yuba (tofu skin)</strong><br><br>This product is a rubbery, firm, soy-based food product made from coagulated soy milk. It has a rubbery, firm consistency that holds its shape, and are easy to chew. The product is typically consumed warm.","<strong>Cow’s milk</strong><br><br>This product is a liquid, dairy-based food product made from cow’s milk. It has a uniform, liquid consistency and can be poured and drunk. The product is typically consumed cold or at room temperature.","<strong>Yoghurt from cow’s milk</strong><br><br>This product is a creamy, dairy-based food product made from fermented cow’s milk. It has a creamy consistency and can be eaten with a spoon. The product is typically consumed cold.","<strong>Douhua</strong><br><br>This product is a soft, firm, soy-based food product made from coagulated soymilk. It has a soft, firm consistency that holds its shape but can be easily divided with a spoon. The product is typically consumed cold or warm.","https://raw.githubusercontent.com/HjorthenA/SoyDairyProducts/main/"
415,"SOY_LIQ","DAIRY_LIQ","DAIRY_SOLID","SOY_SEMI","SOY_SOLID","DAIRY_SEMI","<strong>Soy milk</strong><br><br>This product is a liquid, soy-based food product made from soybeans. It has a uniform, liquid consistency and can be poured and drunk. The product is typically consumed cold or at room temperature.","<strong>Cow’s milk</strong><br><br>This product is a liquid, dairy-based food product made from cow’s milk. It has a uniform, liquid consistency and can be poured and drunk. The product is typically consumed cold or at room temperature.","<strong>Cheese from cow’s milk</strong><br><br>This product is a firm dairy-based food product made from cow’s milk. Often known as cheese for pizza. When heated it has a smooth, creamy to chewy, elastic consistency. The product is typically consumed warm or at room temperature.","<strong>Douhua</strong><br><br>This product is a soft, firm, soy-based food product made from coagulated soymilk. It has a soft, firm consistency that holds its shape but can be easily divided with a spoon. The product is typically consumed cold or warm.","<strong>Yuba (tofu skin)</strong><br><br>This product is a rubbery, firm, soy-based food product made from coagulated soy milk. It has a rubbery, firm consistency that holds its shape, and are easy to chew. The product is typically consumed warm.","<strong>Yoghurt from cow’s milk</strong><br><br>This product is a creamy, dairy-based food product made from fermented cow’s milk. It has a creamy consistency and can be eaten with a spoon. The product is typically consumed cold.","https://raw.githubusercontent.com/HjorthenA/SoyDairyProducts/main/"
416,"DAIRY_LIQ","SOY_SEMI","SOY_LIQ","DAIRY_SEMI","DAIRY_SOLID","SOY_SOLID","<strong>Cow’s milk</strong><br><br>This product is a liquid, dairy-based food product made from cow’s milk. It has a uniform, liquid consistency and can be poured and drunk. The product is typically consumed cold or at room temperature.","<strong>Douhua</strong><br><br>This product is a soft, firm, soy-based food product made from coagulated soymilk. It has a soft, firm consistency that holds its shape but can be easily divided with a spoon. The product is typically consumed cold or warm.","<strong>Soy milk</strong><br><br>This product is a liquid, soy-based food product made from soybeans. It has a uniform, liquid consistency and can be poured and drunk. The product is typically consumed cold or at room temperature.","<strong>Yoghurt from cow’s milk</strong><br><br>This product is a creamy, dairy-based food product made from fermented cow’s milk. It has a creamy consistency and can be eaten with a spoon. The product is typically consumed cold.","<strong>Cheese from cow’s milk</strong><br><br>This product is a firm dairy-based food product made from cow’s milk. Often known as cheese for pizza. When heated it has a smooth, creamy to chewy, elastic consistency. The product is typically consumed warm or at room temperature.","<strong>Yuba (tofu skin)</strong><br><br>This product is a rubbery, firm, soy-based food product made from coagulated soy milk. It has a rubbery, firm consistency that holds its shape, and are easy to chew. The product is typically consumed warm.","https://raw.githubusercontent.com/HjorthenA/SoyDairyProducts/main/"
417,"SOY_SEMI","DAIRY_SEMI","DAIRY_LIQ","SOY_SOLID","SOY_LIQ","DAIRY_SOLID","<strong>Douhua</strong><br><br>This product is a soft, firm, soy-based food product made from coagulated soymilk. It has a soft, firm consistency that holds its shape but can be easily divided with a spoon. The product is typically consumed cold or warm.","<strong>Yoghurt from cow’s milk</strong><br><br>This product is a creamy, dairy-based food product made from fermented cow’s milk. It has a creamy consistency and can be eaten with a spoon. The product is typically consumed cold.","<strong>Cow’s milk</strong><br><br>This product is a liquid, dairy-based food product made from cow’s milk. It has a uniform, liquid consistency and can be poured and drunk. The product is typically consumed cold or at room temperature.","<strong>Yuba (tofu skin)</strong><br><br>This product is a rubbery, firm, soy-based food product made from coagulated soy milk. It has a rubbery, firm consistency that holds its shape, and are easy to chew. The product is typically consumed warm.","<strong>Soy milk</strong><br><br>This product is a liquid, soy-based food product made from soybeans. It has a uniform, liquid consistency and can be poured and drunk. The product is typically consumed cold or at room temperature.","<strong>Cheese from cow’s milk</strong><br><br>This product is a firm dairy-based food product made from cow’s milk. Often known as cheese for pizza. When heated it has a smooth, creamy to chewy, elastic consistency. The product is typically consumed warm or at room temperature.","https://raw.githubusercontent.com/HjorthenA/SoyDairyProducts/main/"
418,"DAIRY_SEMI","SOY_SOLID","SOY_SEMI","DAIRY_SOLID","DAIRY_LIQ","SOY_LIQ","<strong>Yoghurt from cow’s milk</strong><br><br>This product is a creamy, dairy-based food product made from fermented cow’s milk. It has a creamy consistency and can be eaten with a spoon. The product is typically consumed cold.","<strong>Yuba (tofu skin)</strong><br><br>This product is a rubbery, firm, soy-based food product made from coagulated soy milk. It has a rubbery, firm consistency that holds its shape, and are easy to chew. The product is typically consumed warm.","<strong>Douhua</strong><br><br>This product is a soft, firm, soy-based food product made from coagulated soymilk. It has a soft, firm consistency that holds its shape but can be easily divided with a spoon. The product is typically consumed cold or warm.","<strong>Cheese from cow’s milk</strong><br><br>This product is a firm dairy-based food product made from cow’s milk. Often known as cheese for pizza. When heated it has a smooth, creamy to chewy, elastic consistency. The product is typically consumed warm or at room temperature.","<strong>Cow’s milk</strong><br><br>This product is a liquid, dairy-based food product made from cow’s milk. It has a uniform, liquid consistency and can be poured and drunk. The product is typically consumed cold or at room temperature.","<strong>Soy milk</strong><br><br>This product is a liquid, soy-based food product made from soybeans. It has a uniform, liquid consistency and can be poured and drunk. The product is typically consumed cold or at room temperature.","https://raw.githubusercontent.com/HjorthenA/SoyDairyProducts/main/"
419,"SOY_SOLID","DAIRY_SOLID","DAIRY_SEMI","SOY_LIQ","SOY_SEMI","DAIRY_LIQ","<strong>Yuba (tofu skin)</strong><br><br>This product is a rubbery, firm, soy-based food product made from coagulated soy milk. It has a rubbery, firm consistency that holds its shape, and are easy to chew. The product is typically consumed warm.","<strong>Cheese from cow’s milk</strong><br><br>This product is a firm dairy-based food product made from cow’s milk. Often known as cheese for pizza. When heated it has a smooth, creamy to chewy, elastic consistency. The product is typically consumed warm or at room temperature.","<strong>Yoghurt from cow’s milk</strong><br><br>This product is a creamy, dairy-based food product made from fermented cow’s milk. It has a creamy consistency and can be eaten with a spoon. The product is typically consumed cold.","<strong>Soy milk</strong><br><br>This product is a liquid, soy-based food product made from soybeans. It has a uniform, liquid consistency and can be poured and drunk. The product is typically consumed cold or at room temperature.","<strong>Douhua</strong><br><br>This product is a soft, firm, soy-based food product made from coagulated soymilk. It has a soft, firm consistency that holds its shape but can be easily divided with a spoon. The product is typically consumed cold or warm.","<strong>Cow’s milk</strong><br><br>This product is a liquid, dairy-based food product made from cow’s milk. It has a uniform, liquid consistency and can be poured and drunk. The product is typically consumed cold or at room temperature.","https://raw.githubusercontent.com/HjorthenA/SoyDairyProducts/main/"
420,"DAIRY_SOLID","SOY_LIQ","SOY_SOLID","DAIRY_LIQ","DAIRY_SEMI","SOY_SEMI","<strong>Cheese from cow’s milk</strong><br><br>This product is a firm dairy-based food product made from cow’s milk. Often known as cheese for pizza. When heated it has a smooth, creamy to chewy, elastic consistency. The product is typically consumed warm or at room temperature.","<strong>Soy milk</strong><br><br>This product is a liquid, soy-based food product made from soybeans. It has a uniform, liquid consistency and can be poured and drunk. The product is typically consumed cold or at room temperature.","<strong>Yuba (tofu skin)</strong><br><br>This product is a rubbery, firm, soy-based food product made from coagulated soy milk. It has a rubbery, firm consistency that holds its shape, and are easy to chew. The product is typically consumed warm.","<strong>Cow’s milk</strong><br><br>This product is a liquid, dairy-based food product made from cow’s milk. It has a uniform, liquid consistency and can be poured and drunk. The product is typically consumed cold or at room temperature.","<strong>Yoghurt from cow’s milk</strong><br><br>This product is a creamy, dairy-based food product made from fermented cow’s milk. It has a creamy consistency and can be eaten with a spoon. The product is typically consumed cold.","<strong>Douhua</strong><br><br>This product is a soft, firm, soy-based food product made from coagulated soymilk. It has a soft, firm consistency that holds its shape but can be easily divided with a spoon. The product is typically consumed cold or warm.","https://raw.githubusercontent.com/HjorthenA/SoyDairyProducts/main/"
421,"SOY_LIQ","DAIRY_LIQ","DAIRY_SOLID","SOY_SEMI","SOY_SOLID","DAIRY_SEMI","<strong>Soy milk</strong><br><br>This product is a liquid, soy-based food product made from soybeans. It has a uniform, liquid consistency and can be poured and drunk. The product is typically consumed cold or at room temperature.","<strong>Cow’s milk</strong><br><br>This product is a liquid, dairy-based food product made from cow’s milk. It has a uniform, liquid consistency and can be poured and drunk. The product is typically consumed cold or at room temperature.","<strong>Cheese from cow’s milk</strong><br><br>This product is a firm dairy-based food product made from cow’s milk. Often known as cheese for pizza. When heated it has a smooth, creamy to chewy, elastic consistency. The product is typically consumed warm or at room temperature.","<strong>Douhua</strong><br><br>This product is a soft, firm, soy-based food product made from coagulated soymilk. It has a soft, firm consistency that holds its shape but can be easily divided with a spoon. The product is typically consumed cold or warm.","<strong>Yuba (tofu skin)</strong><br><br>This product is a rubbery, firm, soy-based food product made from coagulated soy milk. It has a rubbery, firm consistency that holds its shape, and are easy to chew. The product is typically consumed warm.","<strong>Yoghurt from cow’s milk</strong><br><br>This product is a creamy, dairy-based food product made from fermented cow’s milk. It has a creamy consistency and can be eaten with a spoon. The product is typically consumed cold.","https://raw.githubusercontent.com/HjorthenA/SoyDairyProducts/main/"
422,"DAIRY_LIQ","SOY_SEMI","SOY_LIQ","DAIRY_SEMI","DAIRY_SOLID","SOY_SOLID","<strong>Cow’s milk</strong><br><br>This product is a liquid, dairy-based food product made from cow’s milk. It has a uniform, liquid consistency and can be poured and drunk. The product is typically consumed cold or at room temperature.","<strong>Douhua</strong><br><br>This product is a soft, firm, soy-based food product made from coagulated soymilk. It has a soft, firm consistency that holds its shape but can be easily divided with a spoon. The product is typically consumed cold or warm.","<strong>Soy milk</strong><br><br>This product is a liquid, soy-based food product made from soybeans. It has a uniform, liquid consistency and can be poured and drunk. The product is typically consumed cold or at room temperature.","<strong>Yoghurt from cow’s milk</strong><br><br>This product is a creamy, dairy-based food product made from fermented cow’s milk. It has a creamy consistency and can be eaten with a spoon. The product is typically consumed cold.","<strong>Cheese from cow’s milk</strong><br><br>This product is a firm dairy-based food product made from cow’s milk. Often known as cheese for pizza. When heated it has a smooth, creamy to chewy, elastic consistency. The product is typically consumed warm or at room temperature.","<strong>Yuba (tofu skin)</strong><br><br>This product is a rubbery, firm, soy-based food product made from coagulated soy milk. It has a rubbery, firm consistency that holds its shape, and are easy to chew. The product is typically consumed warm.","https://raw.githubusercontent.com/HjorthenA/SoyDairyProducts/main/"
423,"SOY_SEMI","DAIRY_SEMI","DAIRY_LIQ","SOY_SOLID","SOY_LIQ","DAIRY_SOLID","<strong>Douhua</strong><br><br>This product is a soft, firm, soy-based food product made from coagulated soymilk. It has a soft, firm consistency that holds its shape but can be easily divided with a spoon. The product is typically consumed cold or warm.","<strong>Yoghurt from cow’s milk</strong><br><br>This product is a creamy, dairy-based food product made from fermented cow’s milk. It has a creamy consistency and can be eaten with a spoon. The product is typically consumed cold.","<strong>Cow’s milk</strong><br><br>This product is a liquid, dairy-based food product made from cow’s milk. It has a uniform, liquid consistency and can be poured and drunk. The product is typically consumed cold or at room temperature.","<strong>Yuba (tofu skin)</strong><br><br>This product is a rubbery, firm, soy-based food product made from coagulated soy milk. It has a rubbery, firm consistency that holds its shape, and are easy to chew. The product is typically consumed warm.","<strong>Soy milk</strong><br><br>This product is a liquid, soy-based food product made from soybeans. It has a uniform, liquid consistency and can be poured and drunk. The product is typically consumed cold or at room temperature.","<strong>Cheese from cow’s milk</strong><br><br>This product is a firm dairy-based food product made from cow’s milk. Often known as cheese for pizza. When heated it has a smooth, creamy to chewy, elastic consistency. The product is typically consumed warm or at room temperature.","https://raw.githubusercontent.com/HjorthenA/SoyDairyProducts/main/"
424,"DAIRY_SEMI","SOY_SOLID","SOY_SEMI","DAIRY_SOLID","DAIRY_LIQ","SOY_LIQ","<strong>Yoghurt from cow’s milk</strong><br><br>This product is a creamy, dairy-based food product made from fermented cow’s milk. It has a creamy consistency and can be eaten with a spoon. The product is typically consumed cold.","<strong>Yuba (tofu skin)</strong><br><br>This product is a rubbery, firm, soy-based food product made from coagulated soy milk. It has a rubbery, firm consistency that holds its shape, and are easy to chew. The product is typically consumed warm.","<strong>Douhua</strong><br><br>This product is a soft, firm, soy-based food product made from coagulated soymilk. It has a soft, firm consistency that holds its shape but can be easily divided with a spoon. The product is typically consumed cold or warm.","<strong>Cheese from cow’s milk</strong><br><br>This product is a firm dairy-based food product made from cow’s milk. Often known as cheese for pizza. When heated it has a smooth, creamy to chewy, elastic consistency. The product is typically consumed warm or at room temperature.","<strong>Cow’s milk</strong><br><br>This product is a liquid, dairy-based food product made from cow’s milk. It has a uniform, liquid consistency and can be poured and drunk. The product is typically consumed cold or at room temperature.","<strong>Soy milk</strong><br><br>This product is a liquid, soy-based food product made from soybeans. It has a uniform, liquid consistency and can be poured and drunk. The product is typically consumed cold or at room temperature.","https://raw.githubusercontent.com/HjorthenA/SoyDairyProducts/main/"
425,"SOY_SOLID","DAIRY_SOLID","DAIRY_SEMI","SOY_LIQ","SOY_SEMI","DAIRY_LIQ","<strong>Yuba (tofu skin)</strong><br><br>This product is a rubbery, firm, soy-based food product made from coagulated soy milk. It has a rubbery, firm consistency that holds its shape, and are easy to chew. The product is typically consumed warm.","<strong>Cheese from cow’s milk</strong><br><br>This product is a firm dairy-based food product made from cow’s milk. Often known as cheese for pizza. When heated it has a smooth, creamy to chewy, elastic consistency. The product is typically consumed warm or at room temperature.","<strong>Yoghurt from cow’s milk</strong><br><br>This product is a creamy, dairy-based food product made from fermented cow’s milk. It has a creamy consistency and can be eaten with a spoon. The product is typically consumed cold.","<strong>Soy milk</strong><br><br>This product is a liquid, soy-based food product made from soybeans. It has a uniform, liquid consistency and can be poured and drunk. The product is typically consumed cold or at room temperature.","<strong>Douhua</strong><br><br>This product is a soft, firm, soy-based food product made from coagulated soymilk. It has a soft, firm consistency that holds its shape but can be easily divided with a spoon. The product is typically consumed cold or warm.","<strong>Cow’s milk</strong><br><br>This product is a liquid, dairy-based food product made from cow’s milk. It has a uniform, liquid consistency and can be poured and drunk. The product is typically consumed cold or at room temperature.","https://raw.githubusercontent.com/HjorthenA/SoyDairyProducts/main/"
426,"DAIRY_SOLID","SOY_LIQ","SOY_SOLID","DAIRY_LIQ","DAIRY_SEMI","SOY_SEMI","<strong>Cheese from cow’s milk</strong><br><br>This product is a firm dairy-based food product made from cow’s milk. Often known as cheese for pizza. When heated it has a smooth, creamy to chewy, elastic consistency. The product is typically consumed warm or at room temperature.","<strong>Soy milk</strong><br><br>This product is a liquid, soy-based food product made from soybeans. It has a uniform, liquid consistency and can be poured and drunk. The product is typically consumed cold or at room temperature.","<strong>Yuba (tofu skin)</strong><br><br>This product is a rubbery, firm, soy-based food product made from coagulated soy milk. It has a rubbery, firm consistency that holds its shape, and are easy to chew. The product is typically consumed warm.","<strong>Cow’s milk</strong><br><br>This product is a liquid, dairy-based food product made from cow’s milk. It has a uniform, liquid consistency and can be poured and drunk. The product is typically consumed cold or at room temperature.","<strong>Yoghurt from cow’s milk</strong><br><br>This product is a creamy, dairy-based food product made from fermented cow’s milk. It has a creamy consistency and can be eaten with a spoon. The product is typically consumed cold.","<strong>Douhua</strong><br><br>This product is a soft, firm, soy-based food product made from coagulated soymilk. It has a soft, firm consistency that holds its shape but can be easily divided with a spoon. The product is typically consumed cold or warm.","https://raw.githubusercontent.com/HjorthenA/SoyDairyProducts/main/"
427,"SOY_LIQ","DAIRY_LIQ","DAIRY_SOLID","SOY_SEMI","SOY_SOLID","DAIRY_SEMI","<strong>Soy milk</strong><br><br>This product is a liquid, soy-based food product made from soybeans. It has a uniform, liquid consistency and can be poured and drunk. The product is typically consumed cold or at room temperature.","<strong>Cow’s milk</strong><br><br>This product is a liquid, dairy-based food product made from cow’s milk. It has a uniform, liquid consistency and can be poured and drunk. The product is typically consumed cold or at room temperature.","<strong>Cheese from cow’s milk</strong><br><br>This product is a firm dairy-based food product made from cow’s milk. Often known as cheese for pizza. When heated it has a smooth, creamy to chewy, elastic consistency. The product is typically consumed warm or at room temperature.","<strong>Douhua</strong><br><br>This product is a soft, firm, soy-based food product made from coagulated soymilk. It has a soft, firm consistency that holds its shape but can be easily divided with a spoon. The product is typically consumed cold or warm.","<strong>Yuba (tofu skin)</strong><br><br>This product is a rubbery, firm, soy-based food product made from coagulated soy milk. It has a rubbery, firm consistency that holds its shape, and are easy to chew. The product is typically consumed warm.","<strong>Yoghurt from cow’s milk</strong><br><br>This product is a creamy, dairy-based food product made from fermented cow’s milk. It has a creamy consistency and can be eaten with a spoon. The product is typically consumed cold.","https://raw.githubusercontent.com/HjorthenA/SoyDairyProducts/main/"
428,"DAIRY_LIQ","SOY_SEMI","SOY_LIQ","DAIRY_SEMI","DAIRY_SOLID","SOY_SOLID","<strong>Cow’s milk</strong><br><br>This product is a liquid, dairy-based food product made from cow’s milk. It has a uniform, liquid consistency and can be poured and drunk. The product is typically consumed cold or at room temperature.","<strong>Douhua</strong><br><br>This product is a soft, firm, soy-based food product made from coagulated soymilk. It has a soft, firm consistency that holds its shape but can be easily divided with a spoon. The product is typically consumed cold or warm.","<strong>Soy milk</strong><br><br>This product is a liquid, soy-based food product made from soybeans. It has a uniform, liquid consistency and can be poured and drunk. The product is typically consumed cold or at room temperature.","<strong>Yoghurt from cow’s milk</strong><br><br>This product is a creamy, dairy-based food product made from fermented cow’s milk. It has a creamy consistency and can be eaten with a spoon. The product is typically consumed cold.","<strong>Cheese from cow’s milk</strong><br><br>This product is a firm dairy-based food product made from cow’s milk. Often known as cheese for pizza. When heated it has a smooth, creamy to chewy, elastic consistency. The product is typically consumed warm or at room temperature.","<strong>Yuba (tofu skin)</strong><br><br>This product is a rubbery, firm, soy-based food product made from coagulated soy milk. It has a rubbery, firm consistency that holds its shape, and are easy to chew. The product is typically consumed warm.","https://raw.githubusercontent.com/HjorthenA/SoyDairyProducts/main/"
429,"SOY_SEMI","DAIRY_SEMI","DAIRY_LIQ","SOY_SOLID","SOY_LIQ","DAIRY_SOLID","<strong>Douhua</strong><br><br>This product is a soft, firm, soy-based food product made from coagulated soymilk. It has a soft, firm consistency that holds its shape but can be easily divided with a spoon. The product is typically consumed cold or warm.","<strong>Yoghurt from cow’s milk</strong><br><br>This product is a creamy, dairy-based food product made from fermented cow’s milk. It has a creamy consistency and can be eaten with a spoon. The product is typically consumed cold.","<strong>Cow’s milk</strong><br><br>This product is a liquid, dairy-based food product made from cow’s milk. It has a uniform, liquid consistency and can be poured and drunk. The product is typically consumed cold or at room temperature.","<strong>Yuba (tofu skin)</strong><br><br>This product is a rubbery, firm, soy-based food product made from coagulated soy milk. It has a rubbery, firm consistency that holds its shape, and are easy to chew. The product is typically consumed warm.","<strong>Soy milk</strong><br><br>This product is a liquid, soy-based food product made from soybeans. It has a uniform, liquid consistency and can be poured and drunk. The product is typically consumed cold or at room temperature.","<strong>Cheese from cow’s milk</strong><br><br>This product is a firm dairy-based food product made from cow’s milk. Often known as cheese for pizza. When heated it has a smooth, creamy to chewy, elastic consistency. The product is typically consumed warm or at room temperature.","https://raw.githubusercontent.com/HjorthenA/SoyDairyProducts/main/"
430,"DAIRY_SEMI","SOY_SOLID","SOY_SEMI","DAIRY_SOLID","DAIRY_LIQ","SOY_LIQ","<strong>Yoghurt from cow’s milk</strong><br><br>This product is a creamy, dairy-based food product made from fermented cow’s milk. It has a creamy consistency and can be eaten with a spoon. The product is typically consumed cold.","<strong>Yuba (tofu skin)</strong><br><br>This product is a rubbery, firm, soy-based food product made from coagulated soy milk. It has a rubbery, firm consistency that holds its shape, and are easy to chew. The product is typically consumed warm.","<strong>Douhua</strong><br><br>This product is a soft, firm, soy-based food product made from coagulated soymilk. It has a soft, firm consistency that holds its shape but can be easily divided with a spoon. The product is typically consumed cold or warm.","<strong>Cheese from cow’s milk</strong><br><br>This product is a firm dairy-based food product made from cow’s milk. Often known as cheese for pizza. When heated it has a smooth, creamy to chewy, elastic consistency. The product is typically consumed warm or at room temperature.","<strong>Cow’s milk</strong><br><br>This product is a liquid, dairy-based food product made from cow’s milk. It has a uniform, liquid consistency and can be poured and drunk. The product is typically consumed cold or at room temperature.","<strong>Soy milk</strong><br><br>This product is a liquid, soy-based food product made from soybeans. It has a uniform, liquid consistency and can be poured and drunk. The product is typically consumed cold or at room temperature.","https://raw.githubusercontent.com/HjorthenA/SoyDairyProducts/main/"
431,"SOY_SOLID","DAIRY_SOLID","DAIRY_SEMI","SOY_LIQ","SOY_SEMI","DAIRY_LIQ","<strong>Yuba (tofu skin)</strong><br><br>This product is a rubbery, firm, soy-based food product made from coagulated soy milk. It has a rubbery, firm consistency that holds its shape, and are easy to chew. The product is typically consumed warm.","<strong>Cheese from cow’s milk</strong><br><br>This product is a firm dairy-based food product made from cow’s milk. Often known as cheese for pizza. When heated it has a smooth, creamy to chewy, elastic consistency. The product is typically consumed warm or at room temperature.","<strong>Yoghurt from cow’s milk</strong><br><br>This product is a creamy, dairy-based food product made from fermented cow’s milk. It has a creamy consistency and can be eaten with a spoon. The product is typically consumed cold.","<strong>Soy milk</strong><br><br>This product is a liquid, soy-based food product made from soybeans. It has a uniform, liquid consistency and can be poured and drunk. The product is typically consumed cold or at room temperature.","<strong>Douhua</strong><br><br>This product is a soft, firm, soy-based food product made from coagulated soymilk. It has a soft, firm consistency that holds its shape but can be easily divided with a spoon. The product is typically consumed cold or warm.","<strong>Cow’s milk</strong><br><br>This product is a liquid, dairy-based food product made from cow’s milk. It has a uniform, liquid consistency and can be poured and drunk. The product is typically consumed cold or at room temperature.","https://raw.githubusercontent.com/HjorthenA/SoyDairyProducts/main/"
432,"DAIRY_SOLID","SOY_LIQ","SOY_SOLID","DAIRY_LIQ","DAIRY_SEMI","SOY_SEMI","<strong>Cheese from cow’s milk</strong><br><br>This product is a firm dairy-based food product made from cow’s milk. Often known as cheese for pizza. When heated it has a smooth, creamy to chewy, elastic consistency. The product is typically consumed warm or at room temperature.","<strong>Soy milk</strong><br><br>This product is a liquid, soy-based food product made from soybeans. It has a uniform, liquid consistency and can be poured and drunk. The product is typically consumed cold or at room temperature.","<strong>Yuba (tofu skin)</strong><br><br>This product is a rubbery, firm, soy-based food product made from coagulated soy milk. It has a rubbery, firm consistency that holds its shape, and are easy to chew. The product is typically consumed warm.","<strong>Cow’s milk</strong><br><br>This product is a liquid, dairy-based food product made from cow’s milk. It has a uniform, liquid consistency and can be poured and drunk. The product is typically consumed cold or at room temperature.","<strong>Yoghurt from cow’s milk</strong><br><br>This product is a creamy, dairy-based food product made from fermented cow’s milk. It has a creamy consistency and can be eaten with a spoon. The product is typically consumed cold.","<strong>Douhua</strong><br><br>This product is a soft, firm, soy-based food product made from coagulated soymilk. It has a soft, firm consistency that holds its shape but can be easily divided with a spoon. The product is typically consumed cold or warm.","https://raw.githubusercontent.com/HjorthenA/SoyDairyProducts/main/"
433,"SOY_LIQ","DAIRY_LIQ","DAIRY_SOLID","SOY_SEMI","SOY_SOLID","DAIRY_SEMI","<strong>Soy milk</strong><br><br>This product is a liquid, soy-based food product made from soybeans. It has a uniform, liquid consistency and can be poured and drunk. The product is typically consumed cold or at room temperature.","<strong>Cow’s milk</strong><br><br>This product is a liquid, dairy-based food product made from cow’s milk. It has a uniform, liquid consistency and can be poured and drunk. The product is typically consumed cold or at room temperature.","<strong>Cheese from cow’s milk</strong><br><br>This product is a firm dairy-based food product made from cow’s milk. Often known as cheese for pizza. When heated it has a smooth, creamy to chewy, elastic consistency. The product is typically consumed warm or at room temperature.","<strong>Douhua</strong><br><br>This product is a soft, firm, soy-based food product made from coagulated soymilk. It has a soft, firm consistency that holds its shape but can be easily divided with a spoon. The product is typically consumed cold or warm.","<strong>Yuba (tofu skin)</strong><br><br>This product is a rubbery, firm, soy-based food product made from coagulated soy milk. It has a rubbery, firm consistency that holds its shape, and are easy to chew. The product is typically consumed warm.","<strong>Yoghurt from cow’s milk</strong><br><br>This product is a creamy, dairy-based food product made from fermented cow’s milk. It has a creamy consistency and can be eaten with a spoon. The product is typically consumed cold.","https://raw.githubusercontent.com/HjorthenA/SoyDairyProducts/main/"
434,"DAIRY_LIQ","SOY_SEMI","SOY_LIQ","DAIRY_SEMI","DAIRY_SOLID","SOY_SOLID","<strong>Cow’s milk</strong><br><br>This product is a liquid, dairy-based food product made from cow’s milk. It has a uniform, liquid consistency and can be poured and drunk. The product is typically consumed cold or at room temperature.","<strong>Douhua</strong><br><br>This product is a soft, firm, soy-based food product made from coagulated soymilk. It has a soft, firm consistency that holds its shape but can be easily divided with a spoon. The product is typically consumed cold or warm.","<strong>Soy milk</strong><br><br>This product is a liquid, soy-based food product made from soybeans. It has a uniform, liquid consistency and can be poured and drunk. The product is typically consumed cold or at room temperature.","<strong>Yoghurt from cow’s milk</strong><br><br>This product is a creamy, dairy-based food product made from fermented cow’s milk. It has a creamy consistency and can be eaten with a spoon. The product is typically consumed cold.","<strong>Cheese from cow’s milk</strong><br><br>This product is a firm dairy-based food product made from cow’s milk. Often known as cheese for pizza. When heated it has a smooth, creamy to chewy, elastic consistency. The product is typically consumed warm or at room temperature.","<strong>Yuba (tofu skin)</strong><br><br>This product is a rubbery, firm, soy-based food product made from coagulated soy milk. It has a rubbery, firm consistency that holds its shape, and are easy to chew. The product is typically consumed warm.","https://raw.githubusercontent.com/HjorthenA/SoyDairyProducts/main/"
435,"SOY_SEMI","DAIRY_SEMI","DAIRY_LIQ","SOY_SOLID","SOY_LIQ","DAIRY_SOLID","<strong>Douhua</strong><br><br>This product is a soft, firm, soy-based food product made from coagulated soymilk. It has a soft, firm consistency that holds its shape but can be easily divided with a spoon. The product is typically consumed cold or warm.","<strong>Yoghurt from cow’s milk</strong><br><br>This product is a creamy, dairy-based food product made from fermented cow’s milk. It has a creamy consistency and can be eaten with a spoon. The product is typically consumed cold.","<strong>Cow’s milk</strong><br><br>This product is a liquid, dairy-based food product made from cow’s milk. It has a uniform, liquid consistency and can be poured and drunk. The product is typically consumed cold or at room temperature.","<strong>Yuba (tofu skin)</strong><br><br>This product is a rubbery, firm, soy-based food product made from coagulated soy milk. It has a rubbery, firm consistency that holds its shape, and are easy to chew. The product is typically consumed warm.","<strong>Soy milk</strong><br><br>This product is a liquid, soy-based food product made from soybeans. It has a uniform, liquid consistency and can be poured and drunk. The product is typically consumed cold or at room temperature.","<strong>Cheese from cow’s milk</strong><br><br>This product is a firm dairy-based food product made from cow’s milk. Often known as cheese for pizza. When heated it has a smooth, creamy to chewy, elastic consistency. The product is typically consumed warm or at room temperature.","https://raw.githubusercontent.com/HjorthenA/SoyDairyProducts/main/"
436,"DAIRY_SEMI","SOY_SOLID","SOY_SEMI","DAIRY_SOLID","DAIRY_LIQ","SOY_LIQ","<strong>Yoghurt from cow’s milk</strong><br><br>This product is a creamy, dairy-based food product made from fermented cow’s milk. It has a creamy consistency and can be eaten with a spoon. The product is typically consumed cold.","<strong>Yuba (tofu skin)</strong><br><br>This product is a rubbery, firm, soy-based food product made from coagulated soy milk. It has a rubbery, firm consistency that holds its shape, and are easy to chew. The product is typically consumed warm.","<strong>Douhua</strong><br><br>This product is a soft, firm, soy-based food product made from coagulated soymilk. It has a soft, firm consistency that holds its shape but can be easily divided with a spoon. The product is typically consumed cold or warm.","<strong>Cheese from cow’s milk</strong><br><br>This product is a firm dairy-based food product made from cow’s milk. Often known as cheese for pizza. When heated it has a smooth, creamy to chewy, elastic consistency. The product is typically consumed warm or at room temperature.","<strong>Cow’s milk</strong><br><br>This product is a liquid, dairy-based food product made from cow’s milk. It has a uniform, liquid consistency and can be poured and drunk. The product is typically consumed cold or at room temperature.","<strong>Soy milk</strong><br><br>This product is a liquid, soy-based food product made from soybeans. It has a uniform, liquid consistency and can be poured and drunk. The product is typically consumed cold or at room temperature.","https://raw.githubusercontent.com/HjorthenA/SoyDairyProducts/main/"
437,"SOY_SOLID","DAIRY_SOLID","DAIRY_SEMI","SOY_LIQ","SOY_SEMI","DAIRY_LIQ","<strong>Yuba (tofu skin)</strong><br><br>This product is a rubbery, firm, soy-based food product made from coagulated soy milk. It has a rubbery, firm consistency that holds its shape, and are easy to chew. The product is typically consumed warm.","<strong>Cheese from cow’s milk</strong><br><br>This product is a firm dairy-based food product made from cow’s milk. Often known as cheese for pizza. When heated it has a smooth, creamy to chewy, elastic consistency. The product is typically consumed warm or at room temperature.","<strong>Yoghurt from cow’s milk</strong><br><br>This product is a creamy, dairy-based food product made from fermented cow’s milk. It has a creamy consistency and can be eaten with a spoon. The product is typically consumed cold.","<strong>Soy milk</strong><br><br>This product is a liquid, soy-based food product made from soybeans. It has a uniform, liquid consistency and can be poured and drunk. The product is typically consumed cold or at room temperature.","<strong>Douhua</strong><br><br>This product is a soft, firm, soy-based food product made from coagulated soymilk. It has a soft, firm consistency that holds its shape but can be easily divided with a spoon. The product is typically consumed cold or warm.","<strong>Cow’s milk</strong><br><br>This product is a liquid, dairy-based food product made from cow’s milk. It has a uniform, liquid consistency and can be poured and drunk. The product is typically consumed cold or at room temperature.","https://raw.githubusercontent.com/HjorthenA/SoyDairyProducts/main/"
438,"DAIRY_SOLID","SOY_LIQ","SOY_SOLID","DAIRY_LIQ","DAIRY_SEMI","SOY_SEMI","<strong>Cheese from cow’s milk</strong><br><br>This product is a firm dairy-based food product made from cow’s milk. Often known as cheese for pizza. When heated it has a smooth, creamy to chewy, elastic consistency. The product is typically consumed warm or at room temperature.","<strong>Soy milk</strong><br><br>This product is a liquid, soy-based food product made from soybeans. It has a uniform, liquid consistency and can be poured and drunk. The product is typically consumed cold or at room temperature.","<strong>Yuba (tofu skin)</strong><br><br>This product is a rubbery, firm, soy-based food product made from coagulated soy milk. It has a rubbery, firm consistency that holds its shape, and are easy to chew. The product is typically consumed warm.","<strong>Cow’s milk</strong><br><br>This product is a liquid, dairy-based food product made from cow’s milk. It has a uniform, liquid consistency and can be poured and drunk. The product is typically consumed cold or at room temperature.","<strong>Yoghurt from cow’s milk</strong><br><br>This product is a creamy, dairy-based food product made from fermented cow’s milk. It has a creamy consistency and can be eaten with a spoon. The product is typically consumed cold.","<strong>Douhua</strong><br><br>This product is a soft, firm, soy-based food product made from coagulated soymilk. It has a soft, firm consistency that holds its shape but can be easily divided with a spoon. The product is typically consumed cold or warm.","https://raw.githubusercontent.com/HjorthenA/SoyDairyProducts/main/"
439,"SOY_LIQ","DAIRY_LIQ","DAIRY_SOLID","SOY_SEMI","SOY_SOLID","DAIRY_SEMI","<strong>Soy milk</strong><br><br>This product is a liquid, soy-based food product made from soybeans. It has a uniform, liquid consistency and can be poured and drunk. The product is typically consumed cold or at room temperature.","<strong>Cow’s milk</strong><br><br>This product is a liquid, dairy-based food product made from cow’s milk. It has a uniform, liquid consistency and can be poured and drunk. The product is typically consumed cold or at room temperature.","<strong>Cheese from cow’s milk</strong><br><br>This product is a firm dairy-based food product made from cow’s milk. Often known as cheese for pizza. When heated it has a smooth, creamy to chewy, elastic consistency. The product is typically consumed warm or at room temperature.","<strong>Douhua</strong><br><br>This product is a soft, firm, soy-based food product made from coagulated soymilk. It has a soft, firm consistency that holds its shape but can be easily divided with a spoon. The product is typically consumed cold or warm.","<strong>Yuba (tofu skin)</strong><br><br>This product is a rubbery, firm, soy-based food product made from coagulated soy milk. It has a rubbery, firm consistency that holds its shape, and are easy to chew. The product is typically consumed warm.","<strong>Yoghurt from cow’s milk</strong><br><br>This product is a creamy, dairy-based food product made from fermented cow’s milk. It has a creamy consistency and can be eaten with a spoon. The product is typically consumed cold.","https://raw.githubusercontent.com/HjorthenA/SoyDairyProducts/main/"
440,"DAIRY_LIQ","SOY_SEMI","SOY_LIQ","DAIRY_SEMI","DAIRY_SOLID","SOY_SOLID","<strong>Cow’s milk</strong><br><br>This product is a liquid, dairy-based food product made from cow’s milk. It has a uniform, liquid consistency and can be poured and drunk. The product is typically consumed cold or at room temperature.","<strong>Douhua</strong><br><br>This product is a soft, firm, soy-based food product made from coagulated soymilk. It has a soft, firm consistency that holds its shape but can be easily divided with a spoon. The product is typically consumed cold or warm.","<strong>Soy milk</strong><br><br>This product is a liquid, soy-based food product made from soybeans. It has a uniform, liquid consistency and can be poured and drunk. The product is typically consumed cold or at room temperature.","<strong>Yoghurt from cow’s milk</strong><br><br>This product is a creamy, dairy-based food product made from fermented cow’s milk. It has a creamy consistency and can be eaten with a spoon. The product is typically consumed cold.","<strong>Cheese from cow’s milk</strong><br><br>This product is a firm dairy-based food product made from cow’s milk. Often known as cheese for pizza. When heated it has a smooth, creamy to chewy, elastic consistency. The product is typically consumed warm or at room temperature.","<strong>Yuba (tofu skin)</strong><br><br>This product is a rubbery, firm, soy-based food product made from coagulated soy milk. It has a rubbery, firm consistency that holds its shape, and are easy to chew. The product is typically consumed warm.","https://raw.githubusercontent.com/HjorthenA/SoyDairyProducts/main/"
441,"SOY_SEMI","DAIRY_SEMI","DAIRY_LIQ","SOY_SOLID","SOY_LIQ","DAIRY_SOLID","<strong>Douhua</strong><br><br>This product is a soft, firm, soy-based food product made from coagulated soymilk. It has a soft, firm consistency that holds its shape but can be easily divided with a spoon. The product is typically consumed cold or warm.","<strong>Yoghurt from cow’s milk</strong><br><br>This product is a creamy, dairy-based food product made from fermented cow’s milk. It has a creamy consistency and can be eaten with a spoon. The product is typically consumed cold.","<strong>Cow’s milk</strong><br><br>This product is a liquid, dairy-based food product made from cow’s milk. It has a uniform, liquid consistency and can be poured and drunk. The product is typically consumed cold or at room temperature.","<strong>Yuba (tofu skin)</strong><br><br>This product is a rubbery, firm, soy-based food product made from coagulated soy milk. It has a rubbery, firm consistency that holds its shape, and are easy to chew. The product is typically consumed warm.","<strong>Soy milk</strong><br><br>This product is a liquid, soy-based food product made from soybeans. It has a uniform, liquid consistency and can be poured and drunk. The product is typically consumed cold or at room temperature.","<strong>Cheese from cow’s milk</strong><br><br>This product is a firm dairy-based food product made from cow’s milk. Often known as cheese for pizza. When heated it has a smooth, creamy to chewy, elastic consistency. The product is typically consumed warm or at room temperature.","https://raw.githubusercontent.com/HjorthenA/SoyDairyProducts/main/"
442,"DAIRY_SEMI","SOY_SOLID","SOY_SEMI","DAIRY_SOLID","DAIRY_LIQ","SOY_LIQ","<strong>Yoghurt from cow’s milk</strong><br><br>This product is a creamy, dairy-based food product made from fermented cow’s milk. It has a creamy consistency and can be eaten with a spoon. The product is typically consumed cold.","<strong>Yuba (tofu skin)</strong><br><br>This product is a rubbery, firm, soy-based food product made from coagulated soy milk. It has a rubbery, firm consistency that holds its shape, and are easy to chew. The product is typically consumed warm.","<strong>Douhua</strong><br><br>This product is a soft, firm, soy-based food product made from coagulated soymilk. It has a soft, firm consistency that holds its shape but can be easily divided with a spoon. The product is typically consumed cold or warm.","<strong>Cheese from cow’s milk</strong><br><br>This product is a firm dairy-based food product made from cow’s milk. Often known as cheese for pizza. When heated it has a smooth, creamy to chewy, elastic consistency. The product is typically consumed warm or at room temperature.","<strong>Cow’s milk</strong><br><br>This product is a liquid, dairy-based food product made from cow’s milk. It has a uniform, liquid consistency and can be poured and drunk. The product is typically consumed cold or at room temperature.","<strong>Soy milk</strong><br><br>This product is a liquid, soy-based food product made from soybeans. It has a uniform, liquid consistency and can be poured and drunk. The product is typically consumed cold or at room temperature.","https://raw.githubusercontent.com/HjorthenA/SoyDairyProducts/main/"
443,"SOY_SOLID","DAIRY_SOLID","DAIRY_SEMI","SOY_LIQ","SOY_SEMI","DAIRY_LIQ","<strong>Yuba (tofu skin)</strong><br><br>This product is a rubbery, firm, soy-based food product made from coagulated soy milk. It has a rubbery, firm consistency that holds its shape, and are easy to chew. The product is typically consumed warm.","<strong>Cheese from cow’s milk</strong><br><br>This product is a firm dairy-based food product made from cow’s milk. Often known as cheese for pizza. When heated it has a smooth, creamy to chewy, elastic consistency. The product is typically consumed warm or at room temperature.","<strong>Yoghurt from cow’s milk</strong><br><br>This product is a creamy, dairy-based food product made from fermented cow’s milk. It has a creamy consistency and can be eaten with a spoon. The product is typically consumed cold.","<strong>Soy milk</strong><br><br>This product is a liquid, soy-based food product made from soybeans. It has a uniform, liquid consistency and can be poured and drunk. The product is typically consumed cold or at room temperature.","<strong>Douhua</strong><br><br>This product is a soft, firm, soy-based food product made from coagulated soymilk. It has a soft, firm consistency that holds its shape but can be easily divided with a spoon. The product is typically consumed cold or warm.","<strong>Cow’s milk</strong><br><br>This product is a liquid, dairy-based food product made from cow’s milk. It has a uniform, liquid consistency and can be poured and drunk. The product is typically consumed cold or at room temperature.","https://raw.githubusercontent.com/HjorthenA/SoyDairyProducts/main/"
444,"DAIRY_SOLID","SOY_LIQ","SOY_SOLID","DAIRY_LIQ","DAIRY_SEMI","SOY_SEMI","<strong>Cheese from cow’s milk</strong><br><br>This product is a firm dairy-based food product made from cow’s milk. Often known as cheese for pizza. When heated it has a smooth, creamy to chewy, elastic consistency. The product is typically consumed warm or at room temperature.","<strong>Soy milk</strong><br><br>This product is a liquid, soy-based food product made from soybeans. It has a uniform, liquid consistency and can be poured and drunk. The product is typically consumed cold or at room temperature.","<strong>Yuba (tofu skin)</strong><br><br>This product is a rubbery, firm, soy-based food product made from coagulated soy milk. It has a rubbery, firm consistency that holds its shape, and are easy to chew. The product is typically consumed warm.","<strong>Cow’s milk</strong><br><br>This product is a liquid, dairy-based food product made from cow’s milk. It has a uniform, liquid consistency and can be poured and drunk. The product is typically consumed cold or at room temperature.","<strong>Yoghurt from cow’s milk</strong><br><br>This product is a creamy, dairy-based food product made from fermented cow’s milk. It has a creamy consistency and can be eaten with a spoon. The product is typically consumed cold.","<strong>Douhua</strong><br><br>This product is a soft, firm, soy-based food product made from coagulated soymilk. It has a soft, firm consistency that holds its shape but can be easily divided with a spoon. The product is typically consumed cold or warm.","https://raw.githubusercontent.com/HjorthenA/SoyDairyProducts/main/"
445,"SOY_LIQ","DAIRY_LIQ","DAIRY_SOLID","SOY_SEMI","SOY_SOLID","DAIRY_SEMI","<strong>Soy milk</strong><br><br>This product is a liquid, soy-based food product made from soybeans. It has a uniform, liquid consistency and can be poured and drunk. The product is typically consumed cold or at room temperature.","<strong>Cow’s milk</strong><br><br>This product is a liquid, dairy-based food product made from cow’s milk. It has a uniform, liquid consistency and can be poured and drunk. The product is typically consumed cold or at room temperature.","<strong>Cheese from cow’s milk</strong><br><br>This product is a firm dairy-based food product made from cow’s milk. Often known as cheese for pizza. When heated it has a smooth, creamy to chewy, elastic consistency. The product is typically consumed warm or at room temperature.","<strong>Douhua</strong><br><br>This product is a soft, firm, soy-based food product made from coagulated soymilk. It has a soft, firm consistency that holds its shape but can be easily divided with a spoon. The product is typically consumed cold or warm.","<strong>Yuba (tofu skin)</strong><br><br>This product is a rubbery, firm, soy-based food product made from coagulated soy milk. It has a rubbery, firm consistency that holds its shape, and are easy to chew. The product is typically consumed warm.","<strong>Yoghurt from cow’s milk</strong><br><br>This product is a creamy, dairy-based food product made from fermented cow’s milk. It has a creamy consistency and can be eaten with a spoon. The product is typically consumed cold.","https://raw.githubusercontent.com/HjorthenA/SoyDairyProducts/main/"
446,"DAIRY_LIQ","SOY_SEMI","SOY_LIQ","DAIRY_SEMI","DAIRY_SOLID","SOY_SOLID","<strong>Cow’s milk</strong><br><br>This product is a liquid, dairy-based food product made from cow’s milk. It has a uniform, liquid consistency and can be poured and drunk. The product is typically consumed cold or at room temperature.","<strong>Douhua</strong><br><br>This product is a soft, firm, soy-based food product made from coagulated soymilk. It has a soft, firm consistency that holds its shape but can be easily divided with a spoon. The product is typically consumed cold or warm.","<strong>Soy milk</strong><br><br>This product is a liquid, soy-based food product made from soybeans. It has a uniform, liquid consistency and can be poured and drunk. The product is typically consumed cold or at room temperature.","<strong>Yoghurt from cow’s milk</strong><br><br>This product is a creamy, dairy-based food product made from fermented cow’s milk. It has a creamy consistency and can be eaten with a spoon. The product is typically consumed cold.","<strong>Cheese from cow’s milk</strong><br><br>This product is a firm dairy-based food product made from cow’s milk. Often known as cheese for pizza. When heated it has a smooth, creamy to chewy, elastic consistency. The product is typically consumed warm or at room temperature.","<strong>Yuba (tofu skin)</strong><br><br>This product is a rubbery, firm, soy-based food product made from coagulated soy milk. It has a rubbery, firm consistency that holds its shape, and are easy to chew. The product is typically consumed warm.","https://raw.githubusercontent.com/HjorthenA/SoyDairyProducts/main/"
447,"SOY_SEMI","DAIRY_SEMI","DAIRY_LIQ","SOY_SOLID","SOY_LIQ","DAIRY_SOLID","<strong>Douhua</strong><br><br>This product is a soft, firm, soy-based food product made from coagulated soymilk. It has a soft, firm consistency that holds its shape but can be easily divided with a spoon. The product is typically consumed cold or warm.","<strong>Yoghurt from cow’s milk</strong><br><br>This product is a creamy, dairy-based food product made from fermented cow’s milk. It has a creamy consistency and can be eaten with a spoon. The product is typically consumed cold.","<strong>Cow’s milk</strong><br><br>This product is a liquid, dairy-based food product made from cow’s milk. It has a uniform, liquid consistency and can be poured and drunk. The product is typically consumed cold or at room temperature.","<strong>Yuba (tofu skin)</strong><br><br>This product is a rubbery, firm, soy-based food product made from coagulated soy milk. It has a rubbery, firm consistency that holds its shape, and are easy to chew. The product is typically consumed warm.","<strong>Soy milk</strong><br><br>This product is a liquid, soy-based food product made from soybeans. It has a uniform, liquid consistency and can be poured and drunk. The product is typically consumed cold or at room temperature.","<strong>Cheese from cow’s milk</strong><br><br>This product is a firm dairy-based food product made from cow’s milk. Often known as cheese for pizza. When heated it has a smooth, creamy to chewy, elastic consistency. The product is typically consumed warm or at room temperature.","https://raw.githubusercontent.com/HjorthenA/SoyDairyProducts/main/"
448,"DAIRY_SEMI","SOY_SOLID","SOY_SEMI","DAIRY_SOLID","DAIRY_LIQ","SOY_LIQ","<strong>Yoghurt from cow’s milk</strong><br><br>This product is a creamy, dairy-based food product made from fermented cow’s milk. It has a creamy consistency and can be eaten with a spoon. The product is typically consumed cold.","<strong>Yuba (tofu skin)</strong><br><br>This product is a rubbery, firm, soy-based food product made from coagulated soy milk. It has a rubbery, firm consistency that holds its shape, and are easy to chew. The product is typically consumed warm.","<strong>Douhua</strong><br><br>This product is a soft, firm, soy-based food product made from coagulated soymilk. It has a soft, firm consistency that holds its shape but can be easily divided with a spoon. The product is typically consumed cold or warm.","<strong>Cheese from cow’s milk</strong><br><br>This product is a firm dairy-based food product made from cow’s milk. Often known as cheese for pizza. When heated it has a smooth, creamy to chewy, elastic consistency. The product is typically consumed warm or at room temperature.","<strong>Cow’s milk</strong><br><br>This product is a liquid, dairy-based food product made from cow’s milk. It has a uniform, liquid consistency and can be poured and drunk. The product is typically consumed cold or at room temperature.","<strong>Soy milk</strong><br><br>This product is a liquid, soy-based food product made from soybeans. It has a uniform, liquid consistency and can be poured and drunk. The product is typically consumed cold or at room temperature.","https://raw.githubusercontent.com/HjorthenA/SoyDairyProducts/main/"
449,"SOY_SOLID","DAIRY_SOLID","DAIRY_SEMI","SOY_LIQ","SOY_SEMI","DAIRY_LIQ","<strong>Yuba (tofu skin)</strong><br><br>This product is a rubbery, firm, soy-based food product made from coagulated soy milk. It has a rubbery, firm consistency that holds its shape, and are easy to chew. The product is typically consumed warm.","<strong>Cheese from cow’s milk</strong><br><br>This product is a firm dairy-based food product made from cow’s milk. Often known as cheese for pizza. When heated it has a smooth, creamy to chewy, elastic consistency. The product is typically consumed warm or at room temperature.","<strong>Yoghurt from cow’s milk</strong><br><br>This product is a creamy, dairy-based food product made from fermented cow’s milk. It has a creamy consistency and can be eaten with a spoon. The product is typically consumed cold.","<strong>Soy milk</strong><br><br>This product is a liquid, soy-based food product made from soybeans. It has a uniform, liquid consistency and can be poured and drunk. The product is typically consumed cold or at room temperature.","<strong>Douhua</strong><br><br>This product is a soft, firm, soy-based food product made from coagulated soymilk. It has a soft, firm consistency that holds its shape but can be easily divided with a spoon. The product is typically consumed cold or warm.","<strong>Cow’s milk</strong><br><br>This product is a liquid, dairy-based food product made from cow’s milk. It has a uniform, liquid consistency and can be poured and drunk. The product is typically consumed cold or at room temperature.","https://raw.githubusercontent.com/HjorthenA/SoyDairyProducts/main/"
450,"DAIRY_SOLID","SOY_LIQ","SOY_SOLID","DAIRY_LIQ","DAIRY_SEMI","SOY_SEMI","<strong>Cheese from cow’s milk</strong><br><br>This product is a firm dairy-based food product made from cow’s milk. Often known as cheese for pizza. When heated it has a smooth, creamy to chewy, elastic consistency. The product is typically consumed warm or at room temperature.","<strong>Soy milk</strong><br><br>This product is a liquid, soy-based food product made from soybeans. It has a uniform, liquid consistency and can be poured and drunk. The product is typically consumed cold or at room temperature.","<strong>Yuba (tofu skin)</strong><br><br>This product is a rubbery, firm, soy-based food product made from coagulated soy milk. It has a rubbery, firm consistency that holds its shape, and are easy to chew. The product is typically consumed warm.","<strong>Cow’s milk</strong><br><br>This product is a liquid, dairy-based food product made from cow’s milk. It has a uniform, liquid consistency and can be poured and drunk. The product is typically consumed cold or at room temperature.","<strong>Yoghurt from cow’s milk</strong><br><br>This product is a creamy, dairy-based food product made from fermented cow’s milk. It has a creamy consistency and can be eaten with a spoon. The product is typically consumed cold.","<strong>Douhua</strong><br><br>This product is a soft, firm, soy-based food product made from coagulated soymilk. It has a soft, firm consistency that holds its shape but can be easily divided with a spoon. The product is typically consumed cold or warm.","https://raw.githubusercontent.com/HjorthenA/SoyDairyProducts/main/"
451,"SOY_LIQ","DAIRY_LIQ","DAIRY_SOLID","SOY_SEMI","SOY_SOLID","DAIRY_SEMI","<strong>Soy milk</strong><br><br>This product is a liquid, soy-based food product made from soybeans. It has a uniform, liquid consistency and can be poured and drunk. The product is typically consumed cold or at room temperature.","<strong>Cow’s milk</strong><br><br>This product is a liquid, dairy-based food product made from cow’s milk. It has a uniform, liquid consistency and can be poured and drunk. The product is typically consumed cold or at room temperature.","<strong>Cheese from cow’s milk</strong><br><br>This product is a firm dairy-based food product made from cow’s milk. Often known as cheese for pizza. When heated it has a smooth, creamy to chewy, elastic consistency. The product is typically consumed warm or at room temperature.","<strong>Douhua</strong><br><br>This product is a soft, firm, soy-based food product made from coagulated soymilk. It has a soft, firm consistency that holds its shape but can be easily divided with a spoon. The product is typically consumed cold or warm.","<strong>Yuba (tofu skin)</strong><br><br>This product is a rubbery, firm, soy-based food product made from coagulated soy milk. It has a rubbery, firm consistency that holds its shape, and are easy to chew. The product is typically consumed warm.","<strong>Yoghurt from cow’s milk</strong><br><br>This product is a creamy, dairy-based food product made from fermented cow’s milk. It has a creamy consistency and can be eaten with a spoon. The product is typically consumed cold.","https://raw.githubusercontent.com/HjorthenA/SoyDairyProducts/main/"
452,"DAIRY_LIQ","SOY_SEMI","SOY_LIQ","DAIRY_SEMI","DAIRY_SOLID","SOY_SOLID","<strong>Cow’s milk</strong><br><br>This product is a liquid, dairy-based food product made from cow’s milk. It has a uniform, liquid consistency and can be poured and drunk. The product is typically consumed cold or at room temperature.","<strong>Douhua</strong><br><br>This product is a soft, firm, soy-based food product made from coagulated soymilk. It has a soft, firm consistency that holds its shape but can be easily divided with a spoon. The product is typically consumed cold or warm.","<strong>Soy milk</strong><br><br>This product is a liquid, soy-based food product made from soybeans. It has a uniform, liquid consistency and can be poured and drunk. The product is typically consumed cold or at room temperature.","<strong>Yoghurt from cow’s milk</strong><br><br>This product is a creamy, dairy-based food product made from fermented cow’s milk. It has a creamy consistency and can be eaten with a spoon. The product is typically consumed cold.","<strong>Cheese from cow’s milk</strong><br><br>This product is a firm dairy-based food product made from cow’s milk. Often known as cheese for pizza. When heated it has a smooth, creamy to chewy, elastic consistency. The product is typically consumed warm or at room temperature.","<strong>Yuba (tofu skin)</strong><br><br>This product is a rubbery, firm, soy-based food product made from coagulated soy milk. It has a rubbery, firm consistency that holds its shape, and are easy to chew. The product is typically consumed warm.","https://raw.githubusercontent.com/HjorthenA/SoyDairyProducts/main/"
453,"SOY_SEMI","DAIRY_SEMI","DAIRY_LIQ","SOY_SOLID","SOY_LIQ","DAIRY_SOLID","<strong>Douhua</strong><br><br>This product is a soft, firm, soy-based food product made from coagulated soymilk. It has a soft, firm consistency that holds its shape but can be easily divided with a spoon. The product is typically consumed cold or warm.","<strong>Yoghurt from cow’s milk</strong><br><br>This product is a creamy, dairy-based food product made from fermented cow’s milk. It has a creamy consistency and can be eaten with a spoon. The product is typically consumed cold.","<strong>Cow’s milk</strong><br><br>This product is a liquid, dairy-based food product made from cow’s milk. It has a uniform, liquid consistency and can be poured and drunk. The product is typically consumed cold or at room temperature.","<strong>Yuba (tofu skin)</strong><br><br>This product is a rubbery, firm, soy-based food product made from coagulated soy milk. It has a rubbery, firm consistency that holds its shape, and are easy to chew. The product is typically consumed warm.","<strong>Soy milk</strong><br><br>This product is a liquid, soy-based food product made from soybeans. It has a uniform, liquid consistency and can be poured and drunk. The product is typically consumed cold or at room temperature.","<strong>Cheese from cow’s milk</strong><br><br>This product is a firm dairy-based food product made from cow’s milk. Often known as cheese for pizza. When heated it has a smooth, creamy to chewy, elastic consistency. The product is typically consumed warm or at room temperature.","https://raw.githubusercontent.com/HjorthenA/SoyDairyProducts/main/"
454,"DAIRY_SEMI","SOY_SOLID","SOY_SEMI","DAIRY_SOLID","DAIRY_LIQ","SOY_LIQ","<strong>Yoghurt from cow’s milk</strong><br><br>This product is a creamy, dairy-based food product made from fermented cow’s milk. It has a creamy consistency and can be eaten with a spoon. The product is typically consumed cold.","<strong>Yuba (tofu skin)</strong><br><br>This product is a rubbery, firm, soy-based food product made from coagulated soy milk. It has a rubbery, firm consistency that holds its shape, and are easy to chew. The product is typically consumed warm.","<strong>Douhua</strong><br><br>This product is a soft, firm, soy-based food product made from coagulated soymilk. It has a soft, firm consistency that holds its shape but can be easily divided with a spoon. The product is typically consumed cold or warm.","<strong>Cheese from cow’s milk</strong><br><br>This product is a firm dairy-based food product made from cow’s milk. Often known as cheese for pizza. When heated it has a smooth, creamy to chewy, elastic consistency. The product is typically consumed warm or at room temperature.","<strong>Cow’s milk</strong><br><br>This product is a liquid, dairy-based food product made from cow’s milk. It has a uniform, liquid consistency and can be poured and drunk. The product is typically consumed cold or at room temperature.","<strong>Soy milk</strong><br><br>This product is a liquid, soy-based food product made from soybeans. It has a uniform, liquid consistency and can be poured and drunk. The product is typically consumed cold or at room temperature.","https://raw.githubusercontent.com/HjorthenA/SoyDairyProducts/main/"
455,"SOY_SOLID","DAIRY_SOLID","DAIRY_SEMI","SOY_LIQ","SOY_SEMI","DAIRY_LIQ","<strong>Yuba (tofu skin)</strong><br><br>This product is a rubbery, firm, soy-based food product made from coagulated soy milk. It has a rubbery, firm consistency that holds its shape, and are easy to chew. The product is typically consumed warm.","<strong>Cheese from cow’s milk</strong><br><br>This product is a firm dairy-based food product made from cow’s milk. Often known as cheese for pizza. When heated it has a smooth, creamy to chewy, elastic consistency. The product is typically consumed warm or at room temperature.","<strong>Yoghurt from cow’s milk</strong><br><br>This product is a creamy, dairy-based food product made from fermented cow’s milk. It has a creamy consistency and can be eaten with a spoon. The product is typically consumed cold.","<strong>Soy milk</strong><br><br>This product is a liquid, soy-based food product made from soybeans. It has a uniform, liquid consistency and can be poured and drunk. The product is typically consumed cold or at room temperature.","<strong>Douhua</strong><br><br>This product is a soft, firm, soy-based food product made from coagulated soymilk. It has a soft, firm consistency that holds its shape but can be easily divided with a spoon. The product is typically consumed cold or warm.","<strong>Cow’s milk</strong><br><br>This product is a liquid, dairy-based food product made from cow’s milk. It has a uniform, liquid consistency and can be poured and drunk. The product is typically consumed cold or at room temperature.","https://raw.githubusercontent.com/HjorthenA/SoyDairyProducts/main/"
456,"DAIRY_SOLID","SOY_LIQ","SOY_SOLID","DAIRY_LIQ","DAIRY_SEMI","SOY_SEMI","<strong>Cheese from cow’s milk</strong><br><br>This product is a firm dairy-based food product made from cow’s milk. Often known as cheese for pizza. When heated it has a smooth, creamy to chewy, elastic consistency. The product is typically consumed warm or at room temperature.","<strong>Soy milk</strong><br><br>This product is a liquid, soy-based food product made from soybeans. It has a uniform, liquid consistency and can be poured and drunk. The product is typically consumed cold or at room temperature.","<strong>Yuba (tofu skin)</strong><br><br>This product is a rubbery, firm, soy-based food product made from coagulated soy milk. It has a rubbery, firm consistency that holds its shape, and are easy to chew. The product is typically consumed warm.","<strong>Cow’s milk</strong><br><br>This product is a liquid, dairy-based food product made from cow’s milk. It has a uniform, liquid consistency and can be poured and drunk. The product is typically consumed cold or at room temperature.","<strong>Yoghurt from cow’s milk</strong><br><br>This product is a creamy, dairy-based food product made from fermented cow’s milk. It has a creamy consistency and can be eaten with a spoon. The product is typically consumed cold.","<strong>Douhua</strong><br><br>This product is a soft, firm, soy-based food product made from coagulated soymilk. It has a soft, firm consistency that holds its shape but can be easily divided with a spoon. The product is typically consumed cold or warm.","https://raw.githubusercontent.com/HjorthenA/SoyDairyProducts/main/"
457,"SOY_LIQ","DAIRY_LIQ","DAIRY_SOLID","SOY_SEMI","SOY_SOLID","DAIRY_SEMI","<strong>Soy milk</strong><br><br>This product is a liquid, soy-based food product made from soybeans. It has a uniform, liquid consistency and can be poured and drunk. The product is typically consumed cold or at room temperature.","<strong>Cow’s milk</strong><br><br>This product is a liquid, dairy-based food product made from cow’s milk. It has a uniform, liquid consistency and can be poured and drunk. The product is typically consumed cold or at room temperature.","<strong>Cheese from cow’s milk</strong><br><br>This product is a firm dairy-based food product made from cow’s milk. Often known as cheese for pizza. When heated it has a smooth, creamy to chewy, elastic consistency. The product is typically consumed warm or at room temperature.","<strong>Douhua</strong><br><br>This product is a soft, firm, soy-based food product made from coagulated soymilk. It has a soft, firm consistency that holds its shape but can be easily divided with a spoon. The product is typically consumed cold or warm.","<strong>Yuba (tofu skin)</strong><br><br>This product is a rubbery, firm, soy-based food product made from coagulated soy milk. It has a rubbery, firm consistency that holds its shape, and are easy to chew. The product is typically consumed warm.","<strong>Yoghurt from cow’s milk</strong><br><br>This product is a creamy, dairy-based food product made from fermented cow’s milk. It has a creamy consistency and can be eaten with a spoon. The product is typically consumed cold.","https://raw.githubusercontent.com/HjorthenA/SoyDairyProducts/main/"
458,"DAIRY_LIQ","SOY_SEMI","SOY_LIQ","DAIRY_SEMI","DAIRY_SOLID","SOY_SOLID","<strong>Cow’s milk</strong><br><br>This product is a liquid, dairy-based food product made from cow’s milk. It has a uniform, liquid consistency and can be poured and drunk. The product is typically consumed cold or at room temperature.","<strong>Douhua</strong><br><br>This product is a soft, firm, soy-based food product made from coagulated soymilk. It has a soft, firm consistency that holds its shape but can be easily divided with a spoon. The product is typically consumed cold or warm.","<strong>Soy milk</strong><br><br>This product is a liquid, soy-based food product made from soybeans. It has a uniform, liquid consistency and can be poured and drunk. The product is typically consumed cold or at room temperature.","<strong>Yoghurt from cow’s milk</strong><br><br>This product is a creamy, dairy-based food product made from fermented cow’s milk. It has a creamy consistency and can be eaten with a spoon. The product is typically consumed cold.","<strong>Cheese from cow’s milk</strong><br><br>This product is a firm dairy-based food product made from cow’s milk. Often known as cheese for pizza. When heated it has a smooth, creamy to chewy, elastic consistency. The product is typically consumed warm or at room temperature.","<strong>Yuba (tofu skin)</strong><br><br>This product is a rubbery, firm, soy-based food product made from coagulated soy milk. It has a rubbery, firm consistency that holds its shape, and are easy to chew. The product is typically consumed warm.","https://raw.githubusercontent.com/HjorthenA/SoyDairyProducts/main/"
459,"SOY_SEMI","DAIRY_SEMI","DAIRY_LIQ","SOY_SOLID","SOY_LIQ","DAIRY_SOLID","<strong>Douhua</strong><br><br>This product is a soft, firm, soy-based food product made from coagulated soymilk. It has a soft, firm consistency that holds its shape but can be easily divided with a spoon. The product is typically consumed cold or warm.","<strong>Yoghurt from cow’s milk</strong><br><br>This product is a creamy, dairy-based food product made from fermented cow’s milk. It has a creamy consistency and can be eaten with a spoon. The product is typically consumed cold.","<strong>Cow’s milk</strong><br><br>This product is a liquid, dairy-based food product made from cow’s milk. It has a uniform, liquid consistency and can be poured and drunk. The product is typically consumed cold or at room temperature.","<strong>Yuba (tofu skin)</strong><br><br>This product is a rubbery, firm, soy-based food product made from coagulated soy milk. It has a rubbery, firm consistency that holds its shape, and are easy to chew. The product is typically consumed warm.","<strong>Soy milk</strong><br><br>This product is a liquid, soy-based food product made from soybeans. It has a uniform, liquid consistency and can be poured and drunk. The product is typically consumed cold or at room temperature.","<strong>Cheese from cow’s milk</strong><br><br>This product is a firm dairy-based food product made from cow’s milk. Often known as cheese for pizza. When heated it has a smooth, creamy to chewy, elastic consistency. The product is typically consumed warm or at room temperature.","https://raw.githubusercontent.com/HjorthenA/SoyDairyProducts/main/"
460,"DAIRY_SEMI","SOY_SOLID","SOY_SEMI","DAIRY_SOLID","DAIRY_LIQ","SOY_LIQ","<strong>Yoghurt from cow’s milk</strong><br><br>This product is a creamy, dairy-based food product made from fermented cow’s milk. It has a creamy consistency and can be eaten with a spoon. The product is typically consumed cold.","<strong>Yuba (tofu skin)</strong><br><br>This product is a rubbery, firm, soy-based food product made from coagulated soy milk. It has a rubbery, firm consistency that holds its shape, and are easy to chew. The product is typically consumed warm.","<strong>Douhua</strong><br><br>This product is a soft, firm, soy-based food product made from coagulated soymilk. It has a soft, firm consistency that holds its shape but can be easily divided with a spoon. The product is typically consumed cold or warm.","<strong>Cheese from cow’s milk</strong><br><br>This product is a firm dairy-based food product made from cow’s milk. Often known as cheese for pizza. When heated it has a smooth, creamy to chewy, elastic consistency. The product is typically consumed warm or at room temperature.","<strong>Cow’s milk</strong><br><br>This product is a liquid, dairy-based food product made from cow’s milk. It has a uniform, liquid consistency and can be poured and drunk. The product is typically consumed cold or at room temperature.","<strong>Soy milk</strong><br><br>This product is a liquid, soy-based food product made from soybeans. It has a uniform, liquid consistency and can be poured and drunk. The product is typically consumed cold or at room temperature.","https://raw.githubusercontent.com/HjorthenA/SoyDairyProducts/main/"
461,"SOY_SOLID","DAIRY_SOLID","DAIRY_SEMI","SOY_LIQ","SOY_SEMI","DAIRY_LIQ","<strong>Yuba (tofu skin)</strong><br><br>This product is a rubbery, firm, soy-based food product made from coagulated soy milk. It has a rubbery, firm consistency that holds its shape, and are easy to chew. The product is typically consumed warm.","<strong>Cheese from cow’s milk</strong><br><br>This product is a firm dairy-based food product made from cow’s milk. Often known as cheese for pizza. When heated it has a smooth, creamy to chewy, elastic consistency. The product is typically consumed warm or at room temperature.","<strong>Yoghurt from cow’s milk</strong><br><br>This product is a creamy, dairy-based food product made from fermented cow’s milk. It has a creamy consistency and can be eaten with a spoon. The product is typically consumed cold.","<strong>Soy milk</strong><br><br>This product is a liquid, soy-based food product made from soybeans. It has a uniform, liquid consistency and can be poured and drunk. The product is typically consumed cold or at room temperature.","<strong>Douhua</strong><br><br>This product is a soft, firm, soy-based food product made from coagulated soymilk. It has a soft, firm consistency that holds its shape but can be easily divided with a spoon. The product is typically consumed cold or warm.","<strong>Cow’s milk</strong><br><br>This product is a liquid, dairy-based food product made from cow’s milk. It has a uniform, liquid consistency and can be poured and drunk. The product is typically consumed cold or at room temperature.","https://raw.githubusercontent.com/HjorthenA/SoyDairyProducts/main/"
462,"DAIRY_SOLID","SOY_LIQ","SOY_SOLID","DAIRY_LIQ","DAIRY_SEMI","SOY_SEMI","<strong>Cheese from cow’s milk</strong><br><br>This product is a firm dairy-based food product made from cow’s milk. Often known as cheese for pizza. When heated it has a smooth, creamy to chewy, elastic consistency. The product is typically consumed warm or at room temperature.","<strong>Soy milk</strong><br><br>This product is a liquid, soy-based food product made from soybeans. It has a uniform, liquid consistency and can be poured and drunk. The product is typically consumed cold or at room temperature.","<strong>Yuba (tofu skin)</strong><br><br>This product is a rubbery, firm, soy-based food product made from coagulated soy milk. It has a rubbery, firm consistency that holds its shape, and are easy to chew. The product is typically consumed warm.","<strong>Cow’s milk</strong><br><br>This product is a liquid, dairy-based food product made from cow’s milk. It has a uniform, liquid consistency and can be poured and drunk. The product is typically consumed cold or at room temperature.","<strong>Yoghurt from cow’s milk</strong><br><br>This product is a creamy, dairy-based food product made from fermented cow’s milk. It has a creamy consistency and can be eaten with a spoon. The product is typically consumed cold.","<strong>Douhua</strong><br><br>This product is a soft, firm, soy-based food product made from coagulated soymilk. It has a soft, firm consistency that holds its shape but can be easily divided with a spoon. The product is typically consumed cold or warm.","https://raw.githubusercontent.com/HjorthenA/SoyDairyProducts/main/"
463,"SOY_LIQ","DAIRY_LIQ","DAIRY_SOLID","SOY_SEMI","SOY_SOLID","DAIRY_SEMI","<strong>Soy milk</strong><br><br>This product is a liquid, soy-based food product made from soybeans. It has a uniform, liquid consistency and can be poured and drunk. The product is typically consumed cold or at room temperature.","<strong>Cow’s milk</strong><br><br>This product is a liquid, dairy-based food product made from cow’s milk. It has a uniform, liquid consistency and can be poured and drunk. The product is typically consumed cold or at room temperature.","<strong>Cheese from cow’s milk</strong><br><br>This product is a firm dairy-based food product made from cow’s milk. Often known as cheese for pizza. When heated it has a smooth, creamy to chewy, elastic consistency. The product is typically consumed warm or at room temperature.","<strong>Douhua</strong><br><br>This product is a soft, firm, soy-based food product made from coagulated soymilk. It has a soft, firm consistency that holds its shape but can be easily divided with a spoon. The product is typically consumed cold or warm.","<strong>Yuba (tofu skin)</strong><br><br>This product is a rubbery, firm, soy-based food product made from coagulated soy milk. It has a rubbery, firm consistency that holds its shape, and are easy to chew. The product is typically consumed warm.","<strong>Yoghurt from cow’s milk</strong><br><br>This product is a creamy, dairy-based food product made from fermented cow’s milk. It has a creamy consistency and can be eaten with a spoon. The product is typically consumed cold.","https://raw.githubusercontent.com/HjorthenA/SoyDairyProducts/main/"
464,"DAIRY_LIQ","SOY_SEMI","SOY_LIQ","DAIRY_SEMI","DAIRY_SOLID","SOY_SOLID","<strong>Cow’s milk</strong><br><br>This product is a liquid, dairy-based food product made from cow’s milk. It has a uniform, liquid consistency and can be poured and drunk. The product is typically consumed cold or at room temperature.","<strong>Douhua</strong><br><br>This product is a soft, firm, soy-based food product made from coagulated soymilk. It has a soft, firm consistency that holds its shape but can be easily divided with a spoon. The product is typically consumed cold or warm.","<strong>Soy milk</strong><br><br>This product is a liquid, soy-based food product made from soybeans. It has a uniform, liquid consistency and can be poured and drunk. The product is typically consumed cold or at room temperature.","<strong>Yoghurt from cow’s milk</strong><br><br>This product is a creamy, dairy-based food product made from fermented cow’s milk. It has a creamy consistency and can be eaten with a spoon. The product is typically consumed cold.","<strong>Cheese from cow’s milk</strong><br><br>This product is a firm dairy-based food product made from cow’s milk. Often known as cheese for pizza. When heated it has a smooth, creamy to chewy, elastic consistency. The product is typically consumed warm or at room temperature.","<strong>Yuba (tofu skin)</strong><br><br>This product is a rubbery, firm, soy-based food product made from coagulated soy milk. It has a rubbery, firm consistency that holds its shape, and are easy to chew. The product is typically consumed warm.","https://raw.githubusercontent.com/HjorthenA/SoyDairyProducts/main/"
465,"SOY_SEMI","DAIRY_SEMI","DAIRY_LIQ","SOY_SOLID","SOY_LIQ","DAIRY_SOLID","<strong>Douhua</strong><br><br>This product is a soft, firm, soy-based food product made from coagulated soymilk. It has a soft, firm consistency that holds its shape but can be easily divided with a spoon. The product is typically consumed cold or warm.","<strong>Yoghurt from cow’s milk</strong><br><br>This product is a creamy, dairy-based food product made from fermented cow’s milk. It has a creamy consistency and can be eaten with a spoon. The product is typically consumed cold.","<strong>Cow’s milk</strong><br><br>This product is a liquid, dairy-based food product made from cow’s milk. It has a uniform, liquid consistency and can be poured and drunk. The product is typically consumed cold or at room temperature.","<strong>Yuba (tofu skin)</strong><br><br>This product is a rubbery, firm, soy-based food product made from coagulated soy milk. It has a rubbery, firm consistency that holds its shape, and are easy to chew. The product is typically consumed warm.","<strong>Soy milk</strong><br><br>This product is a liquid, soy-based food product made from soybeans. It has a uniform, liquid consistency and can be poured and drunk. The product is typically consumed cold or at room temperature.","<strong>Cheese from cow’s milk</strong><br><br>This product is a firm dairy-based food product made from cow’s milk. Often known as cheese for pizza. When heated it has a smooth, creamy to chewy, elastic consistency. The product is typically consumed warm or at room temperature.","https://raw.githubusercontent.com/HjorthenA/SoyDairyProducts/main/"
466,"DAIRY_SEMI","SOY_SOLID","SOY_SEMI","DAIRY_SOLID","DAIRY_LIQ","SOY_LIQ","<strong>Yoghurt from cow’s milk</strong><br><br>This product is a creamy, dairy-based food product made from fermented cow’s milk. It has a creamy consistency and can be eaten with a spoon. The product is typically consumed cold.","<strong>Yuba (tofu skin)</strong><br><br>This product is a rubbery, firm, soy-based food product made from coagulated soy milk. It has a rubbery, firm consistency that holds its shape, and are easy to chew. The product is typically consumed warm.","<strong>Douhua</strong><br><br>This product is a soft, firm, soy-based food product made from coagulated soymilk. It has a soft, firm consistency that holds its shape but can be easily divided with a spoon. The product is typically consumed cold or warm.","<strong>Cheese from cow’s milk</strong><br><br>This product is a firm dairy-based food product made from cow’s milk. Often known as cheese for pizza. When heated it has a smooth, creamy to chewy, elastic consistency. The product is typically consumed warm or at room temperature.","<strong>Cow’s milk</strong><br><br>This product is a liquid, dairy-based food product made from cow’s milk. It has a uniform, liquid consistency and can be poured and drunk. The product is typically consumed cold or at room temperature.","<strong>Soy milk</strong><br><br>This product is a liquid, soy-based food product made from soybeans. It has a uniform, liquid consistency and can be poured and drunk. The product is typically consumed cold or at room temperature.","https://raw.githubusercontent.com/HjorthenA/SoyDairyProducts/main/"
467,"SOY_SOLID","DAIRY_SOLID","DAIRY_SEMI","SOY_LIQ","SOY_SEMI","DAIRY_LIQ","<strong>Yuba (tofu skin)</strong><br><br>This product is a rubbery, firm, soy-based food product made from coagulated soy milk. It has a rubbery, firm consistency that holds its shape, and are easy to chew. The product is typically consumed warm.","<strong>Cheese from cow’s milk</strong><br><br>This product is a firm dairy-based food product made from cow’s milk. Often known as cheese for pizza. When heated it has a smooth, creamy to chewy, elastic consistency. The product is typically consumed warm or at room temperature.","<strong>Yoghurt from cow’s milk</strong><br><br>This product is a creamy, dairy-based food product made from fermented cow’s milk. It has a creamy consistency and can be eaten with a spoon. The product is typically consumed cold.","<strong>Soy milk</strong><br><br>This product is a liquid, soy-based food product made from soybeans. It has a uniform, liquid consistency and can be poured and drunk. The product is typically consumed cold or at room temperature.","<strong>Douhua</strong><br><br>This product is a soft, firm, soy-based food product made from coagulated soymilk. It has a soft, firm consistency that holds its shape but can be easily divided with a spoon. The product is typically consumed cold or warm.","<strong>Cow’s milk</strong><br><br>This product is a liquid, dairy-based food product made from cow’s milk. It has a uniform, liquid consistency and can be poured and drunk. The product is typically consumed cold or at room temperature.","https://raw.githubusercontent.com/HjorthenA/SoyDairyProducts/main/"
468,"DAIRY_SOLID","SOY_LIQ","SOY_SOLID","DAIRY_LIQ","DAIRY_SEMI","SOY_SEMI","<strong>Cheese from cow’s milk</strong><br><br>This product is a firm dairy-based food product made from cow’s milk. Often known as cheese for pizza. When heated it has a smooth, creamy to chewy, elastic consistency. The product is typically consumed warm or at room temperature.","<strong>Soy milk</strong><br><br>This product is a liquid, soy-based food product made from soybeans. It has a uniform, liquid consistency and can be poured and drunk. The product is typically consumed cold or at room temperature.","<strong>Yuba (tofu skin)</strong><br><br>This product is a rubbery, firm, soy-based food product made from coagulated soy milk. It has a rubbery, firm consistency that holds its shape, and are easy to chew. The product is typically consumed warm.","<strong>Cow’s milk</strong><br><br>This product is a liquid, dairy-based food product made from cow’s milk. It has a uniform, liquid consistency and can be poured and drunk. The product is typically consumed cold or at room temperature.","<strong>Yoghurt from cow’s milk</strong><br><br>This product is a creamy, dairy-based food product made from fermented cow’s milk. It has a creamy consistency and can be eaten with a spoon. The product is typically consumed cold.","<strong>Douhua</strong><br><br>This product is a soft, firm, soy-based food product made from coagulated soymilk. It has a soft, firm consistency that holds its shape but can be easily divided with a spoon. The product is typically consumed cold or warm.","https://raw.githubusercontent.com/HjorthenA/SoyDairyProducts/main/"
469,"SOY_LIQ","DAIRY_LIQ","DAIRY_SOLID","SOY_SEMI","SOY_SOLID","DAIRY_SEMI","<strong>Soy milk</strong><br><br>This product is a liquid, soy-based food product made from soybeans. It has a uniform, liquid consistency and can be poured and drunk. The product is typically consumed cold or at room temperature.","<strong>Cow’s milk</strong><br><br>This product is a liquid, dairy-based food product made from cow’s milk. It has a uniform, liquid consistency and can be poured and drunk. The product is typically consumed cold or at room temperature.","<strong>Cheese from cow’s milk</strong><br><br>This product is a firm dairy-based food product made from cow’s milk. Often known as cheese for pizza. When heated it has a smooth, creamy to chewy, elastic consistency. The product is typically consumed warm or at room temperature.","<strong>Douhua</strong><br><br>This product is a soft, firm, soy-based food product made from coagulated soymilk. It has a soft, firm consistency that holds its shape but can be easily divided with a spoon. The product is typically consumed cold or warm.","<strong>Yuba (tofu skin)</strong><br><br>This product is a rubbery, firm, soy-based food product made from coagulated soy milk. It has a rubbery, firm consistency that holds its shape, and are easy to chew. The product is typically consumed warm.","<strong>Yoghurt from cow’s milk</strong><br><br>This product is a creamy, dairy-based food product made from fermented cow’s milk. It has a creamy consistency and can be eaten with a spoon. The product is typically consumed cold.","https://raw.githubusercontent.com/HjorthenA/SoyDairyProducts/main/"
470,"DAIRY_LIQ","SOY_SEMI","SOY_LIQ","DAIRY_SEMI","DAIRY_SOLID","SOY_SOLID","<strong>Cow’s milk</strong><br><br>This product is a liquid, dairy-based food product made from cow’s milk. It has a uniform, liquid consistency and can be poured and drunk. The product is typically consumed cold or at room temperature.","<strong>Douhua</strong><br><br>This product is a soft, firm, soy-based food product made from coagulated soymilk. It has a soft, firm consistency that holds its shape but can be easily divided with a spoon. The product is typically consumed cold or warm.","<strong>Soy milk</strong><br><br>This product is a liquid, soy-based food product made from soybeans. It has a uniform, liquid consistency and can be poured and drunk. The product is typically consumed cold or at room temperature.","<strong>Yoghurt from cow’s milk</strong><br><br>This product is a creamy, dairy-based food product made from fermented cow’s milk. It has a creamy consistency and can be eaten with a spoon. The product is typically consumed cold.","<strong>Cheese from cow’s milk</strong><br><br>This product is a firm dairy-based food product made from cow’s milk. Often known as cheese for pizza. When heated it has a smooth, creamy to chewy, elastic consistency. The product is typically consumed warm or at room temperature.","<strong>Yuba (tofu skin)</strong><br><br>This product is a rubbery, firm, soy-based food product made from coagulated soy milk. It has a rubbery, firm consistency that holds its shape, and are easy to chew. The product is typically consumed warm.","https://raw.githubusercontent.com/HjorthenA/SoyDairyProducts/main/"
471,"SOY_SEMI","DAIRY_SEMI","DAIRY_LIQ","SOY_SOLID","SOY_LIQ","DAIRY_SOLID","<strong>Douhua</strong><br><br>This product is a soft, firm, soy-based food product made from coagulated soymilk. It has a soft, firm consistency that holds its shape but can be easily divided with a spoon. The product is typically consumed cold or warm.","<strong>Yoghurt from cow’s milk</strong><br><br>This product is a creamy, dairy-based food product made from fermented cow’s milk. It has a creamy consistency and can be eaten with a spoon. The product is typically consumed cold.","<strong>Cow’s milk</strong><br><br>This product is a liquid, dairy-based food product made from cow’s milk. It has a uniform, liquid consistency and can be poured and drunk. The product is typically consumed cold or at room temperature.","<strong>Yuba (tofu skin)</strong><br><br>This product is a rubbery, firm, soy-based food product made from coagulated soy milk. It has a rubbery, firm consistency that holds its shape, and are easy to chew. The product is typically consumed warm.","<strong>Soy milk</strong><br><br>This product is a liquid, soy-based food product made from soybeans. It has a uniform, liquid consistency and can be poured and drunk. The product is typically consumed cold or at room temperature.","<strong>Cheese from cow’s milk</strong><br><br>This product is a firm dairy-based food product made from cow’s milk. Often known as cheese for pizza. When heated it has a smooth, creamy to chewy, elastic consistency. The product is typically consumed warm or at room temperature.","https://raw.githubusercontent.com/HjorthenA/SoyDairyProducts/main/"
472,"DAIRY_SEMI","SOY_SOLID","SOY_SEMI","DAIRY_SOLID","DAIRY_LIQ","SOY_LIQ","<strong>Yoghurt from cow’s milk</strong><br><br>This product is a creamy, dairy-based food product made from fermented cow’s milk. It has a creamy consistency and can be eaten with a spoon. The product is typically consumed cold.","<strong>Yuba (tofu skin)</strong><br><br>This product is a rubbery, firm, soy-based food product made from coagulated soy milk. It has a rubbery, firm consistency that holds its shape, and are easy to chew. The product is typically consumed warm.","<strong>Douhua</strong><br><br>This product is a soft, firm, soy-based food product made from coagulated soymilk. It has a soft, firm consistency that holds its shape but can be easily divided with a spoon. The product is typically consumed cold or warm.","<strong>Cheese from cow’s milk</strong><br><br>This product is a firm dairy-based food product made from cow’s milk. Often known as cheese for pizza. When heated it has a smooth, creamy to chewy, elastic consistency. The product is typically consumed warm or at room temperature.","<strong>Cow’s milk</strong><br><br>This product is a liquid, dairy-based food product made from cow’s milk. It has a uniform, liquid consistency and can be poured and drunk. The product is typically consumed cold or at room temperature.","<strong>Soy milk</strong><br><br>This product is a liquid, soy-based food product made from soybeans. It has a uniform, liquid consistency and can be poured and drunk. The product is typically consumed cold or at room temperature.","https://raw.githubusercontent.com/HjorthenA/SoyDairyProducts/main/"
473,"SOY_SOLID","DAIRY_SOLID","DAIRY_SEMI","SOY_LIQ","SOY_SEMI","DAIRY_LIQ","<strong>Yuba (tofu skin)</strong><br><br>This product is a rubbery, firm, soy-based food product made from coagulated soy milk. It has a rubbery, firm consistency that holds its shape, and are easy to chew. The product is typically consumed warm.","<strong>Cheese from cow’s milk</strong><br><br>This product is a firm dairy-based food product made from cow’s milk. Often known as cheese for pizza. When heated it has a smooth, creamy to chewy, elastic consistency. The product is typically consumed warm or at room temperature.","<strong>Yoghurt from cow’s milk</strong><br><br>This product is a creamy, dairy-based food product made from fermented cow’s milk. It has a creamy consistency and can be eaten with a spoon. The product is typically consumed cold.","<strong>Soy milk</strong><br><br>This product is a liquid, soy-based food product made from soybeans. It has a uniform, liquid consistency and can be poured and drunk. The product is typically consumed cold or at room temperature.","<strong>Douhua</strong><br><br>This product is a soft, firm, soy-based food product made from coagulated soymilk. It has a soft, firm consistency that holds its shape but can be easily divided with a spoon. The product is typically consumed cold or warm.","<strong>Cow’s milk</strong><br><br>This product is a liquid, dairy-based food product made from cow’s milk. It has a uniform, liquid consistency and can be poured and drunk. The product is typically consumed cold or at room temperature.","https://raw.githubusercontent.com/HjorthenA/SoyDairyProducts/main/"
474,"DAIRY_SOLID","SOY_LIQ","SOY_SOLID","DAIRY_LIQ","DAIRY_SEMI","SOY_SEMI","<strong>Cheese from cow’s milk</strong><br><br>This product is a firm dairy-based food product made from cow’s milk. Often known as cheese for pizza. When heated it has a smooth, creamy to chewy, elastic consistency. The product is typically consumed warm or at room temperature.","<strong>Soy milk</strong><br><br>This product is a liquid, soy-based food product made from soybeans. It has a uniform, liquid consistency and can be poured and drunk. The product is typically consumed cold or at room temperature.","<strong>Yuba (tofu skin)</strong><br><br>This product is a rubbery, firm, soy-based food product made from coagulated soy milk. It has a rubbery, firm consistency that holds its shape, and are easy to chew. The product is typically consumed warm.","<strong>Cow’s milk</strong><br><br>This product is a liquid, dairy-based food product made from cow’s milk. It has a uniform, liquid consistency and can be poured and drunk. The product is typically consumed cold or at room temperature.","<strong>Yoghurt from cow’s milk</strong><br><br>This product is a creamy, dairy-based food product made from fermented cow’s milk. It has a creamy consistency and can be eaten with a spoon. The product is typically consumed cold.","<strong>Douhua</strong><br><br>This product is a soft, firm, soy-based food product made from coagulated soymilk. It has a soft, firm consistency that holds its shape but can be easily divided with a spoon. The product is typically consumed cold or warm.","https://raw.githubusercontent.com/HjorthenA/SoyDairyProducts/main/"
475,"SOY_LIQ","DAIRY_LIQ","DAIRY_SOLID","SOY_SEMI","SOY_SOLID","DAIRY_SEMI","<strong>Soy milk</strong><br><br>This product is a liquid, soy-based food product made from soybeans. It has a uniform, liquid consistency and can be poured and drunk. The product is typically consumed cold or at room temperature.","<strong>Cow’s milk</strong><br><br>This product is a liquid, dairy-based food product made from cow’s milk. It has a uniform, liquid consistency and can be poured and drunk. The product is typically consumed cold or at room temperature.","<strong>Cheese from cow’s milk</strong><br><br>This product is a firm dairy-based food product made from cow’s milk. Often known as cheese for pizza. When heated it has a smooth, creamy to chewy, elastic consistency. The product is typically consumed warm or at room temperature.","<strong>Douhua</strong><br><br>This product is a soft, firm, soy-based food product made from coagulated soymilk. It has a soft, firm consistency that holds its shape but can be easily divided with a spoon. The product is typically consumed cold or warm.","<strong>Yuba (tofu skin)</strong><br><br>This product is a rubbery, firm, soy-based food product made from coagulated soy milk. It has a rubbery, firm consistency that holds its shape, and are easy to chew. The product is typically consumed warm.","<strong>Yoghurt from cow’s milk</strong><br><br>This product is a creamy, dairy-based food product made from fermented cow’s milk. It has a creamy consistency and can be eaten with a spoon. The product is typically consumed cold.","https://raw.githubusercontent.com/HjorthenA/SoyDairyProducts/main/"
476,"DAIRY_LIQ","SOY_SEMI","SOY_LIQ","DAIRY_SEMI","DAIRY_SOLID","SOY_SOLID","<strong>Cow’s milk</strong><br><br>This product is a liquid, dairy-based food product made from cow’s milk. It has a uniform, liquid consistency and can be poured and drunk. The product is typically consumed cold or at room temperature.","<strong>Douhua</strong><br><br>This product is a soft, firm, soy-based food product made from coagulated soymilk. It has a soft, firm consistency that holds its shape but can be easily divided with a spoon. The product is typically consumed cold or warm.","<strong>Soy milk</strong><br><br>This product is a liquid, soy-based food product made from soybeans. It has a uniform, liquid consistency and can be poured and drunk. The product is typically consumed cold or at room temperature.","<strong>Yoghurt from cow’s milk</strong><br><br>This product is a creamy, dairy-based food product made from fermented cow’s milk. It has a creamy consistency and can be eaten with a spoon. The product is typically consumed cold.","<strong>Cheese from cow’s milk</strong><br><br>This product is a firm dairy-based food product made from cow’s milk. Often known as cheese for pizza. When heated it has a smooth, creamy to chewy, elastic consistency. The product is typically consumed warm or at room temperature.","<strong>Yuba (tofu skin)</strong><br><br>This product is a rubbery, firm, soy-based food product made from coagulated soy milk. It has a rubbery, firm consistency that holds its shape, and are easy to chew. The product is typically consumed warm.","https://raw.githubusercontent.com/HjorthenA/SoyDairyProducts/main/"
477,"SOY_SEMI","DAIRY_SEMI","DAIRY_LIQ","SOY_SOLID","SOY_LIQ","DAIRY_SOLID","<strong>Douhua</strong><br><br>This product is a soft, firm, soy-based food product made from coagulated soymilk. It has a soft, firm consistency that holds its shape but can be easily divided with a spoon. The product is typically consumed cold or warm.","<strong>Yoghurt from cow’s milk</strong><br><br>This product is a creamy, dairy-based food product made from fermented cow’s milk. It has a creamy consistency and can be eaten with a spoon. The product is typically consumed cold.","<strong>Cow’s milk</strong><br><br>This product is a liquid, dairy-based food product made from cow’s milk. It has a uniform, liquid consistency and can be poured and drunk. The product is typically consumed cold or at room temperature.","<strong>Yuba (tofu skin)</strong><br><br>This product is a rubbery, firm, soy-based food product made from coagulated soy milk. It has a rubbery, firm consistency that holds its shape, and are easy to chew. The product is typically consumed warm.","<strong>Soy milk</strong><br><br>This product is a liquid, soy-based food product made from soybeans. It has a uniform, liquid consistency and can be poured and drunk. The product is typically consumed cold or at room temperature.","<strong>Cheese from cow’s milk</strong><br><br>This product is a firm dairy-based food product made from cow’s milk. Often known as cheese for pizza. When heated it has a smooth, creamy to chewy, elastic consistency. The product is typically consumed warm or at room temperature.","https://raw.githubusercontent.com/HjorthenA/SoyDairyProducts/main/"
478,"DAIRY_SEMI","SOY_SOLID","SOY_SEMI","DAIRY_SOLID","DAIRY_LIQ","SOY_LIQ","<strong>Yoghurt from cow’s milk</strong><br><br>This product is a creamy, dairy-based food product made from fermented cow’s milk. It has a creamy consistency and can be eaten with a spoon. The product is typically consumed cold.","<strong>Yuba (tofu skin)</strong><br><br>This product is a rubbery, firm, soy-based food product made from coagulated soy milk. It has a rubbery, firm consistency that holds its shape, and are easy to chew. The product is typically consumed warm.","<strong>Douhua</strong><br><br>This product is a soft, firm, soy-based food product made from coagulated soymilk. It has a soft, firm consistency that holds its shape but can be easily divided with a spoon. The product is typically consumed cold or warm.","<strong>Cheese from cow’s milk</strong><br><br>This product is a firm dairy-based food product made from cow’s milk. Often known as cheese for pizza. When heated it has a smooth, creamy to chewy, elastic consistency. The product is typically consumed warm or at room temperature.","<strong>Cow’s milk</strong><br><br>This product is a liquid, dairy-based food product made from cow’s milk. It has a uniform, liquid consistency and can be poured and drunk. The product is typically consumed cold or at room temperature.","<strong>Soy milk</strong><br><br>This product is a liquid, soy-based food product made from soybeans. It has a uniform, liquid consistency and can be poured and drunk. The product is typically consumed cold or at room temperature.","https://raw.githubusercontent.com/HjorthenA/SoyDairyProducts/main/"
479,"SOY_SOLID","DAIRY_SOLID","DAIRY_SEMI","SOY_LIQ","SOY_SEMI","DAIRY_LIQ","<strong>Yuba (tofu skin)</strong><br><br>This product is a rubbery, firm, soy-based food product made from coagulated soy milk. It has a rubbery, firm consistency that holds its shape, and are easy to chew. The product is typically consumed warm.","<strong>Cheese from cow’s milk</strong><br><br>This product is a firm dairy-based food product made from cow’s milk. Often known as cheese for pizza. When heated it has a smooth, creamy to chewy, elastic consistency. The product is typically consumed warm or at room temperature.","<strong>Yoghurt from cow’s milk</strong><br><br>This product is a creamy, dairy-based food product made from fermented cow’s milk. It has a creamy consistency and can be eaten with a spoon. The product is typically consumed cold.","<strong>Soy milk</strong><br><br>This product is a liquid, soy-based food product made from soybeans. It has a uniform, liquid consistency and can be poured and drunk. The product is typically consumed cold or at room temperature.","<strong>Douhua</strong><br><br>This product is a soft, firm, soy-based food product made from coagulated soymilk. It has a soft, firm consistency that holds its shape but can be easily divided with a spoon. The product is typically consumed cold or warm.","<strong>Cow’s milk</strong><br><br>This product is a liquid, dairy-based food product made from cow’s milk. It has a uniform, liquid consistency and can be poured and drunk. The product is typically consumed cold or at room temperature.","https://raw.githubusercontent.com/HjorthenA/SoyDairyProducts/main/"
480,"DAIRY_SOLID","SOY_LIQ","SOY_SOLID","DAIRY_LIQ","DAIRY_SEMI","SOY_SEMI","<strong>Cheese from cow’s milk</strong><br><br>This product is a firm dairy-based food product made from cow’s milk. Often known as cheese for pizza. When heated it has a smooth, creamy to chewy, elastic consistency. The product is typically consumed warm or at room temperature.","<strong>Soy milk</strong><br><br>This product is a liquid, soy-based food product made from soybeans. It has a uniform, liquid consistency and can be poured and drunk. The product is typically consumed cold or at room temperature.","<strong>Yuba (tofu skin)</strong><br><br>This product is a rubbery, firm, soy-based food product made from coagulated soy milk. It has a rubbery, firm consistency that holds its shape, and are easy to chew. The product is typically consumed warm.","<strong>Cow’s milk</strong><br><br>This product is a liquid, dairy-based food product made from cow’s milk. It has a uniform, liquid consistency and can be poured and drunk. The product is typically consumed cold or at room temperature.","<strong>Yoghurt from cow’s milk</strong><br><br>This product is a creamy, dairy-based food product made from fermented cow’s milk. It has a creamy consistency and can be eaten with a spoon. The product is typically consumed cold.","<strong>Douhua</strong><br><br>This product is a soft, firm, soy-based food product made from coagulated soymilk. It has a soft, firm consistency that holds its shape but can be easily divided with a spoon. The product is typically consumed cold or warm.","https://raw.githubusercontent.com/HjorthenA/SoyDairyProducts/main/"
481,"SOY_LIQ","DAIRY_LIQ","DAIRY_SOLID","SOY_SEMI","SOY_SOLID","DAIRY_SEMI","<strong>Soy milk</strong><br><br>This product is a liquid, soy-based food product made from soybeans. It has a uniform, liquid consistency and can be poured and drunk. The product is typically consumed cold or at room temperature.","<strong>Cow’s milk</strong><br><br>This product is a liquid, dairy-based food product made from cow’s milk. It has a uniform, liquid consistency and can be poured and drunk. The product is typically consumed cold or at room temperature.","<strong>Cheese from cow’s milk</strong><br><br>This product is a firm dairy-based food product made from cow’s milk. Often known as cheese for pizza. When heated it has a smooth, creamy to chewy, elastic consistency. The product is typically consumed warm or at room temperature.","<strong>Douhua</strong><br><br>This product is a soft, firm, soy-based food product made from coagulated soymilk. It has a soft, firm consistency that holds its shape but can be easily divided with a spoon. The product is typically consumed cold or warm.","<strong>Yuba (tofu skin)</strong><br><br>This product is a rubbery, firm, soy-based food product made from coagulated soy milk. It has a rubbery, firm consistency that holds its shape, and are easy to chew. The product is typically consumed warm.","<strong>Yoghurt from cow’s milk</strong><br><br>This product is a creamy, dairy-based food product made from fermented cow’s milk. It has a creamy consistency and can be eaten with a spoon. The product is typically consumed cold.","https://raw.githubusercontent.com/HjorthenA/SoyDairyProducts/main/"
482,"DAIRY_LIQ","SOY_SEMI","SOY_LIQ","DAIRY_SEMI","DAIRY_SOLID","SOY_SOLID","<strong>Cow’s milk</strong><br><br>This product is a liquid, dairy-based food product made from cow’s milk. It has a uniform, liquid consistency and can be poured and drunk. The product is typically consumed cold or at room temperature.","<strong>Douhua</strong><br><br>This product is a soft, firm, soy-based food product made from coagulated soymilk. It has a soft, firm consistency that holds its shape but can be easily divided with a spoon. The product is typically consumed cold or warm.","<strong>Soy milk</strong><br><br>This product is a liquid, soy-based food product made from soybeans. It has a uniform, liquid consistency and can be poured and drunk. The product is typically consumed cold or at room temperature.","<strong>Yoghurt from cow’s milk</strong><br><br>This product is a creamy, dairy-based food product made from fermented cow’s milk. It has a creamy consistency and can be eaten with a spoon. The product is typically consumed cold.","<strong>Cheese from cow’s milk</strong><br><br>This product is a firm dairy-based food product made from cow’s milk. Often known as cheese for pizza. When heated it has a smooth, creamy to chewy, elastic consistency. The product is typically consumed warm or at room temperature.","<strong>Yuba (tofu skin)</strong><br><br>This product is a rubbery, firm, soy-based food product made from coagulated soy milk. It has a rubbery, firm consistency that holds its shape, and are easy to chew. The product is typically consumed warm.","https://raw.githubusercontent.com/HjorthenA/SoyDairyProducts/main/"
483,"SOY_SEMI","DAIRY_SEMI","DAIRY_LIQ","SOY_SOLID","SOY_LIQ","DAIRY_SOLID","<strong>Douhua</strong><br><br>This product is a soft, firm, soy-based food product made from coagulated soymilk. It has a soft, firm consistency that holds its shape but can be easily divided with a spoon. The product is typically consumed cold or warm.","<strong>Yoghurt from cow’s milk</strong><br><br>This product is a creamy, dairy-based food product made from fermented cow’s milk. It has a creamy consistency and can be eaten with a spoon. The product is typically consumed cold.","<strong>Cow’s milk</strong><br><br>This product is a liquid, dairy-based food product made from cow’s milk. It has a uniform, liquid consistency and can be poured and drunk. The product is typically consumed cold or at room temperature.","<strong>Yuba (tofu skin)</strong><br><br>This product is a rubbery, firm, soy-based food product made from coagulated soy milk. It has a rubbery, firm consistency that holds its shape, and are easy to chew. The product is typically consumed warm.","<strong>Soy milk</strong><br><br>This product is a liquid, soy-based food product made from soybeans. It has a uniform, liquid consistency and can be poured and drunk. The product is typically consumed cold or at room temperature.","<strong>Cheese from cow’s milk</strong><br><br>This product is a firm dairy-based food product made from cow’s milk. Often known as cheese for pizza. When heated it has a smooth, creamy to chewy, elastic consistency. The product is typically consumed warm or at room temperature.","https://raw.githubusercontent.com/HjorthenA/SoyDairyProducts/main/"
484,"DAIRY_SEMI","SOY_SOLID","SOY_SEMI","DAIRY_SOLID","DAIRY_LIQ","SOY_LIQ","<strong>Yoghurt from cow’s milk</strong><br><br>This product is a creamy, dairy-based food product made from fermented cow’s milk. It has a creamy consistency and can be eaten with a spoon. The product is typically consumed cold.","<strong>Yuba (tofu skin)</strong><br><br>This product is a rubbery, firm, soy-based food product made from coagulated soy milk. It has a rubbery, firm consistency that holds its shape, and are easy to chew. The product is typically consumed warm.","<strong>Douhua</strong><br><br>This product is a soft, firm, soy-based food product made from coagulated soymilk. It has a soft, firm consistency that holds its shape but can be easily divided with a spoon. The product is typically consumed cold or warm.","<strong>Cheese from cow’s milk</strong><br><br>This product is a firm dairy-based food product made from cow’s milk. Often known as cheese for pizza. When heated it has a smooth, creamy to chewy, elastic consistency. The product is typically consumed warm or at room temperature.","<strong>Cow’s milk</strong><br><br>This product is a liquid, dairy-based food product made from cow’s milk. It has a uniform, liquid consistency and can be poured and drunk. The product is typically consumed cold or at room temperature.","<strong>Soy milk</strong><br><br>This product is a liquid, soy-based food product made from soybeans. It has a uniform, liquid consistency and can be poured and drunk. The product is typically consumed cold or at room temperature.","https://raw.githubusercontent.com/HjorthenA/SoyDairyProducts/main/"
485,"SOY_SOLID","DAIRY_SOLID","DAIRY_SEMI","SOY_LIQ","SOY_SEMI","DAIRY_LIQ","<strong>Yuba (tofu skin)</strong><br><br>This product is a rubbery, firm, soy-based food product made from coagulated soy milk. It has a rubbery, firm consistency that holds its shape, and are easy to chew. The product is typically consumed warm.","<strong>Cheese from cow’s milk</strong><br><br>This product is a firm dairy-based food product made from cow’s milk. Often known as cheese for pizza. When heated it has a smooth, creamy to chewy, elastic consistency. The product is typically consumed warm or at room temperature.","<strong>Yoghurt from cow’s milk</strong><br><br>This product is a creamy, dairy-based food product made from fermented cow’s milk. It has a creamy consistency and can be eaten with a spoon. The product is typically consumed cold.","<strong>Soy milk</strong><br><br>This product is a liquid, soy-based food product made from soybeans. It has a uniform, liquid consistency and can be poured and drunk. The product is typically consumed cold or at room temperature.","<strong>Douhua</strong><br><br>This product is a soft, firm, soy-based food product made from coagulated soymilk. It has a soft, firm consistency that holds its shape but can be easily divided with a spoon. The product is typically consumed cold or warm.","<strong>Cow’s milk</strong><br><br>This product is a liquid, dairy-based food product made from cow’s milk. It has a uniform, liquid consistency and can be poured and drunk. The product is typically consumed cold or at room temperature.","https://raw.githubusercontent.com/HjorthenA/SoyDairyProducts/main/"
486,"DAIRY_SOLID","SOY_LIQ","SOY_SOLID","DAIRY_LIQ","DAIRY_SEMI","SOY_SEMI","<strong>Cheese from cow’s milk</strong><br><br>This product is a firm dairy-based food product made from cow’s milk. Often known as cheese for pizza. When heated it has a smooth, creamy to chewy, elastic consistency. The product is typically consumed warm or at room temperature.","<strong>Soy milk</strong><br><br>This product is a liquid, soy-based food product made from soybeans. It has a uniform, liquid consistency and can be poured and drunk. The product is typically consumed cold or at room temperature.","<strong>Yuba (tofu skin)</strong><br><br>This product is a rubbery, firm, soy-based food product made from coagulated soy milk. It has a rubbery, firm consistency that holds its shape, and are easy to chew. The product is typically consumed warm.","<strong>Cow’s milk</strong><br><br>This product is a liquid, dairy-based food product made from cow’s milk. It has a uniform, liquid consistency and can be poured and drunk. The product is typically consumed cold or at room temperature.","<strong>Yoghurt from cow’s milk</strong><br><br>This product is a creamy, dairy-based food product made from fermented cow’s milk. It has a creamy consistency and can be eaten with a spoon. The product is typically consumed cold.","<strong>Douhua</strong><br><br>This product is a soft, firm, soy-based food product made from coagulated soymilk. It has a soft, firm consistency that holds its shape but can be easily divided with a spoon. The product is typically consumed cold or warm.","https://raw.githubusercontent.com/HjorthenA/SoyDairyProducts/main/"
487,"SOY_LIQ","DAIRY_LIQ","DAIRY_SOLID","SOY_SEMI","SOY_SOLID","DAIRY_SEMI","<strong>Soy milk</strong><br><br>This product is a liquid, soy-based food product made from soybeans. It has a uniform, liquid consistency and can be poured and drunk. The product is typically consumed cold or at room temperature.","<strong>Cow’s milk</strong><br><br>This product is a liquid, dairy-based food product made from cow’s milk. It has a uniform, liquid consistency and can be poured and drunk. The product is typically consumed cold or at room temperature.","<strong>Cheese from cow’s milk</strong><br><br>This product is a firm dairy-based food product made from cow’s milk. Often known as cheese for pizza. When heated it has a smooth, creamy to chewy, elastic consistency. The product is typically consumed warm or at room temperature.","<strong>Douhua</strong><br><br>This product is a soft, firm, soy-based food product made from coagulated soymilk. It has a soft, firm consistency that holds its shape but can be easily divided with a spoon. The product is typically consumed cold or warm.","<strong>Yuba (tofu skin)</strong><br><br>This product is a rubbery, firm, soy-based food product made from coagulated soy milk. It has a rubbery, firm consistency that holds its shape, and are easy to chew. The product is typically consumed warm.","<strong>Yoghurt from cow’s milk</strong><br><br>This product is a creamy, dairy-based food product made from fermented cow’s milk. It has a creamy consistency and can be eaten with a spoon. The product is typically consumed cold.","https://raw.githubusercontent.com/HjorthenA/SoyDairyProducts/main/"
488,"DAIRY_LIQ","SOY_SEMI","SOY_LIQ","DAIRY_SEMI","DAIRY_SOLID","SOY_SOLID","<strong>Cow’s milk</strong><br><br>This product is a liquid, dairy-based food product made from cow’s milk. It has a uniform, liquid consistency and can be poured and drunk. The product is typically consumed cold or at room temperature.","<strong>Douhua</strong><br><br>This product is a soft, firm, soy-based food product made from coagulated soymilk. It has a soft, firm consistency that holds its shape but can be easily divided with a spoon. The product is typically consumed cold or warm.","<strong>Soy milk</strong><br><br>This product is a liquid, soy-based food product made from soybeans. It has a uniform, liquid consistency and can be poured and drunk. The product is typically consumed cold or at room temperature.","<strong>Yoghurt from cow’s milk</strong><br><br>This product is a creamy, dairy-based food product made from fermented cow’s milk. It has a creamy consistency and can be eaten with a spoon. The product is typically consumed cold.","<strong>Cheese from cow’s milk</strong><br><br>This product is a firm dairy-based food product made from cow’s milk. Often known as cheese for pizza. When heated it has a smooth, creamy to chewy, elastic consistency. The product is typically consumed warm or at room temperature.","<strong>Yuba (tofu skin)</strong><br><br>This product is a rubbery, firm, soy-based food product made from coagulated soy milk. It has a rubbery, firm consistency that holds its shape, and are easy to chew. The product is typically consumed warm.","https://raw.githubusercontent.com/HjorthenA/SoyDairyProducts/main/"
489,"SOY_SEMI","DAIRY_SEMI","DAIRY_LIQ","SOY_SOLID","SOY_LIQ","DAIRY_SOLID","<strong>Douhua</strong><br><br>This product is a soft, firm, soy-based food product made from coagulated soymilk. It has a soft, firm consistency that holds its shape but can be easily divided with a spoon. The product is typically consumed cold or warm.","<strong>Yoghurt from cow’s milk</strong><br><br>This product is a creamy, dairy-based food product made from fermented cow’s milk. It has a creamy consistency and can be eaten with a spoon. The product is typically consumed cold.","<strong>Cow’s milk</strong><br><br>This product is a liquid, dairy-based food product made from cow’s milk. It has a uniform, liquid consistency and can be poured and drunk. The product is typically consumed cold or at room temperature.","<strong>Yuba (tofu skin)</strong><br><br>This product is a rubbery, firm, soy-based food product made from coagulated soy milk. It has a rubbery, firm consistency that holds its shape, and are easy to chew. The product is typically consumed warm.","<strong>Soy milk</strong><br><br>This product is a liquid, soy-based food product made from soybeans. It has a uniform, liquid consistency and can be poured and drunk. The product is typically consumed cold or at room temperature.","<strong>Cheese from cow’s milk</strong><br><br>This product is a firm dairy-based food product made from cow’s milk. Often known as cheese for pizza. When heated it has a smooth, creamy to chewy, elastic consistency. The product is typically consumed warm or at room temperature.","https://raw.githubusercontent.com/HjorthenA/SoyDairyProducts/main/"
490,"DAIRY_SEMI","SOY_SOLID","SOY_SEMI","DAIRY_SOLID","DAIRY_LIQ","SOY_LIQ","<strong>Yoghurt from cow’s milk</strong><br><br>This product is a creamy, dairy-based food product made from fermented cow’s milk. It has a creamy consistency and can be eaten with a spoon. The product is typically consumed cold.","<strong>Yuba (tofu skin)</strong><br><br>This product is a rubbery, firm, soy-based food product made from coagulated soy milk. It has a rubbery, firm consistency that holds its shape, and are easy to chew. The product is typically consumed warm.","<strong>Douhua</strong><br><br>This product is a soft, firm, soy-based food product made from coagulated soymilk. It has a soft, firm consistency that holds its shape but can be easily divided with a spoon. The product is typically consumed cold or warm.","<strong>Cheese from cow’s milk</strong><br><br>This product is a firm dairy-based food product made from cow’s milk. Often known as cheese for pizza. When heated it has a smooth, creamy to chewy, elastic consistency. The product is typically consumed warm or at room temperature.","<strong>Cow’s milk</strong><br><br>This product is a liquid, dairy-based food product made from cow’s milk. It has a uniform, liquid consistency and can be poured and drunk. The product is typically consumed cold or at room temperature.","<strong>Soy milk</strong><br><br>This product is a liquid, soy-based food product made from soybeans. It has a uniform, liquid consistency and can be poured and drunk. The product is typically consumed cold or at room temperature.","https://raw.githubusercontent.com/HjorthenA/SoyDairyProducts/main/"
491,"SOY_SOLID","DAIRY_SOLID","DAIRY_SEMI","SOY_LIQ","SOY_SEMI","DAIRY_LIQ","<strong>Yuba (tofu skin)</strong><br><br>This product is a rubbery, firm, soy-based food product made from coagulated soy milk. It has a rubbery, firm consistency that holds its shape, and are easy to chew. The product is typically consumed warm.","<strong>Cheese from cow’s milk</strong><br><br>This product is a firm dairy-based food product made from cow’s milk. Often known as cheese for pizza. When heated it has a smooth, creamy to chewy, elastic consistency. The product is typically consumed warm or at room temperature.","<strong>Yoghurt from cow’s milk</strong><br><br>This product is a creamy, dairy-based food product made from fermented cow’s milk. It has a creamy consistency and can be eaten with a spoon. The product is typically consumed cold.","<strong>Soy milk</strong><br><br>This product is a liquid, soy-based food product made from soybeans. It has a uniform, liquid consistency and can be poured and drunk. The product is typically consumed cold or at room temperature.","<strong>Douhua</strong><br><br>This product is a soft, firm, soy-based food product made from coagulated soymilk. It has a soft, firm consistency that holds its shape but can be easily divided with a spoon. The product is typically consumed cold or warm.","<strong>Cow’s milk</strong><br><br>This product is a liquid, dairy-based food product made from cow’s milk. It has a uniform, liquid consistency and can be poured and drunk. The product is typically consumed cold or at room temperature.","https://raw.githubusercontent.com/HjorthenA/SoyDairyProducts/main/"
492,"DAIRY_SOLID","SOY_LIQ","SOY_SOLID","DAIRY_LIQ","DAIRY_SEMI","SOY_SEMI","<strong>Cheese from cow’s milk</strong><br><br>This product is a firm dairy-based food product made from cow’s milk. Often known as cheese for pizza. When heated it has a smooth, creamy to chewy, elastic consistency. The product is typically consumed warm or at room temperature.","<strong>Soy milk</strong><br><br>This product is a liquid, soy-based food product made from soybeans. It has a uniform, liquid consistency and can be poured and drunk. The product is typically consumed cold or at room temperature.","<strong>Yuba (tofu skin)</strong><br><br>This product is a rubbery, firm, soy-based food product made from coagulated soy milk. It has a rubbery, firm consistency that holds its shape, and are easy to chew. The product is typically consumed warm.","<strong>Cow’s milk</strong><br><br>This product is a liquid, dairy-based food product made from cow’s milk. It has a uniform, liquid consistency and can be poured and drunk. The product is typically consumed cold or at room temperature.","<strong>Yoghurt from cow’s milk</strong><br><br>This product is a creamy, dairy-based food product made from fermented cow’s milk. It has a creamy consistency and can be eaten with a spoon. The product is typically consumed cold.","<strong>Douhua</strong><br><br>This product is a soft, firm, soy-based food product made from coagulated soymilk. It has a soft, firm consistency that holds its shape but can be easily divided with a spoon. The product is typically consumed cold or warm.","https://raw.githubusercontent.com/HjorthenA/SoyDairyProducts/main/"
493,"SOY_LIQ","DAIRY_LIQ","DAIRY_SOLID","SOY_SEMI","SOY_SOLID","DAIRY_SEMI","<strong>Soy milk</strong><br><br>This product is a liquid, soy-based food product made from soybeans. It has a uniform, liquid consistency and can be poured and drunk. The product is typically consumed cold or at room temperature.","<strong>Cow’s milk</strong><br><br>This product is a liquid, dairy-based food product made from cow’s milk. It has a uniform, liquid consistency and can be poured and drunk. The product is typically consumed cold or at room temperature.","<strong>Cheese from cow’s milk</strong><br><br>This product is a firm dairy-based food product made from cow’s milk. Often known as cheese for pizza. When heated it has a smooth, creamy to chewy, elastic consistency. The product is typically consumed warm or at room temperature.","<strong>Douhua</strong><br><br>This product is a soft, firm, soy-based food product made from coagulated soymilk. It has a soft, firm consistency that holds its shape but can be easily divided with a spoon. The product is typically consumed cold or warm.","<strong>Yuba (tofu skin)</strong><br><br>This product is a rubbery, firm, soy-based food product made from coagulated soy milk. It has a rubbery, firm consistency that holds its shape, and are easy to chew. The product is typically consumed warm.","<strong>Yoghurt from cow’s milk</strong><br><br>This product is a creamy, dairy-based food product made from fermented cow’s milk. It has a creamy consistency and can be eaten with a spoon. The product is typically consumed cold.","https://raw.githubusercontent.com/HjorthenA/SoyDairyProducts/main/"
494,"DAIRY_LIQ","SOY_SEMI","SOY_LIQ","DAIRY_SEMI","DAIRY_SOLID","SOY_SOLID","<strong>Cow’s milk</strong><br><br>This product is a liquid, dairy-based food product made from cow’s milk. It has a uniform, liquid consistency and can be poured and drunk. The product is typically consumed cold or at room temperature.","<strong>Douhua</strong><br><br>This product is a soft, firm, soy-based food product made from coagulated soymilk. It has a soft, firm consistency that holds its shape but can be easily divided with a spoon. The product is typically consumed cold or warm.","<strong>Soy milk</strong><br><br>This product is a liquid, soy-based food product made from soybeans. It has a uniform, liquid consistency and can be poured and drunk. The product is typically consumed cold or at room temperature.","<strong>Yoghurt from cow’s milk</strong><br><br>This product is a creamy, dairy-based food product made from fermented cow’s milk. It has a creamy consistency and can be eaten with a spoon. The product is typically consumed cold.","<strong>Cheese from cow’s milk</strong><br><br>This product is a firm dairy-based food product made from cow’s milk. Often known as cheese for pizza. When heated it has a smooth, creamy to chewy, elastic consistency. The product is typically consumed warm or at room temperature.","<strong>Yuba (tofu skin)</strong><br><br>This product is a rubbery, firm, soy-based food product made from coagulated soy milk. It has a rubbery, firm consistency that holds its shape, and are easy to chew. The product is typically consumed warm.","https://raw.githubusercontent.com/HjorthenA/SoyDairyProducts/main/"
495,"SOY_SEMI","DAIRY_SEMI","DAIRY_LIQ","SOY_SOLID","SOY_LIQ","DAIRY_SOLID","<strong>Douhua</strong><br><br>This product is a soft, firm, soy-based food product made from coagulated soymilk. It has a soft, firm consistency that holds its shape but can be easily divided with a spoon. The product is typically consumed cold or warm.","<strong>Yoghurt from cow’s milk</strong><br><br>This product is a creamy, dairy-based food product made from fermented cow’s milk. It has a creamy consistency and can be eaten with a spoon. The product is typically consumed cold.","<strong>Cow’s milk</strong><br><br>This product is a liquid, dairy-based food product made from cow’s milk. It has a uniform, liquid consistency and can be poured and drunk. The product is typically consumed cold or at room temperature.","<strong>Yuba (tofu skin)</strong><br><br>This product is a rubbery, firm, soy-based food product made from coagulated soy milk. It has a rubbery, firm consistency that holds its shape, and are easy to chew. The product is typically consumed warm.","<strong>Soy milk</strong><br><br>This product is a liquid, soy-based food product made from soybeans. It has a uniform, liquid consistency and can be poured and drunk. The product is typically consumed cold or at room temperature.","<strong>Cheese from cow’s milk</strong><br><br>This product is a firm dairy-based food product made from cow’s milk. Often known as cheese for pizza. When heated it has a smooth, creamy to chewy, elastic consistency. The product is typically consumed warm or at room temperature.","https://raw.githubusercontent.com/HjorthenA/SoyDairyProducts/main/"
496,"DAIRY_SEMI","SOY_SOLID","SOY_SEMI","DAIRY_SOLID","DAIRY_LIQ","SOY_LIQ","<strong>Yoghurt from cow’s milk</strong><br><br>This product is a creamy, dairy-based food product made from fermented cow’s milk. It has a creamy consistency and can be eaten with a spoon. The product is typically consumed cold.","<strong>Yuba (tofu skin)</strong><br><br>This product is a rubbery, firm, soy-based food product made from coagulated soy milk. It has a rubbery, firm consistency that holds its shape, and are easy to chew. The product is typically consumed warm.","<strong>Douhua</strong><br><br>This product is a soft, firm, soy-based food product made from coagulated soymilk. It has a soft, firm consistency that holds its shape but can be easily divided with a spoon. The product is typically consumed cold or warm.","<strong>Cheese from cow’s milk</strong><br><br>This product is a firm dairy-based food product made from cow’s milk. Often known as cheese for pizza. When heated it has a smooth, creamy to chewy, elastic consistency. The product is typically consumed warm or at room temperature.","<strong>Cow’s milk</strong><br><br>This product is a liquid, dairy-based food product made from cow’s milk. It has a uniform, liquid consistency and can be poured and drunk. The product is typically consumed cold or at room temperature.","<strong>Soy milk</strong><br><br>This product is a liquid, soy-based food product made from soybeans. It has a uniform, liquid consistency and can be poured and drunk. The product is typically consumed cold or at room temperature.","https://raw.githubusercontent.com/HjorthenA/SoyDairyProducts/main/"
497,"SOY_SOLID","DAIRY_SOLID","DAIRY_SEMI","SOY_LIQ","SOY_SEMI","DAIRY_LIQ","<strong>Yuba (tofu skin)</strong><br><br>This product is a rubbery, firm, soy-based food product made from coagulated soy milk. It has a rubbery, firm consistency that holds its shape, and are easy to chew. The product is typically consumed warm.","<strong>Cheese from cow’s milk</strong><br><br>This product is a firm dairy-based food product made from cow’s milk. Often known as cheese for pizza. When heated it has a smooth, creamy to chewy, elastic consistency. The product is typically consumed warm or at room temperature.","<strong>Yoghurt from cow’s milk</strong><br><br>This product is a creamy, dairy-based food product made from fermented cow’s milk. It has a creamy consistency and can be eaten with a spoon. The product is typically consumed cold.","<strong>Soy milk</strong><br><br>This product is a liquid, soy-based food product made from soybeans. It has a uniform, liquid consistency and can be poured and drunk. The product is typically consumed cold or at room temperature.","<strong>Douhua</strong><br><br>This product is a soft, firm, soy-based food product made from coagulated soymilk. It has a soft, firm consistency that holds its shape but can be easily divided with a spoon. The product is typically consumed cold or warm.","<strong>Cow’s milk</strong><br><br>This product is a liquid, dairy-based food product made from cow’s milk. It has a uniform, liquid consistency and can be poured and drunk. The product is typically consumed cold or at room temperature.","https://raw.githubusercontent.com/HjorthenA/SoyDairyProducts/main/"
498,"DAIRY_SOLID","SOY_LIQ","SOY_SOLID","DAIRY_LIQ","DAIRY_SEMI","SOY_SEMI","<strong>Cheese from cow’s milk</strong><br><br>This product is a firm dairy-based food product made from cow’s milk. Often known as cheese for pizza. When heated it has a smooth, creamy to chewy, elastic consistency. The product is typically consumed warm or at room temperature.","<strong>Soy milk</strong><br><br>This product is a liquid, soy-based food product made from soybeans. It has a uniform, liquid consistency and can be poured and drunk. The product is typically consumed cold or at room temperature.","<strong>Yuba (tofu skin)</strong><br><br>This product is a rubbery, firm, soy-based food product made from coagulated soy milk. It has a rubbery, firm consistency that holds its shape, and are easy to chew. The product is typically consumed warm.","<strong>Cow’s milk</strong><br><br>This product is a liquid, dairy-based food product made from cow’s milk. It has a uniform, liquid consistency and can be poured and drunk. The product is typically consumed cold or at room temperature.","<strong>Yoghurt from cow’s milk</strong><br><br>This product is a creamy, dairy-based food product made from fermented cow’s milk. It has a creamy consistency and can be eaten with a spoon. The product is typically consumed cold.","<strong>Douhua</strong><br><br>This product is a soft, firm, soy-based food product made from coagulated soymilk. It has a soft, firm consistency that holds its shape but can be easily divided with a spoon. The product is typically consumed cold or warm.","https://raw.githubusercontent.com/HjorthenA/SoyDairyProducts/main/"
499,"SOY_LIQ","DAIRY_LIQ","DAIRY_SOLID","SOY_SEMI","SOY_SOLID","DAIRY_SEMI","<strong>Soy milk</strong><br><br>This product is a liquid, soy-based food product made from soybeans. It has a uniform, liquid consistency and can be poured and drunk. The product is typically consumed cold or at room temperature.","<strong>Cow’s milk</strong><br><br>This product is a liquid, dairy-based food product made from cow’s milk. It has a uniform, liquid consistency and can be poured and drunk. The product is typically consumed cold or at room temperature.","<strong>Cheese from cow’s milk</strong><br><br>This product is a firm dairy-based food product made from cow’s milk. Often known as cheese for pizza. When heated it has a smooth, creamy to chewy, elastic consistency. The product is typically consumed warm or at room temperature.","<strong>Douhua</strong><br><br>This product is a soft, firm, soy-based food product made from coagulated soymilk. It has a soft, firm consistency that holds its shape but can be easily divided with a spoon. The product is typically consumed cold or warm.","<strong>Yuba (tofu skin)</strong><br><br>This product is a rubbery, firm, soy-based food product made from coagulated soy milk. It has a rubbery, firm consistency that holds its shape, and are easy to chew. The product is typically consumed warm.","<strong>Yoghurt from cow’s milk</strong><br><br>This product is a creamy, dairy-based food product made from fermented cow’s milk. It has a creamy consistency and can be eaten with a spoon. The product is typically consumed cold.","https://raw.githubusercontent.com/HjorthenA/SoyDairyProducts/main/"
500,"DAIRY_LIQ","SOY_SEMI","SOY_LIQ","DAIRY_SEMI","DAIRY_SOLID","SOY_SOLID","<strong>Cow’s milk</strong><br><br>This product is a liquid, dairy-based food product made from cow’s milk. It has a uniform, liquid consistency and can be poured and drunk. The product is typically consumed cold or at room temperature.","<strong>Douhua</strong><br><br>This product is a soft, firm, soy-based food product made from coagulated soymilk. It has a soft, firm consistency that holds its shape but can be easily divided with a spoon. The product is typically consumed cold or warm.","<strong>Soy milk</strong><br><br>This product is a liquid, soy-based food product made from soybeans. It has a uniform, liquid consistency and can be poured and drunk. The product is typically consumed cold or at room temperature.","<strong>Yoghurt from cow’s milk</strong><br><br>This product is a creamy, dairy-based food product made from fermented cow’s milk. It has a creamy consistency and can be eaten with a spoon. The product is typically consumed cold.","<strong>Cheese from cow’s milk</strong><br><br>This product is a firm dairy-based food product made from cow’s milk. Often known as cheese for pizza. When heated it has a smooth, creamy to chewy, elastic consistency. The product is typically consumed warm or at room temperature.","<strong>Yuba (tofu skin)</strong><br><br>This product is a rubbery, firm, soy-based food product made from coagulated soy milk. It has a rubbery, firm consistency that holds its shape, and are easy to chew. The product is typically consumed warm.","https://raw.githubusercontent.com/HjorthenA/SoyDairyProducts/main/"
